eval_index,frame_original_index,mask_original_index,pred_path,gt_path,mask_path,pred_name,gt_name,mask_name,pred_stem,gt_stem,mask_stem,pred_orig_size,gt_orig_size,mask_orig_size,pred_gt_same_name,gt_mask_same_name,mask_ratio,hole_pixels,PSNR_all,PSNR_hole,SSIM_all,SSIM_hole,PSNR_nomask,SSIM_nomask,LPIPS,nonmask_dil30_ratio,PSNR_nonmask_dil30,SSIM_nonmask_dil30,hole_psnr_gt_all,jump_image,jump_mask,gt_original_index,aligned_pair
0,0,0,results/B_mask_20_30_reliability_inference/frames/0000.png,/root/autodl-tmp/Inpainting/BundleFusion/B_imgs_gt/office0/00000.jpg,/root/autodl-tmp/Inpainting/masks/irregular_mask/mask_rates_20_30/0000000.png,0000.png,00000.jpg,0000000.png,0000,00000,0000000,"[256, 256]","[256, 256]","[256, 256]",False,False,0.22747802734375,14908,35.19349256796895,28.762886914123087,0.9846180081367493,0.9797332882881165,99.0,0.9987604022026062,0.016246678307652473,0.3898162841796875,99.0,0.9833528399467468,False,0,0,0,pred[0] <-> gt[0] <-> mask[0]
1,1,1,results/B_mask_20_30_reliability_inference/line_debug/0000_center.png,/root/autodl-tmp/Inpainting/BundleFusion/B_imgs_gt/office0/00002.jpg,/root/autodl-tmp/Inpainting/masks/irregular_mask/mask_rates_20_30/0000009.png,0000_center.png,00002.jpg,0000009.png,0000_center,00002,0000009,"[256, 256]","[256, 256]","[256, 256]",False,False,0.2275238037109375,14911,4.1870025963176465,3.5395740680873153,0.008135094307363033,0.009417722932994366,4.397669927123248,0.009923660196363926,0.7365701198577881,0.263824462890625,3.769868427223235,0.009343399666249752,False,0,0,1,pred[1] <-> gt[1] <-> mask[1]
2,2,2,results/B_mask_20_30_reliability_inference/line_debug/0000_reliability.png,/root/autodl-tmp/Inpainting/BundleFusion/B_imgs_gt/office0/00004.jpg,/root/autodl-tmp/Inpainting/masks/irregular_mask/mask_rates_20_30/0000015.png,0000_reliability.png,00004.jpg,0000015.png,0000_reliability,00004,0000015,"[256, 256]","[256, 256]","[256, 256]",False,False,0.2032470703125,13320,4.334124489120838,3.2814476795753302,0.013619296252727509,-0.006697962526232004,4.649152133967656,0.0177981685847044,0.7052170038223267,0.2203216552734375,3.3277843688739113,-0.0012302601244300604,False,0,0,2,pred[2] <-> gt[2] <-> mask[2]
3,3,3,results/B_mask_20_30_reliability_inference/line_debug/0000_soft.png,/root/autodl-tmp/Inpainting/BundleFusion/B_imgs_gt/office0/00006.jpg,/root/autodl-tmp/Inpainting/masks/irregular_mask/mask_rates_20_30/0000021.png,0000_soft.png,00006.jpg,0000021.png,0000_soft,00006,0000021,"[256, 256]","[256, 256]","[256, 256]",False,False,0.2685089111328125,17597,4.352685213053565,3.1149008550097763,0.017828604206442833,0.017875351011753082,4.913049360862188,0.019947437569499016,0.7046157717704773,0.329925537109375,3.881462275762886,0.017828604206442833,False,0,0,3,pred[3] <-> gt[3] <-> mask[3]
4,4,4,results/B_mask_20_30_reliability_inference/frames/0001.png,/root/autodl-tmp/Inpainting/BundleFusion/B_imgs_gt/office0/00008.jpg,/root/autodl-tmp/Inpainting/masks/irregular_mask/mask_rates_20_30/0000025.png,0001.png,00008.jpg,0000025.png,0001,00008,0000025,"[256, 256]","[256, 256]","[256, 256]",False,False,0.2770538330078125,18157,12.750167409578395,12.877563525805984,0.4743851125240326,0.39255282282829285,12.702319286951605,0.5352284908294678,0.34929782152175903,0.3156280517578125,13.647515338914143,0.3743385970592499,True,0,0,4,pred[4] <-> gt[4] <-> mask[4]
5,5,5,results/B_mask_20_30_reliability_inference/line_debug/0001_center.png,/root/autodl-tmp/Inpainting/BundleFusion/B_imgs_gt/office0/00010.jpg,/root/autodl-tmp/Inpainting/masks/irregular_mask/mask_rates_20_30/0000028.png,0001_center.png,00010.jpg,0000028.png,0001_center,00010,0000028,"[256, 256]","[256, 256]","[256, 256]",False,False,0.2640380859375,17304,4.242673115070924,3.5549612856147412,0.009675207547843456,0.009892585687339306,4.518590671407185,0.012339809909462929,0.7140415906906128,0.3632049560546875,3.6897184200249393,0.00947173684835434,False,0,0,5,pred[5] <-> gt[5] <-> mask[5]
6,6,6,results/B_mask_20_30_reliability_inference/line_debug/0001_reliability.png,/root/autodl-tmp/Inpainting/BundleFusion/B_imgs_gt/office0/00012.jpg,/root/autodl-tmp/Inpainting/masks/irregular_mask/mask_rates_20_30/0000030.png,0001_reliability.png,00012.jpg,0000030.png,0001_reliability,00012,0000030,"[256, 256]","[256, 256]","[256, 256]",False,False,0.2465057373046875,16155,4.380626513986588,4.445327475993228,0.01770426705479622,0.011317471973598003,4.35966717508156,0.018835848197340965,0.7190069556236267,0.291534423828125,4.5680834714392144,0.01670333929359913,True,0,0,6,pred[6] <-> gt[6] <-> mask[6]
7,7,7,results/B_mask_20_30_reliability_inference/line_debug/0001_soft.png,/root/autodl-tmp/Inpainting/BundleFusion/B_imgs_gt/office0/00014.jpg,/root/autodl-tmp/Inpainting/masks/irregular_mask/mask_rates_20_30/0000032.png,0001_soft.png,00014.jpg,0000032.png,0001_soft,00014,0000032,"[256, 256]","[256, 256]","[256, 256]",False,False,0.28680419921875,18796,4.379082285627395,3.095026558175852,0.01820201613008976,0.010016744025051594,5.025742121372279,0.025833582505583763,0.717044472694397,0.393798828125,3.304078493857433,0.01663210056722164,False,0,0,7,pred[7] <-> gt[7] <-> mask[7]
8,8,8,results/B_mask_20_30_reliability_inference/frames/0002.png,/root/autodl-tmp/Inpainting/BundleFusion/B_imgs_gt/office0/00016.jpg,/root/autodl-tmp/Inpainting/masks/irregular_mask/mask_rates_20_30/0000036.png,0002.png,00016.jpg,0000036.png,0002,00016,0000036,"[256, 256]","[256, 256]","[256, 256]",False,False,0.203155517578125,13314,16.4239953867208,15.824571741208306,0.515454888343811,0.4050212800502777,16.591039275909413,0.5588362216949463,0.13134807348251343,0.20355224609375,16.103079746048202,0.3819465935230255,False,0,0,8,pred[8] <-> gt[8] <-> mask[8]
9,9,9,results/B_mask_20_30_reliability_inference/line_debug/0002_center.png,/root/autodl-tmp/Inpainting/BundleFusion/B_imgs_gt/office0/00018.jpg,/root/autodl-tmp/Inpainting/masks/irregular_mask/mask_rates_20_30/0000037.png,0002_center.png,00018.jpg,0000037.png,0002_center,00018,0000037,"[256, 256]","[256, 256]","[256, 256]",False,False,0.23388671875,15328,4.2276072501977096,2.7853801917526972,0.010703367181122303,-9.99565891106613e-05,4.783989222361417,0.014321521855890751,0.7056757211685181,0.252655029296875,3.051013387149197,0.004275216255337,False,0,0,9,pred[9] <-> gt[9] <-> mask[9]
10,10,10,results/B_mask_20_30_reliability_inference/line_debug/0002_reliability.png,/root/autodl-tmp/Inpainting/BundleFusion/B_imgs_gt/office0/00020.jpg,/root/autodl-tmp/Inpainting/masks/irregular_mask/mask_rates_20_30/0000041.png,0002_reliability.png,00020.jpg,0000041.png,0002_reliability,00020,0000041,"[256, 256]","[256, 256]","[256, 256]",False,False,0.2383270263671875,15619,4.385708025563169,2.776328656630544,0.020379528403282166,0.01308757159858942,5.042519808714373,0.024794718250632286,0.6928942799568176,0.241424560546875,3.1053863757799824,0.01855027675628662,False,0,0,10,pred[10] <-> gt[10] <-> mask[10]
11,11,11,results/B_mask_20_30_reliability_inference/line_debug/0002_soft.png,/root/autodl-tmp/Inpainting/BundleFusion/B_imgs_gt/office0/00022.jpg,/root/autodl-tmp/Inpainting/masks/irregular_mask/mask_rates_20_30/0000043.png,0002_soft.png,00022.jpg,0000043.png,0002_soft,00022,0000043,"[256, 256]","[256, 256]","[256, 256]",False,False,0.236785888671875,15518,4.304144008076394,3.689210223667605,0.019152730703353882,0.018432514742016792,4.514088028471909,0.020746173337101936,0.7218418121337891,0.3391265869140625,4.990477222319678,0.01922602206468582,False,0,0,11,pred[11] <-> gt[11] <-> mask[11]
12,12,12,results/B_mask_20_30_reliability_inference/frames/0003.png,/root/autodl-tmp/Inpainting/BundleFusion/B_imgs_gt/office0/00024.jpg,/root/autodl-tmp/Inpainting/masks/irregular_mask/mask_rates_20_30/0000049.png,0003.png,00024.jpg,0000049.png,0003,00024,0000049,"[256, 256]","[256, 256]","[256, 256]",False,False,0.2552490234375,16728,12.895824618596215,10.498189668283192,0.4443952143192291,0.43172526359558105,14.159961184359906,0.46746474504470825,0.5246866941452026,0.352783203125,13.130755108259828,0.4443952143192291,False,0,0,12,pred[12] <-> gt[12] <-> mask[12]
13,13,13,results/B_mask_20_30_reliability_inference/line_debug/0003_center.png,/root/autodl-tmp/Inpainting/BundleFusion/B_imgs_gt/office0/00026.jpg,/root/autodl-tmp/Inpainting/masks/irregular_mask/mask_rates_20_30/0000058.png,0003_center.png,00026.jpg,0000058.png,0003_center,00026,0000058,"[256, 256]","[256, 256]","[256, 256]",False,False,0.2100830078125,13768,4.468730713927593,3.1703334523882196,0.010280583053827286,0.010303579270839691,4.891108574955684,0.012892830185592175,0.8087981343269348,0.293182373046875,3.6905799774599135,0.010289284400641918,False,0,0,13,pred[13] <-> gt[13] <-> mask[13]
14,14,14,results/B_mask_20_30_reliability_inference/line_debug/0003_reliability.png,/root/autodl-tmp/Inpainting/BundleFusion/B_imgs_gt/office0/00028.jpg,/root/autodl-tmp/Inpainting/masks/irregular_mask/mask_rates_20_30/0000059.png,0003_reliability.png,00028.jpg,0000059.png,0003_reliability,00028,0000059,"[256, 256]","[256, 256]","[256, 256]",False,False,0.29742431640625,19492,4.717214597953704,4.457978781546367,0.020477445796132088,0.0205187126994133,4.831797340472516,0.019412601366639137,0.7971708178520203,0.4484710693359375,5.094576145328915,0.020477445796132088,False,0,0,14,pred[14] <-> gt[14] <-> mask[14]
15,15,15,results/B_mask_20_30_reliability_inference/line_debug/0003_soft.png,/root/autodl-tmp/Inpainting/BundleFusion/B_imgs_gt/office0/00030.jpg,/root/autodl-tmp/Inpainting/masks/irregular_mask/mask_rates_20_30/0000069.png,0003_soft.png,00030.jpg,0000069.png,0003_soft,00030,0000069,"[256, 256]","[256, 256]","[256, 256]",False,False,0.2117156982421875,13875,4.882902115043129,4.003302773191089,0.018253179267048836,0.015022676438093185,5.152994423735262,0.019352849572896957,0.8090192675590515,0.2505645751953125,5.055958599611969,0.017099453136324883,False,0,0,15,pred[15] <-> gt[15] <-> mask[15]
16,16,16,results/B_mask_20_30_reliability_inference/frames/0004.png,/root/autodl-tmp/Inpainting/BundleFusion/B_imgs_gt/office0/00032.jpg,/root/autodl-tmp/Inpainting/masks/irregular_mask/mask_rates_20_30/0000076.png,0004.png,00032.jpg,0000076.png,0004,00032,0000076,"[256, 256]","[256, 256]","[256, 256]",False,False,0.240692138671875,15774,8.1075696743733,10.241532656668914,0.22775419056415558,0.2397102564573288,7.60354924230068,0.22588539123535156,0.7982405424118042,0.2500762939453125,8.44841831573777,0.2246297001838684,True,0,0,16,pred[16] <-> gt[16] <-> mask[16]
17,17,17,results/B_mask_20_30_reliability_inference/line_debug/0004_center.png,/root/autodl-tmp/Inpainting/BundleFusion/B_imgs_gt/office0/00034.jpg,/root/autodl-tmp/Inpainting/masks/irregular_mask/mask_rates_20_30/0000105.png,0004_center.png,00034.jpg,0000105.png,0004_center,00034,0000105,"[256, 256]","[256, 256]","[256, 256]",False,False,0.20184326171875,13228,5.109692107087746,4.99828133829976,0.012104693800210953,0.01487801969051361,5.1383253160195395,0.009553350508213043,0.8067628741264343,0.3353118896484375,5.036530800372772,0.012663071043789387,False,0,0,17,pred[17] <-> gt[17] <-> mask[17]
18,18,18,results/B_mask_20_30_reliability_inference/line_debug/0004_reliability.png,/root/autodl-tmp/Inpainting/BundleFusion/B_imgs_gt/office0/00036.jpg,/root/autodl-tmp/Inpainting/masks/irregular_mask/mask_rates_20_30/0000107.png,0004_reliability.png,00036.jpg,0000107.png,0004_reliability,00036,0000107,"[256, 256]","[256, 256]","[256, 256]",False,False,0.22149658203125,14516,5.436844606201205,4.329101655232953,0.019913138821721077,0.008123128674924374,5.811567845085614,0.02288159914314747,0.8137468695640564,0.1522674560546875,4.64915402161009,0.017246948555111885,False,0,0,18,pred[18] <-> gt[18] <-> mask[18]
19,19,19,results/B_mask_20_30_reliability_inference/line_debug/0004_soft.png,/root/autodl-tmp/Inpainting/BundleFusion/B_imgs_gt/office0/00038.jpg,/root/autodl-tmp/Inpainting/masks/irregular_mask/mask_rates_20_30/0000113.png,0004_soft.png,00038.jpg,0000113.png,0004_soft,00038,0000113,"[256, 256]","[256, 256]","[256, 256]",False,False,0.2400665283203125,15733,5.702993425467434,4.598519851087383,0.01689125970005989,0.014849754981696606,6.119642692746238,0.021123748272657394,0.8089794516563416,0.3034210205078125,5.02710144266694,0.01640724390745163,False,0,0,19,pred[19] <-> gt[19] <-> mask[19]
20,20,20,results/B_mask_20_30_reliability_inference/frames/0005.png,/root/autodl-tmp/Inpainting/BundleFusion/B_imgs_gt/office0/00040.jpg,/root/autodl-tmp/Inpainting/masks/irregular_mask/mask_rates_20_30/0000114.png,0005.png,00040.jpg,0000114.png,0005,00040,0000114,"[256, 256]","[256, 256]","[256, 256]",False,False,0.2499237060546875,16379,7.602561203876025,6.145264775771711,0.20279572904109955,0.1834544688463211,8.221625201330415,0.2083478420972824,0.7876003980636597,0.1946868896484375,7.390384590304047,0.2010253667831421,False,0,0,20,pred[20] <-> gt[20] <-> mask[20]
21,21,21,results/B_mask_20_30_reliability_inference/line_debug/0005_center.png,/root/autodl-tmp/Inpainting/BundleFusion/B_imgs_gt/office0/00042.jpg,/root/autodl-tmp/Inpainting/masks/irregular_mask/mask_rates_20_30/0000117.png,0005_center.png,00042.jpg,0000117.png,0005_center,00042,0000117,"[256, 256]","[256, 256]","[256, 256]",False,False,0.2724761962890625,17857,5.616647710965857,3.575973583523085,0.011531596072018147,0.010401035659015179,6.721629440198336,0.01617136038839817,0.7981369495391846,0.318328857421875,5.974969498352194,0.011531596072018147,False,0,0,21,pred[21] <-> gt[21] <-> mask[21]
22,22,22,results/B_mask_20_30_reliability_inference/line_debug/0005_reliability.png,/root/autodl-tmp/Inpainting/BundleFusion/B_imgs_gt/office0/00044.jpg,/root/autodl-tmp/Inpainting/masks/irregular_mask/mask_rates_20_30/0000122.png,0005_reliability.png,00044.jpg,0000122.png,0005_reliability,00044,0000122,"[256, 256]","[256, 256]","[256, 256]",False,False,0.2872161865234375,18823,5.503549462787869,5.9150355581807705,0.009038706310093403,0.004595949314534664,5.3481662020783425,0.012795648537576199,0.8070697784423828,0.32891845703125,6.1129724894235835,0.007558883633464575,True,0,0,22,pred[22] <-> gt[22] <-> mask[22]
23,23,23,results/B_mask_20_30_reliability_inference/line_debug/0005_soft.png,/root/autodl-tmp/Inpainting/BundleFusion/B_imgs_gt/office0/00046.jpg,/root/autodl-tmp/Inpainting/masks/irregular_mask/mask_rates_20_30/0000131.png,0005_soft.png,00046.jpg,0000131.png,0005_soft,00046,0000131,"[256, 256]","[256, 256]","[256, 256]",False,False,0.208282470703125,13650,5.008169703187809,5.265311948690833,0.006275958847254515,0.005439193919301033,4.94297636512171,0.007196355145424604,0.7985827922821045,0.285614013671875,5.158526498334025,0.0055383737199008465,True,0,0,23,pred[23] <-> gt[23] <-> mask[23]
24,24,24,results/B_mask_20_30_reliability_inference/frames/0006.png,/root/autodl-tmp/Inpainting/BundleFusion/B_imgs_gt/office0/00048.jpg,/root/autodl-tmp/Inpainting/masks/irregular_mask/mask_rates_20_30/0000145.png,0006.png,00048.jpg,0000145.png,0006,00048,0000145,"[256, 256]","[256, 256]","[256, 256]",False,False,0.247650146484375,16230,8.778100317603696,11.806443201688984,0.25780048966407776,0.30943337082862854,8.113846687142402,0.2646940052509308,0.7508706450462341,0.253692626953125,12.034505182782882,0.2622440755367279,True,0,0,24,pred[24] <-> gt[24] <-> mask[24]
25,25,25,results/B_mask_20_30_reliability_inference/line_debug/0006_center.png,/root/autodl-tmp/Inpainting/BundleFusion/B_imgs_gt/office0/00050.jpg,/root/autodl-tmp/Inpainting/masks/irregular_mask/mask_rates_20_30/0000149.png,0006_center.png,00050.jpg,0000149.png,0006_center,00050,0000149,"[256, 256]","[256, 256]","[256, 256]",False,False,0.2644805908203125,17333,4.506210645671395,5.578384862549819,0.0009874115930870175,0.0008666456560604274,4.177349165083354,0.00038648367626592517,0.8030025362968445,0.421112060546875,4.604251149536535,0.0009874115930870175,True,0,0,25,pred[25] <-> gt[25] <-> mask[25]
26,26,26,results/B_mask_20_30_reliability_inference/line_debug/0006_reliability.png,/root/autodl-tmp/Inpainting/BundleFusion/B_imgs_gt/office0/00052.jpg,/root/autodl-tmp/Inpainting/masks/irregular_mask/mask_rates_20_30/0000150.png,0006_reliability.png,00052.jpg,0000150.png,0006_reliability,00052,0000150,"[256, 256]","[256, 256]","[256, 256]",False,False,0.2770233154296875,18155,4.434763778356074,4.3424440903666515,0.0035143971908837557,0.0034062957856804132,4.470664150328565,0.003283015452325344,0.8362123370170593,0.260528564453125,4.3401837486174415,0.00311841513030231,False,0,0,26,pred[26] <-> gt[26] <-> mask[26]
27,27,27,results/B_mask_20_30_reliability_inference/line_debug/0006_soft.png,/root/autodl-tmp/Inpainting/BundleFusion/B_imgs_gt/office0/00054.jpg,/root/autodl-tmp/Inpainting/masks/irregular_mask/mask_rates_20_30/0000159.png,0006_soft.png,00054.jpg,0000159.png,0006_soft,00054,0000159,"[256, 256]","[256, 256]","[256, 256]",False,False,0.2857513427734375,18727,4.0088328965177915,4.118798744369519,0.004271483980119228,0.004271483980119228,3.96560660841762,0.0037526306696236134,0.8412901759147644,0.3582763671875,4.225041356738792,0.004271483980119228,True,0,0,27,pred[27] <-> gt[27] <-> mask[27]
28,28,28,results/B_mask_20_30_reliability_inference/frames/0007.png,/root/autodl-tmp/Inpainting/BundleFusion/B_imgs_gt/office0/00056.jpg,/root/autodl-tmp/Inpainting/masks/irregular_mask/mask_rates_20_30/0000162.png,0007.png,00056.jpg,0000162.png,0007,00056,0000162,"[256, 256]","[256, 256]","[256, 256]",False,False,0.2151641845703125,14101,9.289527435085379,10.849691499268356,0.3007485568523407,0.26630622148513794,8.944296299560477,0.2775336802005768,0.7741708159446716,0.198333740234375,8.953210503466398,0.2397162914276123,True,0,0,28,pred[28] <-> gt[28] <-> mask[28]
29,29,29,results/B_mask_20_30_reliability_inference/line_debug/0007_center.png,/root/autodl-tmp/Inpainting/BundleFusion/B_imgs_gt/office0/00058.jpg,/root/autodl-tmp/Inpainting/masks/irregular_mask/mask_rates_20_30/0000176.png,0007_center.png,00058.jpg,0000176.png,0007_center,00058,0000176,"[256, 256]","[256, 256]","[256, 256]",False,False,0.2762451171875,18104,4.242534575088319,3.5241715365646358,0.005055065732449293,0.0031275611836463213,4.551431577823987,0.006377949845045805,0.8311982750892639,0.3496246337890625,3.6109465202779676,0.005071580875664949,False,0,0,29,pred[29] <-> gt[29] <-> mask[29]
30,30,30,results/B_mask_20_30_reliability_inference/line_debug/0007_reliability.png,/root/autodl-tmp/Inpainting/BundleFusion/B_imgs_gt/office0/00060.jpg,/root/autodl-tmp/Inpainting/masks/irregular_mask/mask_rates_20_30/0000185.png,0007_reliability.png,00060.jpg,0000185.png,0007_reliability,00060,0000185,"[256, 256]","[256, 256]","[256, 256]",False,False,0.296478271484375,19430,4.298126319789545,3.7279685156435463,0.011958315037190914,0.010413388721644878,4.562791216627394,0.013290241360664368,0.8193798065185547,0.400146484375,4.5076985364852895,0.011635310016572475,False,0,0,30,pred[30] <-> gt[30] <-> mask[30]
31,31,31,results/B_mask_20_30_reliability_inference/line_debug/0007_soft.png,/root/autodl-tmp/Inpainting/BundleFusion/B_imgs_gt/office0/00062.jpg,/root/autodl-tmp/Inpainting/masks/irregular_mask/mask_rates_20_30/0000209.png,0007_soft.png,00062.jpg,0000209.png,0007_soft,00062,0000209,"[256, 256]","[256, 256]","[256, 256]",False,False,0.2394256591796875,15691,4.162543345910742,3.122618057657827,0.012976318597793579,0.012976318597793579,4.549133622715118,0.015326889231801033,0.7746428847312927,0.2568359375,3.12176171329994,0.012976318597793579,False,0,0,31,pred[31] <-> gt[31] <-> mask[31]
32,32,32,results/B_mask_20_30_reliability_inference/frames/0008.png,/root/autodl-tmp/Inpainting/BundleFusion/B_imgs_gt/office0/00064.jpg,/root/autodl-tmp/Inpainting/masks/irregular_mask/mask_rates_20_30/0000214.png,0008.png,00064.jpg,0000214.png,0008,00064,0000214,"[256, 256]","[256, 256]","[256, 256]",False,False,0.277618408203125,18194,10.328911304651282,9.743706552336567,0.367510586977005,0.38753995299339294,10.576598534641823,0.3009699881076813,0.6392614245414734,0.2480926513671875,10.329151133217717,0.383383184671402,False,0,0,32,pred[32] <-> gt[32] <-> mask[32]
33,33,33,results/B_mask_20_30_reliability_inference/line_debug/0008_center.png,/root/autodl-tmp/Inpainting/BundleFusion/B_imgs_gt/office0/00066.jpg,/root/autodl-tmp/Inpainting/masks/irregular_mask/mask_rates_20_30/0000221.png,0008_center.png,00066.jpg,0000221.png,0008_center,00066,0000221,"[256, 256]","[256, 256]","[256, 256]",False,False,0.2174835205078125,14253,4.992827889898653,3.2139051581527553,0.014636247418820858,0.0022442403715103865,5.651362437427579,0.017470669001340866,0.7697780132293701,0.224365234375,3.703887083008498,0.006984924431890249,False,0,0,33,pred[33] <-> gt[33] <-> mask[33]
34,34,34,results/B_mask_20_30_reliability_inference/line_debug/0008_reliability.png,/root/autodl-tmp/Inpainting/BundleFusion/B_imgs_gt/office0/00068.jpg,/root/autodl-tmp/Inpainting/masks/irregular_mask/mask_rates_20_30/0000225.png,0008_reliability.png,00068.jpg,0000225.png,0008_reliability,00068,0000225,"[256, 256]","[256, 256]","[256, 256]",False,False,0.281707763671875,18462,5.560912270573293,6.783409565543387,0.02486136555671692,0.024792803451418877,5.161931547309022,0.02067602425813675,0.761316180229187,0.2972259521484375,6.125168461021394,0.02451462484896183,True,0,0,34,pred[34] <-> gt[34] <-> mask[34]
35,35,35,results/B_mask_20_30_reliability_inference/line_debug/0008_soft.png,/root/autodl-tmp/Inpainting/BundleFusion/B_imgs_gt/office0/00070.jpg,/root/autodl-tmp/Inpainting/masks/irregular_mask/mask_rates_20_30/0000229.png,0008_soft.png,00070.jpg,0000229.png,0008_soft,00070,0000229,"[256, 256]","[256, 256]","[256, 256]",False,False,0.2266387939453125,14853,5.495310580183997,4.232984508737492,0.026567116379737854,0.026495197787880898,5.947347284765112,0.02759503573179245,0.767281711101532,0.371368408203125,4.82202380309268,0.02660249173641205,False,0,0,35,pred[35] <-> gt[35] <-> mask[35]
36,36,36,results/B_mask_20_30_reliability_inference/frames/0009.png,/root/autodl-tmp/Inpainting/BundleFusion/B_imgs_gt/office0/00072.jpg,/root/autodl-tmp/Inpainting/masks/irregular_mask/mask_rates_20_30/0000250.png,0009.png,00072.jpg,0000250.png,0009,00072,0000250,"[256, 256]","[256, 256]","[256, 256]",False,False,0.217926025390625,14282,7.593863215571661,8.751642467470884,0.22219718992710114,0.20042534172534943,7.319519661696683,0.21836115419864655,0.7704129219055176,0.2225494384765625,10.02311473505953,0.20619964599609375,True,0,0,36,pred[36] <-> gt[36] <-> mask[36]
37,37,37,results/B_mask_20_30_reliability_inference/line_debug/0009_center.png,/root/autodl-tmp/Inpainting/BundleFusion/B_imgs_gt/office0/00074.jpg,/root/autodl-tmp/Inpainting/masks/irregular_mask/mask_rates_20_30/0000252.png,0009_center.png,00074.jpg,0000252.png,0009_center,00074,0000252,"[256, 256]","[256, 256]","[256, 256]",False,False,0.2646484375,17344,5.388032743879476,5.760930953972938,0.01617291569709778,0.01748712919652462,5.261296744144325,0.013675160706043243,0.7950130701065063,0.2658233642578125,4.952375634948338,0.01612175442278385,True,0,0,37,pred[37] <-> gt[37] <-> mask[37]
38,38,38,results/B_mask_20_30_reliability_inference/line_debug/0009_reliability.png,/root/autodl-tmp/Inpainting/BundleFusion/B_imgs_gt/office0/00076.jpg,/root/autodl-tmp/Inpainting/masks/irregular_mask/mask_rates_20_30/0000256.png,0009_reliability.png,00076.jpg,0000256.png,0009_reliability,00076,0000256,"[256, 256]","[256, 256]","[256, 256]",False,False,0.2706298828125,17736,6.029884176459647,6.261099269177988,0.032747313380241394,0.033192284405231476,5.947129921497098,0.03476666286587715,0.7856817245483398,0.2601165771484375,5.268771749453764,0.032260049134492874,True,0,0,38,pred[38] <-> gt[38] <-> mask[38]
39,39,39,results/B_mask_20_30_reliability_inference/line_debug/0009_soft.png,/root/autodl-tmp/Inpainting/BundleFusion/B_imgs_gt/office0/00078.jpg,/root/autodl-tmp/Inpainting/masks/irregular_mask/mask_rates_20_30/0000262.png,0009_soft.png,00078.jpg,0000262.png,0009_soft,00078,0000262,"[256, 256]","[256, 256]","[256, 256]",False,False,0.2174530029296875,14251,6.260476526797777,4.508415203968308,0.036696020513772964,0.03992486000061035,6.905860867751495,0.042782362550497055,0.7751588821411133,0.2366180419921875,7.303482437267235,0.03672533854842186,False,0,0,39,pred[39] <-> gt[39] <-> mask[39]
40,40,40,results/B_mask_20_30_reliability_inference/frames/0010.png,/root/autodl-tmp/Inpainting/BundleFusion/B_imgs_gt/office0/00080.jpg,/root/autodl-tmp/Inpainting/masks/irregular_mask/mask_rates_20_30/0000263.png,0010.png,00080.jpg,0000263.png,0010,00080,0000263,"[256, 256]","[256, 256]","[256, 256]",False,False,0.2305908203125,15112,6.207624155949707,6.6784739596629485,0.15103498101234436,0.14933599531650543,6.075909639420656,0.15145279467105865,0.7530912160873413,0.3407745361328125,5.228129826427624,0.15103498101234436,True,0,0,40,pred[40] <-> gt[40] <-> mask[40]
41,41,41,results/B_mask_20_30_reliability_inference/line_debug/0010_center.png,/root/autodl-tmp/Inpainting/BundleFusion/B_imgs_gt/office0/00082.jpg,/root/autodl-tmp/Inpainting/masks/irregular_mask/mask_rates_20_30/0000273.png,0010_center.png,00082.jpg,0000273.png,0010_center,00082,0000273,"[256, 256]","[256, 256]","[256, 256]",False,False,0.260467529296875,17070,6.98069914715504,6.755745606583544,0.03098013997077942,0.03295212984085083,7.062788051962359,0.02777620404958725,0.740951657295227,0.267730712890625,6.735124874532427,0.03051089495420456,False,0,0,41,pred[41] <-> gt[41] <-> mask[41]
42,42,42,results/B_mask_20_30_reliability_inference/line_debug/0010_reliability.png,/root/autodl-tmp/Inpainting/BundleFusion/B_imgs_gt/office0/00084.jpg,/root/autodl-tmp/Inpainting/masks/irregular_mask/mask_rates_20_30/0000280.png,0010_reliability.png,00084.jpg,0000280.png,0010_reliability,00084,0000280,"[256, 256]","[256, 256]","[256, 256]",False,False,0.2105712890625,13800,9.310416391982931,7.727062058509796,0.07809977978467941,0.05454237386584282,9.852487980184268,0.08799499273300171,0.6940032243728638,0.1973724365234375,11.681936934490054,0.07814795523881912,False,0,0,42,pred[42] <-> gt[42] <-> mask[42]
43,43,43,results/B_mask_20_30_reliability_inference/line_debug/0010_soft.png,/root/autodl-tmp/Inpainting/BundleFusion/B_imgs_gt/office0/00086.jpg,/root/autodl-tmp/Inpainting/masks/irregular_mask/mask_rates_20_30/0000296.png,0010_soft.png,00086.jpg,0000296.png,0010_soft,00086,0000296,"[256, 256]","[256, 256]","[256, 256]",False,False,0.2561187744140625,16785,10.203158393174709,9.160160930157401,0.08025790005922318,0.09316188842058182,10.629292987188022,0.08287130296230316,0.6932802796363831,0.308197021484375,9.223091139861808,0.08818557858467102,False,0,0,43,pred[43] <-> gt[43] <-> mask[43]
44,44,44,results/B_mask_20_30_reliability_inference/frames/0011.png,/root/autodl-tmp/Inpainting/BundleFusion/B_imgs_gt/office0/00088.jpg,/root/autodl-tmp/Inpainting/masks/irregular_mask/mask_rates_20_30/0000310.png,0011.png,00088.jpg,0000310.png,0011,00088,0000310,"[256, 256]","[256, 256]","[256, 256]",False,False,0.25823974609375,16924,5.816173877268628,3.2993030059685937,0.19721435010433197,0.11377397179603577,7.2030007793619895,0.24167750775814056,0.7706434726715088,0.276641845703125,5.196099707466101,0.168317973613739,False,0,0,44,pred[44] <-> gt[44] <-> mask[44]
45,45,45,results/B_mask_20_30_reliability_inference/line_debug/0011_center.png,/root/autodl-tmp/Inpainting/BundleFusion/B_imgs_gt/office0/00090.jpg,/root/autodl-tmp/Inpainting/masks/irregular_mask/mask_rates_20_30/0000317.png,0011_center.png,00090.jpg,0000317.png,0011_center,00090,0000317,"[256, 256]","[256, 256]","[256, 256]",False,False,0.2776336669921875,18195,10.592242834518252,12.40159392960473,0.04005025327205658,0.03883291408419609,10.057789715448946,0.04123746603727341,0.7379378080368042,0.26788330078125,10.104346011118848,0.03813568130135536,True,0,0,45,pred[45] <-> gt[45] <-> mask[45]
46,46,46,results/B_mask_20_30_reliability_inference/line_debug/0011_reliability.png,/root/autodl-tmp/Inpainting/BundleFusion/B_imgs_gt/office0/00092.jpg,/root/autodl-tmp/Inpainting/masks/irregular_mask/mask_rates_20_30/0000318.png,0011_reliability.png,00092.jpg,0000318.png,0011_reliability,00092,0000318,"[256, 256]","[256, 256]","[256, 256]",False,False,0.280609130859375,18390,11.201396844079161,10.129844728737869,0.0720629096031189,0.07107443362474442,11.703375976798995,0.06958013027906418,0.7137254476547241,0.2821807861328125,9.206786784481809,0.06952861696481705,False,0,0,46,pred[46] <-> gt[46] <-> mask[46]
47,47,47,results/B_mask_20_30_reliability_inference/line_debug/0011_soft.png,/root/autodl-tmp/Inpainting/BundleFusion/B_imgs_gt/office0/00094.jpg,/root/autodl-tmp/Inpainting/masks/irregular_mask/mask_rates_20_30/0000322.png,0011_soft.png,00094.jpg,0000322.png,0011_soft,00094,0000322,"[256, 256]","[256, 256]","[256, 256]",False,False,0.2874755859375,18840,11.134856949680241,9.163391893745455,0.07496600598096848,0.07640624046325684,12.280078411430784,0.0689077079296112,0.7012882828712463,0.1851654052734375,10.770369259578525,0.07100839167833328,False,0,0,47,pred[47] <-> gt[47] <-> mask[47]
48,48,48,results/B_mask_20_30_reliability_inference/frames/0012.png,/root/autodl-tmp/Inpainting/BundleFusion/B_imgs_gt/office0/00096.jpg,/root/autodl-tmp/Inpainting/masks/irregular_mask/mask_rates_20_30/0000343.png,0012.png,00096.jpg,0000343.png,0012,00096,0000343,"[256, 256]","[256, 256]","[256, 256]",False,False,0.297027587890625,19466,6.135037791275364,5.421355105305333,0.26164504885673523,0.27655863761901855,6.475809313144886,0.3211790919303894,0.7030972242355347,0.3333282470703125,5.68372693118556,0.26205340027809143,False,0,0,48,pred[48] <-> gt[48] <-> mask[48]
49,49,49,results/B_mask_20_30_reliability_inference/line_debug/0012_center.png,/root/autodl-tmp/Inpainting/BundleFusion/B_imgs_gt/office0/00098.jpg,/root/autodl-tmp/Inpainting/masks/irregular_mask/mask_rates_20_30/0000346.png,0012_center.png,00098.jpg,0000346.png,0012_center,00098,0000346,"[256, 256]","[256, 256]","[256, 256]",False,False,0.2015838623046875,13211,7.041222327209786,7.383045786865681,0.028197353705763817,0.023157397285103798,6.959011799479432,0.027109654620289803,0.7350772023200989,0.290924072265625,7.68048255893844,0.027251964434981346,True,0,0,49,pred[49] <-> gt[49] <-> mask[49]
50,50,50,results/B_mask_20_30_reliability_inference/line_debug/0012_reliability.png,/root/autodl-tmp/Inpainting/BundleFusion/B_imgs_gt/office0/00100.jpg,/root/autodl-tmp/Inpainting/masks/irregular_mask/mask_rates_20_30/0000351.png,0012_reliability.png,00100.jpg,0000351.png,0012_reliability,00100,0000351,"[256, 256]","[256, 256]","[256, 256]",False,False,0.2216949462890625,14529,6.6756529315783775,3.8153927369249123,0.05846191570162773,0.058183472603559494,8.015722000365107,0.06708991527557373,0.7326042652130127,0.2451324462890625,6.761448826809817,0.06159825995564461,False,0,0,50,pred[50] <-> gt[50] <-> mask[50]
51,51,51,results/B_mask_20_30_reliability_inference/line_debug/0012_soft.png,/root/autodl-tmp/Inpainting/BundleFusion/B_imgs_gt/office0/00102.jpg,/root/autodl-tmp/Inpainting/masks/irregular_mask/mask_rates_20_30/0000363.png,0012_soft.png,00102.jpg,0000363.png,0012_soft,00102,0000363,"[256, 256]","[256, 256]","[256, 256]",False,False,0.2826385498046875,18523,6.3574641570356105,5.791494316868403,0.05756547674536705,0.08066973090171814,6.602417017176574,0.050496965646743774,0.7704939842224121,0.25543212890625,7.760662045825257,0.06598495692014694,False,0,0,51,pred[51] <-> gt[51] <-> mask[51]
52,52,52,results/B_mask_20_30_reliability_inference/frames/0013.png,/root/autodl-tmp/Inpainting/BundleFusion/B_imgs_gt/office0/00104.jpg,/root/autodl-tmp/Inpainting/masks/irregular_mask/mask_rates_20_30/0000368.png,0013.png,00104.jpg,0000368.png,0013,00104,0000368,"[256, 256]","[256, 256]","[256, 256]",False,False,0.2162628173828125,14173,6.362110339520807,6.214445778207777,0.20880548655986786,0.16951483488082886,6.40375552453696,0.2394408881664276,0.7596948146820068,0.3129119873046875,6.135903258741315,0.1912464052438736,False,0,0,52,pred[52] <-> gt[52] <-> mask[52]
53,53,53,results/B_mask_20_30_reliability_inference/line_debug/0013_center.png,/root/autodl-tmp/Inpainting/BundleFusion/B_imgs_gt/office0/00106.jpg,/root/autodl-tmp/Inpainting/masks/irregular_mask/mask_rates_20_30/0000372.png,0013_center.png,00106.jpg,0000372.png,0013_center,00106,0000372,"[256, 256]","[256, 256]","[256, 256]",False,False,0.234710693359375,15382,6.04410616880365,5.839035751380454,0.02430723048746586,0.029799729585647583,6.108990760340212,0.022368069738149643,0.7620622515678406,0.2404022216796875,7.5963152010585455,0.02559468150138855,False,0,0,53,pred[53] <-> gt[53] <-> mask[53]
54,54,54,results/B_mask_20_30_reliability_inference/line_debug/0013_reliability.png,/root/autodl-tmp/Inpainting/BundleFusion/B_imgs_gt/office0/00108.jpg,/root/autodl-tmp/Inpainting/masks/irregular_mask/mask_rates_20_30/0000377.png,0013_reliability.png,00108.jpg,0000377.png,0013_reliability,00108,0000377,"[256, 256]","[256, 256]","[256, 256]",False,False,0.239654541015625,15706,6.359472522101138,4.288554439846384,0.05372415482997894,0.0522189736366272,7.288465280814641,0.0656064972281456,0.7560276985168457,0.205291748046875,6.842226181488337,0.05340778827667236,False,0,0,54,pred[54] <-> gt[54] <-> mask[54]
55,55,55,results/B_mask_20_30_reliability_inference/line_debug/0013_soft.png,/root/autodl-tmp/Inpainting/BundleFusion/B_imgs_gt/office0/00110.jpg,/root/autodl-tmp/Inpainting/masks/irregular_mask/mask_rates_20_30/0000382.png,0013_soft.png,00110.jpg,0000382.png,0013_soft,00110,0000382,"[256, 256]","[256, 256]","[256, 256]",False,False,0.22796630859375,14940,6.409083736243315,8.253598535148624,0.049902331084012985,0.0583183653652668,5.986559016929629,0.05531571805477142,0.7627277374267578,0.30908203125,5.573884691052387,0.05221650376915932,True,0,0,55,pred[55] <-> gt[55] <-> mask[55]
56,56,56,results/B_mask_20_30_reliability_inference/frames/0014.png,/root/autodl-tmp/Inpainting/BundleFusion/B_imgs_gt/office0/00112.jpg,/root/autodl-tmp/Inpainting/masks/irregular_mask/mask_rates_20_30/0000383.png,0014.png,00112.jpg,0000383.png,0014,00112,0000383,"[256, 256]","[256, 256]","[256, 256]",False,False,0.2953948974609375,19359,6.552945643800344,6.0820221499267015,0.17278094589710236,0.18852579593658447,6.766646506633267,0.20749811828136444,0.7591791152954102,0.288848876953125,7.487633870893057,0.1785232275724411,False,0,0,56,pred[56] <-> gt[56] <-> mask[56]
57,57,57,results/B_mask_20_30_reliability_inference/line_debug/0014_center.png,/root/autodl-tmp/Inpainting/BundleFusion/B_imgs_gt/office0/00114.jpg,/root/autodl-tmp/Inpainting/masks/irregular_mask/mask_rates_20_30/0000399.png,0014_center.png,00114.jpg,0000399.png,0014_center,00114,0000399,"[256, 256]","[256, 256]","[256, 256]",False,False,0.2529144287109375,16575,5.891631337370694,6.40565705266575,0.019883794710040092,0.019862676039338112,5.730543404397437,0.01759978011250496,0.7713943123817444,0.310455322265625,6.83096881554078,0.019743306562304497,True,0,0,57,pred[57] <-> gt[57] <-> mask[57]
58,58,58,results/B_mask_20_30_reliability_inference/line_debug/0014_reliability.png,/root/autodl-tmp/Inpainting/BundleFusion/B_imgs_gt/office0/00116.jpg,/root/autodl-tmp/Inpainting/masks/irregular_mask/mask_rates_20_30/0000402.png,0014_reliability.png,00116.jpg,0000402.png,0014_reliability,00116,0000402,"[256, 256]","[256, 256]","[256, 256]",False,False,0.23748779296875,15564,6.040731353875919,6.794043040048452,0.0473753996193409,0.05385056138038635,5.830501986549828,0.04115436598658562,0.7575345039367676,0.354095458984375,6.319770088610273,0.048754338175058365,True,0,0,58,pred[58] <-> gt[58] <-> mask[58]
59,59,59,results/B_mask_20_30_reliability_inference/line_debug/0014_soft.png,/root/autodl-tmp/Inpainting/BundleFusion/B_imgs_gt/office0/00118.jpg,/root/autodl-tmp/Inpainting/masks/irregular_mask/mask_rates_20_30/0000403.png,0014_soft.png,00118.jpg,0000403.png,0014_soft,00118,0000403,"[256, 256]","[256, 256]","[256, 256]",False,False,0.2724609375,17856,6.00471780393317,5.218884684511575,0.04719818755984306,0.04865856468677521,6.339926105660504,0.05067043378949165,0.7336500883102417,0.2459564208984375,4.975705346554874,0.04706777259707451,False,0,0,59,pred[59] <-> gt[59] <-> mask[59]
60,60,60,results/B_mask_20_30_reliability_inference/frames/0015.png,/root/autodl-tmp/Inpainting/BundleFusion/B_imgs_gt/office0/00120.jpg,/root/autodl-tmp/Inpainting/masks/irregular_mask/mask_rates_20_30/0000410.png,0015.png,00120.jpg,0000410.png,0015,00120,0000410,"[256, 256]","[256, 256]","[256, 256]",False,False,0.202239990234375,13254,9.758708760531956,10.822955046205267,0.2778494656085968,0.2856350243091583,9.525785960951582,0.30381646752357483,0.6715996861457825,0.228729248046875,9.536706121092797,0.2778494656085968,True,0,0,60,pred[60] <-> gt[60] <-> mask[60]
61,61,61,results/B_mask_20_30_reliability_inference/line_debug/0015_center.png,/root/autodl-tmp/Inpainting/BundleFusion/B_imgs_gt/office0/00122.jpg,/root/autodl-tmp/Inpainting/masks/irregular_mask/mask_rates_20_30/0000417.png,0015_center.png,00122.jpg,0000417.png,0015_center,00122,0000417,"[256, 256]","[256, 256]","[256, 256]",False,False,0.2581939697265625,16921,5.747622514005817,6.130680294060764,0.01655297912657261,0.01969267427921295,5.621844610799518,0.01654769666492939,0.7367909550666809,0.3415069580078125,7.228472991371509,0.01783117465674877,True,0,0,61,pred[61] <-> gt[61] <-> mask[61]
62,62,62,results/B_mask_20_30_reliability_inference/line_debug/0015_reliability.png,/root/autodl-tmp/Inpainting/BundleFusion/B_imgs_gt/office0/00124.jpg,/root/autodl-tmp/Inpainting/masks/irregular_mask/mask_rates_20_30/0000434.png,0015_reliability.png,00124.jpg,0000434.png,0015_reliability,00124,0000434,"[256, 256]","[256, 256]","[256, 256]",False,False,0.2957305908203125,19381,5.81387359836333,6.093095511565658,0.03749382495880127,0.039517417550086975,5.701772950883352,0.0352703295648098,0.7417250871658325,0.1904754638671875,5.1248448658973516,0.03741372376680374,True,0,0,62,pred[62] <-> gt[62] <-> mask[62]
63,63,63,results/B_mask_20_30_reliability_inference/line_debug/0015_soft.png,/root/autodl-tmp/Inpainting/BundleFusion/B_imgs_gt/office0/00126.jpg,/root/autodl-tmp/Inpainting/masks/irregular_mask/mask_rates_20_30/0000438.png,0015_soft.png,00126.jpg,0000438.png,0015_soft,00126,0000438,"[256, 256]","[256, 256]","[256, 256]",False,False,0.2838287353515625,18601,5.683626814570988,7.3820713563620615,0.03918762877583504,0.03918762877583504,5.159470709348182,0.02746020257472992,0.7371624708175659,0.3596954345703125,4.512920015399945,0.03918762877583504,True,0,0,63,pred[63] <-> gt[63] <-> mask[63]
64,64,64,results/B_mask_20_30_reliability_inference/frames/0016.png,/root/autodl-tmp/Inpainting/BundleFusion/B_imgs_gt/office0/00128.jpg,/root/autodl-tmp/Inpainting/masks/irregular_mask/mask_rates_20_30/0000443.png,0016.png,00128.jpg,0000443.png,0016,00128,0000443,"[256, 256]","[256, 256]","[256, 256]",False,False,0.270294189453125,17714,9.835009251816476,12.368612123786388,0.2743719518184662,0.28290560841560364,9.176521058861447,0.2759626507759094,0.6902713775634766,0.28460693359375,9.442825860617173,0.27152276039123535,True,0,0,64,pred[64] <-> gt[64] <-> mask[64]
65,65,65,results/B_mask_20_30_reliability_inference/line_debug/0016_center.png,/root/autodl-tmp/Inpainting/BundleFusion/B_imgs_gt/office0/00130.jpg,/root/autodl-tmp/Inpainting/masks/irregular_mask/mask_rates_20_30/0000445.png,0016_center.png,00130.jpg,0000445.png,0016_center,00130,0000445,"[256, 256]","[256, 256]","[256, 256]",False,False,0.2816162109375,18456,5.283463721536816,4.6037056616437715,0.014828100800514221,0.014615419320762157,5.581950359859258,0.015238689258694649,0.7513386011123657,0.253204345703125,4.66188291150638,0.014423145912587643,False,0,0,65,pred[65] <-> gt[65] <-> mask[65]
66,66,66,results/B_mask_20_30_reliability_inference/line_debug/0016_reliability.png,/root/autodl-tmp/Inpainting/BundleFusion/B_imgs_gt/office0/00132.jpg,/root/autodl-tmp/Inpainting/masks/irregular_mask/mask_rates_20_30/0000464.png,0016_reliability.png,00132.jpg,0000464.png,0016_reliability,00132,0000464,"[256, 256]","[256, 256]","[256, 256]",False,False,0.2354736328125,15432,5.205280691624803,3.447670305296726,0.030881313607096672,0.023178691044449806,5.929773478522775,0.03594394028186798,0.7786390781402588,0.337249755859375,4.455411269853187,0.030744874849915504,False,0,0,66,pred[66] <-> gt[66] <-> mask[66]
67,67,67,results/B_mask_20_30_reliability_inference/line_debug/0016_soft.png,/root/autodl-tmp/Inpainting/BundleFusion/B_imgs_gt/office0/00134.jpg,/root/autodl-tmp/Inpainting/masks/irregular_mask/mask_rates_20_30/0000469.png,0016_soft.png,00134.jpg,0000469.png,0016_soft,00134,0000469,"[256, 256]","[256, 256]","[256, 256]",False,False,0.2631072998046875,17243,4.77315137280827,3.1565264270262317,0.024518154561519623,0.002917706733569503,5.535653421258424,0.032768722623586655,0.7932114005088806,0.2413177490234375,3.670850367725425,0.009343559853732586,False,0,0,67,pred[67] <-> gt[67] <-> mask[67]
68,68,68,results/B_mask_20_30_reliability_inference/frames/0017.png,/root/autodl-tmp/Inpainting/BundleFusion/B_imgs_gt/office0/00136.jpg,/root/autodl-tmp/Inpainting/masks/irregular_mask/mask_rates_20_30/0000471.png,0017.png,00136.jpg,0000471.png,0017,00136,0000471,"[256, 256]","[256, 256]","[256, 256]",False,False,0.27386474609375,17948,7.788668145747872,5.681667380014598,0.21013326942920685,0.19544458389282227,8.954921061712103,0.24713961780071259,0.7279853820800781,0.3404998779296875,7.553991904326695,0.20880286395549774,False,0,0,68,pred[68] <-> gt[68] <-> mask[68]
69,69,69,results/B_mask_20_30_reliability_inference/line_debug/0017_center.png,/root/autodl-tmp/Inpainting/BundleFusion/B_imgs_gt/office0/00138.jpg,/root/autodl-tmp/Inpainting/masks/irregular_mask/mask_rates_20_30/0000487.png,0017_center.png,00138.jpg,0000487.png,0017_center,00138,0000487,"[256, 256]","[256, 256]","[256, 256]",False,False,0.2939300537109375,19263,3.5822970328134938,2.919951146333796,0.002808191115036607,0.002800973830744624,3.8908686434847137,0.0037446683272719383,0.7767107486724854,0.3686676025390625,3.5812780089527885,0.0027119091246277094,False,0,0,69,pred[69] <-> gt[69] <-> mask[69]
70,70,70,results/B_mask_20_30_reliability_inference/line_debug/0017_reliability.png,/root/autodl-tmp/Inpainting/BundleFusion/B_imgs_gt/office0/00140.jpg,/root/autodl-tmp/Inpainting/masks/irregular_mask/mask_rates_20_30/0000490.png,0017_reliability.png,00140.jpg,0000490.png,0017_reliability,00140,0000490,"[256, 256]","[256, 256]","[256, 256]",False,False,0.2120361328125,13896,3.4508223025352835,3.449512379421193,0.007118510082364082,0.0020670751109719276,3.451174438597432,0.008688593283295631,0.8093389272689819,0.2056427001953125,3.25738325989151,0.003989693243056536,False,0,0,70,pred[70] <-> gt[70] <-> mask[70]
71,71,71,results/B_mask_20_30_reliability_inference/line_debug/0017_soft.png,/root/autodl-tmp/Inpainting/BundleFusion/B_imgs_gt/office0/00142.jpg,/root/autodl-tmp/Inpainting/masks/irregular_mask/mask_rates_20_30/0000497.png,0017_soft.png,00142.jpg,0000497.png,0017_soft,00142,0000497,"[256, 256]","[256, 256]","[256, 256]",False,False,0.257415771484375,16870,3.293685091055579,2.79075215969552,0.0038044285029172897,0.002432598965242505,3.482570830265125,0.005353699903935194,0.8274927735328674,0.2439422607421875,3.3082459360453074,0.002736625960096717,False,0,0,71,pred[71] <-> gt[71] <-> mask[71]
72,72,72,results/B_mask_20_30_reliability_inference/frames/0018.png,/root/autodl-tmp/Inpainting/BundleFusion/B_imgs_gt/office0/00144.jpg,/root/autodl-tmp/Inpainting/masks/irregular_mask/mask_rates_20_30/0000499.png,0018.png,00144.jpg,0000499.png,0018,00144,0000499,"[256, 256]","[256, 256]","[256, 256]",False,False,0.2215423583984375,14519,7.312292389856928,9.29441670368785,0.2522096335887909,0.3192715346813202,6.881477556290801,0.2245519757270813,0.7838231325149536,0.2846832275390625,9.42785223487199,0.28821882605552673,True,0,0,72,pred[72] <-> gt[72] <-> mask[72]
73,73,73,results/B_mask_20_30_reliability_inference/line_debug/0018_center.png,/root/autodl-tmp/Inpainting/BundleFusion/B_imgs_gt/office0/00146.jpg,/root/autodl-tmp/Inpainting/masks/irregular_mask/mask_rates_20_30/0000504.png,0018_center.png,00146.jpg,0000504.png,0018_center,00146,0000504,"[256, 256]","[256, 256]","[256, 256]",False,False,0.2624664306640625,17201,3.117528363945488,2.0603686923784337,0.0005964034935459495,0.0006522731855511665,3.5658453854099155,0.0006311192992143333,0.8760479092597961,0.212860107421875,2.4340919846065066,0.0005232408293522894,False,0,0,73,pred[73] <-> gt[73] <-> mask[73]
74,74,74,results/B_mask_20_30_reliability_inference/line_debug/0018_reliability.png,/root/autodl-tmp/Inpainting/BundleFusion/B_imgs_gt/office0/00148.jpg,/root/autodl-tmp/Inpainting/masks/irregular_mask/mask_rates_20_30/0000509.png,0018_reliability.png,00148.jpg,0000509.png,0018_reliability,00148,0000509,"[256, 256]","[256, 256]","[256, 256]",False,False,0.235992431640625,15466,3.368123932289391,3.4445640585882313,0.0037656959611922503,0.002294365083798766,3.3447822132843514,0.004264483693987131,0.8722546696662903,0.25677490234375,3.0811725988231906,0.0028040148317813873,True,0,0,74,pred[74] <-> gt[74] <-> mask[74]
75,75,75,results/B_mask_20_30_reliability_inference/line_debug/0018_soft.png,/root/autodl-tmp/Inpainting/BundleFusion/B_imgs_gt/office0/00150.jpg,/root/autodl-tmp/Inpainting/masks/irregular_mask/mask_rates_20_30/0000515.png,0018_soft.png,00150.jpg,0000515.png,0018_soft,00150,0000515,"[256, 256]","[256, 256]","[256, 256]",False,False,0.2733306884765625,17913,3.670446617798724,4.656435097194071,0.005000504199415445,0.006223468109965324,3.350725205498005,0.004239236004650593,0.8695389032363892,0.1987152099609375,4.014148528515326,0.0058821761049330235,True,0,0,75,pred[75] <-> gt[75] <-> mask[75]
76,76,76,results/B_mask_20_30_reliability_inference/frames/0019.png,/root/autodl-tmp/Inpainting/BundleFusion/B_imgs_gt/office0/00152.jpg,/root/autodl-tmp/Inpainting/masks/irregular_mask/mask_rates_20_30/0000523.png,0019.png,00152.jpg,0000523.png,0019,00152,0000523,"[256, 256]","[256, 256]","[256, 256]",False,False,0.2201995849609375,14431,8.262233341556662,10.852282281971766,0.30208060145378113,0.3669750690460205,7.743593791915839,0.2932988405227661,0.7554059028625488,0.1504058837890625,9.63038669966651,0.39469286799430847,True,0,0,76,pred[76] <-> gt[76] <-> mask[76]
77,77,77,results/B_mask_20_30_reliability_inference/line_debug/0019_center.png,/root/autodl-tmp/Inpainting/BundleFusion/B_imgs_gt/office0/00154.jpg,/root/autodl-tmp/Inpainting/masks/irregular_mask/mask_rates_20_30/0000531.png,0019_center.png,00154.jpg,0000531.png,0019_center,00154,0000531,"[256, 256]","[256, 256]","[256, 256]",False,False,0.218994140625,14352,4.2977240249354765,4.068645977487979,0.0038311658427119255,0.0008810884901322424,4.364187457634674,0.005170728079974651,0.8642051219940186,0.2711181640625,3.716742241224111,0.0021018856205046177,False,0,0,77,pred[77] <-> gt[77] <-> mask[77]
78,78,78,results/B_mask_20_30_reliability_inference/line_debug/0019_reliability.png,/root/autodl-tmp/Inpainting/BundleFusion/B_imgs_gt/office0/00156.jpg,/root/autodl-tmp/Inpainting/masks/irregular_mask/mask_rates_20_30/0000537.png,0019_reliability.png,00156.jpg,0000537.png,0019_reliability,00156,0000537,"[256, 256]","[256, 256]","[256, 256]",False,False,0.299346923828125,19618,5.070528416411932,3.944125833841544,0.013887743465602398,0.014226081781089306,5.657938653126591,0.016743479296565056,0.8526459336280823,0.3125762939453125,4.978623773753993,0.014201652258634567,False,0,0,78,pred[78] <-> gt[78] <-> mask[78]
79,79,79,results/B_mask_20_30_reliability_inference/line_debug/0019_soft.png,/root/autodl-tmp/Inpainting/BundleFusion/B_imgs_gt/office0/00158.jpg,/root/autodl-tmp/Inpainting/masks/irregular_mask/mask_rates_20_30/0000557.png,0019_soft.png,00158.jpg,0000557.png,0019_soft,00158,0000557,"[256, 256]","[256, 256]","[256, 256]",False,False,0.25518798828125,16724,5.648921295243038,4.277928244021317,0.019010087475180626,0.014534135349094868,6.2396708765915285,0.02157001383602619,0.8287279605865479,0.3673095703125,5.082819324959928,0.019468607380986214,False,0,0,79,pred[79] <-> gt[79] <-> mask[79]
80,80,80,results/B_mask_20_30_reliability_inference/frames/0020.png,/root/autodl-tmp/Inpainting/BundleFusion/B_imgs_gt/office0/00160.jpg,/root/autodl-tmp/Inpainting/masks/irregular_mask/mask_rates_20_30/0000564.png,0020.png,00160.jpg,0000564.png,0020,00160,0000564,"[256, 256]","[256, 256]","[256, 256]",False,False,0.2407684326171875,15779,9.872141852839576,10.79125323013756,0.3524344265460968,0.3643854558467865,9.617087081301602,0.36774104833602905,0.7375677824020386,0.2571258544921875,8.497131574556112,0.3648283779621124,True,0,0,80,pred[80] <-> gt[80] <-> mask[80]
81,81,81,results/B_mask_20_30_reliability_inference/line_debug/0020_center.png,/root/autodl-tmp/Inpainting/BundleFusion/B_imgs_gt/office0/00162.jpg,/root/autodl-tmp/Inpainting/masks/irregular_mask/mask_rates_20_30/0000569.png,0020_center.png,00162.jpg,0000569.png,0020_center,00162,0000569,"[256, 256]","[256, 256]","[256, 256]",False,False,0.2099456787109375,13759,6.32943678177191,4.597544166795945,0.0170902069658041,0.012704654596745968,6.935309352996039,0.020832713693380356,0.8174612522125244,0.269866943359375,5.702304569980439,0.014704748056828976,False,0,0,81,pred[81] <-> gt[81] <-> mask[81]
82,82,82,results/B_mask_20_30_reliability_inference/line_debug/0020_reliability.png,/root/autodl-tmp/Inpainting/BundleFusion/B_imgs_gt/office0/00164.jpg,/root/autodl-tmp/Inpainting/masks/irregular_mask/mask_rates_20_30/0000584.png,0020_reliability.png,00164.jpg,0000584.png,0020_reliability,00164,0000584,"[256, 256]","[256, 256]","[256, 256]",False,False,0.2972412109375,19480,6.80681473763019,8.439247399057548,0.03661656752228737,0.038376301527023315,6.266350890856048,0.03376825526356697,0.7820743918418884,0.359832763671875,7.457937774205668,0.03661656752228737,True,0,0,82,pred[82] <-> gt[82] <-> mask[82]
83,83,83,results/B_mask_20_30_reliability_inference/line_debug/0020_soft.png,/root/autodl-tmp/Inpainting/BundleFusion/B_imgs_gt/office0/00166.jpg,/root/autodl-tmp/Inpainting/masks/irregular_mask/mask_rates_20_30/0000590.png,0020_soft.png,00166.jpg,0000590.png,0020_soft,00166,0000590,"[256, 256]","[256, 256]","[256, 256]",False,False,0.2257843017578125,14797,7.520166689276381,6.332871576884632,0.050803910940885544,0.05163469538092613,7.937826735881729,0.05212099105119705,0.7646813988685608,0.405364990234375,6.88844425808645,0.050803910940885544,False,0,0,83,pred[83] <-> gt[83] <-> mask[83]
84,84,84,results/B_mask_20_30_reliability_inference/frames/0021.png,/root/autodl-tmp/Inpainting/BundleFusion/B_imgs_gt/office0/00168.jpg,/root/autodl-tmp/Inpainting/masks/irregular_mask/mask_rates_20_30/0000598.png,0021.png,00168.jpg,0000598.png,0021,00168,0000598,"[256, 256]","[256, 256]","[256, 256]",False,False,0.229949951171875,15070,9.259687488271522,10.941247849388526,0.28160378336906433,0.3029170334339142,8.86210463466514,0.2606958746910095,0.7042754292488098,0.18585205078125,9.402644587698477,0.3043321967124939,True,0,0,84,pred[84] <-> gt[84] <-> mask[84]
85,85,85,results/B_mask_20_30_reliability_inference/line_debug/0021_center.png,/root/autodl-tmp/Inpainting/BundleFusion/B_imgs_gt/office0/00170.jpg,/root/autodl-tmp/Inpainting/masks/irregular_mask/mask_rates_20_30/0000599.png,0021_center.png,00170.jpg,0000599.png,0021_center,00170,0000599,"[256, 256]","[256, 256]","[256, 256]",False,False,0.25921630859375,16988,8.30922728960549,6.359999763849856,0.024435609579086304,0.020302264019846916,9.268680230448837,0.030325355008244514,0.7200196981430054,0.2899322509765625,10.413303885721907,0.024435609579086304,False,0,0,85,pred[85] <-> gt[85] <-> mask[85]
86,86,86,results/B_mask_20_30_reliability_inference/line_debug/0021_reliability.png,/root/autodl-tmp/Inpainting/BundleFusion/B_imgs_gt/office0/00172.jpg,/root/autodl-tmp/Inpainting/masks/irregular_mask/mask_rates_20_30/0000600.png,0021_reliability.png,00172.jpg,0000600.png,0021_reliability,00172,0000600,"[256, 256]","[256, 256]","[256, 256]",False,False,0.286712646484375,18790,9.879459938463631,8.590469073102707,0.05512150004506111,0.05618606135249138,10.528904375077373,0.06483790278434753,0.6835097670555115,0.3283538818359375,9.872313277543693,0.05512150004506111,False,0,0,86,pred[86] <-> gt[86] <-> mask[86]
87,87,87,results/B_mask_20_30_reliability_inference/line_debug/0021_soft.png,/root/autodl-tmp/Inpainting/BundleFusion/B_imgs_gt/office0/00174.jpg,/root/autodl-tmp/Inpainting/masks/irregular_mask/mask_rates_20_30/0000613.png,0021_soft.png,00174.jpg,0000613.png,0021_soft,00174,0000613,"[256, 256]","[256, 256]","[256, 256]",False,False,0.22259521484375,14588,10.982621799995414,9.12503201858861,0.07926031947135925,0.06299974769353867,11.702935342985093,0.08963227272033691,0.659389078617096,0.328216552734375,12.703180236319012,0.0778999999165535,False,0,0,87,pred[87] <-> gt[87] <-> mask[87]
88,88,88,results/B_mask_20_30_reliability_inference/frames/0022.png,/root/autodl-tmp/Inpainting/BundleFusion/B_imgs_gt/office0/00176.jpg,/root/autodl-tmp/Inpainting/masks/irregular_mask/mask_rates_20_30/0000620.png,0022.png,00176.jpg,0000620.png,0022,00176,0000620,"[256, 256]","[256, 256]","[256, 256]",False,False,0.231536865234375,15174,7.050331000268885,8.91724633685629,0.1990927904844284,0.18835420906543732,6.6156218957929696,0.21481317281723022,0.7264848947525024,0.2312774658203125,7.6074692055561925,0.17866842448711395,True,0,0,88,pred[88] <-> gt[88] <-> mask[88]
89,89,89,results/B_mask_20_30_reliability_inference/line_debug/0022_center.png,/root/autodl-tmp/Inpainting/BundleFusion/B_imgs_gt/office0/00178.jpg,/root/autodl-tmp/Inpainting/masks/irregular_mask/mask_rates_20_30/0000623.png,0022_center.png,00178.jpg,0000623.png,0022_center,00178,0000623,"[256, 256]","[256, 256]","[256, 256]",False,False,0.23431396484375,15356,11.97738611013097,9.546740422383401,0.06808135658502579,0.04604792222380638,13.109921496442178,0.08383377641439438,0.6911537647247314,0.3168487548828125,10.035853007241748,0.06424611806869507,False,0,0,89,pred[89] <-> gt[89] <-> mask[89]
90,90,90,results/B_mask_20_30_reliability_inference/line_debug/0022_reliability.png,/root/autodl-tmp/Inpainting/BundleFusion/B_imgs_gt/office0/00180.jpg,/root/autodl-tmp/Inpainting/masks/irregular_mask/mask_rates_20_30/0000631.png,0022_reliability.png,00180.jpg,0000631.png,0022_reliability,00180,0000631,"[256, 256]","[256, 256]","[256, 256]",False,False,0.2978515625,19520,12.920631510530974,11.04197375736791,0.10299896448850632,0.10341814160346985,14.053397976307815,0.10581985861063004,0.6981754302978516,0.2646636962890625,11.692550296846685,0.10299896448850632,False,0,0,90,pred[90] <-> gt[90] <-> mask[90]
91,91,91,results/B_mask_20_30_reliability_inference/line_debug/0022_soft.png,/root/autodl-tmp/Inpainting/BundleFusion/B_imgs_gt/office0/00182.jpg,/root/autodl-tmp/Inpainting/masks/irregular_mask/mask_rates_20_30/0000634.png,0022_soft.png,00182.jpg,0000634.png,0022_soft,00182,0000634,"[256, 256]","[256, 256]","[256, 256]",False,False,0.241607666015625,15834,13.305316255317575,10.207415570916682,0.10780655592679977,0.10780655592679977,15.054699949921131,0.11191974580287933,0.6876387596130371,0.2923126220703125,13.222849319485253,0.10780655592679977,False,0,0,91,pred[91] <-> gt[91] <-> mask[91]
92,92,92,results/B_mask_20_30_reliability_inference/frames/0023.png,/root/autodl-tmp/Inpainting/BundleFusion/B_imgs_gt/office0/00184.jpg,/root/autodl-tmp/Inpainting/masks/irregular_mask/mask_rates_20_30/0000635.png,0023.png,00184.jpg,0000635.png,0023,00184,0000635,"[256, 256]","[256, 256]","[256, 256]",False,False,0.2190704345703125,14357,6.151214875610139,8.276093561711464,0.15033753216266632,0.1464339643716812,5.703690453265322,0.15791082382202148,0.808982789516449,0.3036956787109375,7.385571610244929,0.1409333497285843,True,0,0,92,pred[92] <-> gt[92] <-> mask[92]
93,93,93,results/B_mask_20_30_reliability_inference/line_debug/0023_center.png,/root/autodl-tmp/Inpainting/BundleFusion/B_imgs_gt/office0/00186.jpg,/root/autodl-tmp/Inpainting/masks/irregular_mask/mask_rates_20_30/0000638.png,0023_center.png,00186.jpg,0000638.png,0023_center,00186,0000638,"[256, 256]","[256, 256]","[256, 256]",False,False,0.2641754150390625,17313,12.701879571773736,10.002512895370666,0.08395258337259293,0.08307883888483047,14.309668677625481,0.08185674995183945,0.6710307598114014,0.210601806640625,11.761185631390541,0.07990282028913498,False,0,0,93,pred[93] <-> gt[93] <-> mask[93]
94,94,94,results/B_mask_20_30_reliability_inference/line_debug/0023_reliability.png,/root/autodl-tmp/Inpainting/BundleFusion/B_imgs_gt/office0/00188.jpg,/root/autodl-tmp/Inpainting/masks/irregular_mask/mask_rates_20_30/0000641.png,0023_reliability.png,00188.jpg,0000641.png,0023_reliability,00188,0000641,"[256, 256]","[256, 256]","[256, 256]",False,False,0.2097015380859375,13743,14.13496478795057,17.501578277805457,0.12111428380012512,0.1258573979139328,13.554035263750537,0.10692253708839417,0.6688704490661621,0.2846527099609375,18.418721703390442,0.12562626600265503,True,0,0,94,pred[94] <-> gt[94] <-> mask[94]
95,95,95,results/B_mask_20_30_reliability_inference/line_debug/0023_soft.png,/root/autodl-tmp/Inpainting/BundleFusion/B_imgs_gt/office0/00190.jpg,/root/autodl-tmp/Inpainting/masks/irregular_mask/mask_rates_20_30/0000652.png,0023_soft.png,00190.jpg,0000652.png,0023_soft,00190,0000652,"[256, 256]","[256, 256]","[256, 256]",False,False,0.2259674072265625,14809,14.214279702929044,11.186317178927665,0.1257554441690445,0.13166488707065582,15.72816882387285,0.13841544091701508,0.6584089398384094,0.216583251953125,13.2961742156352,0.1259537935256958,False,0,0,95,pred[95] <-> gt[95] <-> mask[95]
96,96,96,results/B_mask_20_30_reliability_inference/frames/0024.png,/root/autodl-tmp/Inpainting/BundleFusion/B_imgs_gt/office0/00192.jpg,/root/autodl-tmp/Inpainting/masks/irregular_mask/mask_rates_20_30/0000658.png,0024.png,00192.jpg,0000658.png,0024,00192,0000658,"[256, 256]","[256, 256]","[256, 256]",False,False,0.2258148193359375,14799,6.044133316558109,7.1787047335580745,0.155434712767601,0.15691731870174408,5.762246403630934,0.15142910182476044,0.785447895526886,0.30712890625,6.856124186172786,0.15493197739124298,True,0,0,96,pred[96] <-> gt[96] <-> mask[96]
97,97,97,results/B_mask_20_30_reliability_inference/line_debug/0024_center.png,/root/autodl-tmp/Inpainting/BundleFusion/B_imgs_gt/office0/00194.jpg,/root/autodl-tmp/Inpainting/masks/irregular_mask/mask_rates_20_30/0000659.png,0024_center.png,00194.jpg,0000659.png,0024_center,00194,0000659,"[256, 256]","[256, 256]","[256, 256]",False,False,0.2020721435546875,13243,12.816700838972938,11.887255418340741,0.08711064606904984,0.07045990228652954,13.087428473262502,0.09603993594646454,0.699685275554657,0.3018951416015625,13.036838862319327,0.0841909721493721,False,0,0,97,pred[97] <-> gt[97] <-> mask[97]
98,98,98,results/B_mask_20_30_reliability_inference/line_debug/0024_reliability.png,/root/autodl-tmp/Inpainting/BundleFusion/B_imgs_gt/office0/00196.jpg,/root/autodl-tmp/Inpainting/masks/irregular_mask/mask_rates_20_30/0000663.png,0024_reliability.png,00196.jpg,0000663.png,0024_reliability,00196,0000663,"[256, 256]","[256, 256]","[256, 256]",False,False,0.296356201171875,19422,13.601666648386562,11.198750317071543,0.11544147878885269,0.11537041515111923,15.220949022223662,0.11609488725662231,0.6657754778862,0.288970947265625,14.645787866024115,0.11544147878885269,False,0,0,98,pred[98] <-> gt[98] <-> mask[98]
99,99,99,results/B_mask_20_30_reliability_inference/line_debug/0024_soft.png,/root/autodl-tmp/Inpainting/BundleFusion/B_imgs_gt/office0/00198.jpg,/root/autodl-tmp/Inpainting/masks/irregular_mask/mask_rates_20_30/0000664.png,0024_soft.png,00198.jpg,0000664.png,0024_soft,00198,0000664,"[256, 256]","[256, 256]","[256, 256]",False,False,0.2270660400390625,14881,13.132694311039202,11.550646541829014,0.10891731828451157,0.09363186359405518,13.733041057781012,0.11762862652540207,0.6626282930374146,0.244598388671875,11.41271431918657,0.10115458816289902,False,0,0,99,pred[99] <-> gt[99] <-> mask[99]
100,100,100,results/B_mask_20_30_reliability_inference/frames/0025.png,/root/autodl-tmp/Inpainting/BundleFusion/B_imgs_gt/office0/00200.jpg,/root/autodl-tmp/Inpainting/masks/irregular_mask/mask_rates_20_30/0000668.png,0025.png,00200.jpg,0000668.png,0025,00200,0000668,"[256, 256]","[256, 256]","[256, 256]",False,False,0.267822265625,17552,5.9637491019039865,6.384155373853998,0.1710585355758667,0.2120717316865921,5.819596318466543,0.16605035960674286,0.7605816125869751,0.2999725341796875,5.559998129244866,0.17871415615081787,True,0,0,100,pred[100] <-> gt[100] <-> mask[100]
101,101,101,results/B_mask_20_30_reliability_inference/line_debug/0025_center.png,/root/autodl-tmp/Inpainting/BundleFusion/B_imgs_gt/office0/00202.jpg,/root/autodl-tmp/Inpainting/masks/irregular_mask/mask_rates_20_30/0000675.png,0025_center.png,00202.jpg,0000675.png,0025_center,00202,0000675,"[256, 256]","[256, 256]","[256, 256]",False,False,0.2819366455078125,18477,11.145399009574495,11.08524479138981,0.05287277698516846,0.04898333549499512,11.169247441574042,0.050380852073431015,0.7166950702667236,0.4312286376953125,10.920947249548112,0.05287277698516846,False,0,0,101,pred[101] <-> gt[101] <-> mask[101]
102,102,102,results/B_mask_20_30_reliability_inference/line_debug/0025_reliability.png,/root/autodl-tmp/Inpainting/BundleFusion/B_imgs_gt/office0/00204.jpg,/root/autodl-tmp/Inpainting/masks/irregular_mask/mask_rates_20_30/0000688.png,0025_reliability.png,00204.jpg,0000688.png,0025_reliability,00204,0000688,"[256, 256]","[256, 256]","[256, 256]",False,False,0.2868194580078125,18797,10.788575522873835,13.271991236015271,0.06500498205423355,0.0723424032330513,10.087650209463785,0.05208830162882805,0.71100914478302,0.3024444580078125,11.33487846122453,0.0701010599732399,True,0,0,102,pred[102] <-> gt[102] <-> mask[102]
103,103,103,results/B_mask_20_30_reliability_inference/line_debug/0025_soft.png,/root/autodl-tmp/Inpainting/BundleFusion/B_imgs_gt/office0/00206.jpg,/root/autodl-tmp/Inpainting/masks/irregular_mask/mask_rates_20_30/0000693.png,0025_soft.png,00206.jpg,0000693.png,0025_soft,00206,0000693,"[256, 256]","[256, 256]","[256, 256]",False,False,0.2947235107421875,19315,10.22411758514653,9.412450124366101,0.055637065321207047,0.053271811455488205,10.614059406806135,0.0631151869893074,0.7135903835296631,0.405426025390625,9.901874592011504,0.055637065321207047,False,0,0,103,pred[103] <-> gt[103] <-> mask[103]
104,104,104,results/B_mask_20_30_reliability_inference/frames/0026.png,/root/autodl-tmp/Inpainting/BundleFusion/B_imgs_gt/office0/00208.jpg,/root/autodl-tmp/Inpainting/masks/irregular_mask/mask_rates_20_30/0000705.png,0026.png,00208.jpg,0000705.png,0026,00208,0000705,"[256, 256]","[256, 256]","[256, 256]",False,False,0.2905120849609375,19039,6.843488742259515,7.5275489036475305,0.23123134672641754,0.21291927993297577,6.5917713463200425,0.25654736161231995,0.7630425691604614,0.381256103515625,6.91766118397143,0.235991433262825,True,0,0,104,pred[104] <-> gt[104] <-> mask[104]
105,105,105,results/B_mask_20_30_reliability_inference/line_debug/0026_center.png,/root/autodl-tmp/Inpainting/BundleFusion/B_imgs_gt/office0/00210.jpg,/root/autodl-tmp/Inpainting/masks/irregular_mask/mask_rates_20_30/0000706.png,0026_center.png,00210.jpg,0000706.png,0026_center,00210,0000706,"[256, 256]","[256, 256]","[256, 256]",False,False,0.2029571533203125,13301,8.543279145429132,6.760407581430928,0.02462081052362919,0.023411758244037628,9.144369680337473,0.026232324540615082,0.7441596984863281,0.30419921875,9.300875618595517,0.02462081052362919,False,0,0,105,pred[105] <-> gt[105] <-> mask[105]
106,106,106,results/B_mask_20_30_reliability_inference/line_debug/0026_reliability.png,/root/autodl-tmp/Inpainting/BundleFusion/B_imgs_gt/office0/00212.jpg,/root/autodl-tmp/Inpainting/masks/irregular_mask/mask_rates_20_30/0000712.png,0026_reliability.png,00212.jpg,0000712.png,0026_reliability,00212,0000712,"[256, 256]","[256, 256]","[256, 256]",False,False,0.2365875244140625,15505,8.174871857457477,5.808508911763322,0.045923862606287,0.04577086493372917,9.279026469757266,0.05489824339747429,0.7478926181793213,0.38818359375,9.577883577064604,0.045923862606287,False,0,0,106,pred[106] <-> gt[106] <-> mask[106]
107,107,107,results/B_mask_20_30_reliability_inference/line_debug/0026_soft.png,/root/autodl-tmp/Inpainting/BundleFusion/B_imgs_gt/office0/00214.jpg,/root/autodl-tmp/Inpainting/masks/irregular_mask/mask_rates_20_30/0000756.png,0026_soft.png,00214.jpg,0000756.png,0026_soft,00214,0000756,"[256, 256]","[256, 256]","[256, 256]",False,False,0.266021728515625,17434,8.087088310029225,5.940105835197453,0.04504520818591118,0.04355154559016228,9.232126286922151,0.05187303200364113,0.7544206380844116,0.355682373046875,7.209285662021126,0.04504520818591118,False,0,0,107,pred[107] <-> gt[107] <-> mask[107]
108,108,108,results/B_mask_20_30_reliability_inference/frames/0027.png,/root/autodl-tmp/Inpainting/BundleFusion/B_imgs_gt/office0/00216.jpg,/root/autodl-tmp/Inpainting/masks/irregular_mask/mask_rates_20_30/0000758.png,0027.png,00216.jpg,0000758.png,0027,00216,0000758,"[256, 256]","[256, 256]","[256, 256]",False,False,0.229248046875,15024,7.655103258229703,7.896299117516531,0.3710601329803467,0.3413170278072357,7.585874183524142,0.4069880247116089,0.7024192810058594,0.28363037109375,7.896274398864191,0.3710601329803467,True,0,0,108,pred[108] <-> gt[108] <-> mask[108]
109,109,109,results/B_mask_20_30_reliability_inference/line_debug/0027_center.png,/root/autodl-tmp/Inpainting/BundleFusion/B_imgs_gt/office0/00218.jpg,/root/autodl-tmp/Inpainting/masks/irregular_mask/mask_rates_20_30/0000773.png,0027_center.png,00218.jpg,0000773.png,0027_center,00218,0000773,"[256, 256]","[256, 256]","[256, 256]",False,False,0.2417755126953125,15845,7.378953271372528,7.972802049487813,0.018096216022968292,0.009776829741895199,7.205479771250135,0.019178356975317,0.7894833087921143,0.260009765625,6.390535738406448,0.012551258318126202,True,0,0,109,pred[109] <-> gt[109] <-> mask[109]
110,110,110,results/B_mask_20_30_reliability_inference/line_debug/0027_reliability.png,/root/autodl-tmp/Inpainting/BundleFusion/B_imgs_gt/office0/00220.jpg,/root/autodl-tmp/Inpainting/masks/irregular_mask/mask_rates_20_30/0000790.png,0027_reliability.png,00220.jpg,0000790.png,0027_reliability,00220,0000790,"[256, 256]","[256, 256]","[256, 256]",False,False,0.2490234375,16320,7.347757853834459,8.246492619253408,0.0292456466704607,0.03254574537277222,7.086566524226658,0.02192593552172184,0.8091497421264648,0.4414825439453125,7.1283282676577535,0.0292456466704607,True,0,0,110,pred[110] <-> gt[110] <-> mask[110]
111,111,111,results/B_mask_20_30_reliability_inference/line_debug/0027_soft.png,/root/autodl-tmp/Inpainting/BundleFusion/B_imgs_gt/office0/00222.jpg,/root/autodl-tmp/Inpainting/masks/irregular_mask/mask_rates_20_30/0000795.png,0027_soft.png,00222.jpg,0000795.png,0027_soft,00222,0000795,"[256, 256]","[256, 256]","[256, 256]",False,False,0.217803955078125,14274,7.4117633225251245,5.607251910523228,0.03103562258183956,0.04095053672790527,8.08418595200569,0.035794176161289215,0.7866743803024292,0.3255767822265625,6.446915919029039,0.03486425802111626,False,0,0,111,pred[111] <-> gt[111] <-> mask[111]
112,112,112,results/B_mask_20_30_reliability_inference/frames/0028.png,/root/autodl-tmp/Inpainting/BundleFusion/B_imgs_gt/office0/00224.jpg,/root/autodl-tmp/Inpainting/masks/irregular_mask/mask_rates_20_30/0000810.png,0028.png,00224.jpg,0000810.png,0028,00224,0000810,"[256, 256]","[256, 256]","[256, 256]",False,False,0.22503662109375,14748,9.17811011670846,12.05270168346689,0.4521569013595581,0.5093204975128174,8.606840747902847,0.40242835879325867,0.6688327789306641,0.240997314453125,10.162942950513372,0.48651328682899475,True,0,0,112,pred[112] <-> gt[112] <-> mask[112]
113,113,113,results/B_mask_20_30_reliability_inference/line_debug/0028_center.png,/root/autodl-tmp/Inpainting/BundleFusion/B_imgs_gt/office0/00226.jpg,/root/autodl-tmp/Inpainting/masks/irregular_mask/mask_rates_20_30/0000815.png,0028_center.png,00226.jpg,0000815.png,0028_center,00226,0000815,"[256, 256]","[256, 256]","[256, 256]",False,False,0.2598876953125,17032,7.740173679302238,7.860920019353902,0.014646753668785095,0.014437074773013592,7.698558740581594,0.01157062966376543,0.8018786907196045,0.27618408203125,7.286140790310647,0.012417588382959366,True,0,0,113,pred[113] <-> gt[113] <-> mask[113]
114,114,114,results/B_mask_20_30_reliability_inference/line_debug/0028_reliability.png,/root/autodl-tmp/Inpainting/BundleFusion/B_imgs_gt/office0/00228.jpg,/root/autodl-tmp/Inpainting/masks/irregular_mask/mask_rates_20_30/0000819.png,0028_reliability.png,00228.jpg,0000819.png,0028_reliability,00228,0000819,"[256, 256]","[256, 256]","[256, 256]",False,False,0.27716064453125,18164,8.165583981289101,7.549806246186799,0.03647007420659065,0.03494245186448097,8.426962308708372,0.038256410509347916,0.8050551414489746,0.3649749755859375,8.358437334140321,0.036725111305713654,False,0,0,114,pred[114] <-> gt[114] <-> mask[114]
115,115,115,results/B_mask_20_30_reliability_inference/line_debug/0028_soft.png,/root/autodl-tmp/Inpainting/BundleFusion/B_imgs_gt/office0/00230.jpg,/root/autodl-tmp/Inpainting/masks/irregular_mask/mask_rates_20_30/0000826.png,0028_soft.png,00230.jpg,0000826.png,0028_soft,00230,0000826,"[256, 256]","[256, 256]","[256, 256]",False,False,0.297088623046875,19470,8.045925600428461,7.053257572436929,0.03665446862578392,0.018437767401337624,8.544899209281272,0.045820679515600204,0.8121120929718018,0.399658203125,7.518087658975924,0.032789479941129684,False,0,0,115,pred[115] <-> gt[115] <-> mask[115]
116,116,116,results/B_mask_20_30_reliability_inference/frames/0029.png,/root/autodl-tmp/Inpainting/BundleFusion/B_imgs_gt/office0/00232.jpg,/root/autodl-tmp/Inpainting/masks/irregular_mask/mask_rates_20_30/0000827.png,0029.png,00232.jpg,0000827.png,0029,00232,0000827,"[256, 256]","[256, 256]","[256, 256]",False,False,0.292205810546875,19150,9.419740330510061,11.297729375361882,0.4507819414138794,0.4564058780670166,8.831936252102132,0.3854837715625763,0.7297377586364746,0.3458099365234375,9.724415023574839,0.4507819414138794,True,0,0,116,pred[116] <-> gt[116] <-> mask[116]
117,117,117,results/B_mask_20_30_reliability_inference/line_debug/0029_center.png,/root/autodl-tmp/Inpainting/BundleFusion/B_imgs_gt/office0/00234.jpg,/root/autodl-tmp/Inpainting/masks/irregular_mask/mask_rates_20_30/0000829.png,0029_center.png,00234.jpg,0000829.png,0029_center,00234,0000829,"[256, 256]","[256, 256]","[256, 256]",False,False,0.20465087890625,13412,7.632607407160061,7.674860655012248,0.014211381785571575,0.013661429286003113,7.62180101575423,0.013631167821586132,0.790644645690918,0.3577880859375,7.018416826662773,0.0141760827973485,True,0,0,117,pred[117] <-> gt[117] <-> mask[117]
118,118,118,results/B_mask_20_30_reliability_inference/line_debug/0029_reliability.png,/root/autodl-tmp/Inpainting/BundleFusion/B_imgs_gt/office0/00236.jpg,/root/autodl-tmp/Inpainting/masks/irregular_mask/mask_rates_20_30/0000832.png,0029_reliability.png,00236.jpg,0000832.png,0029_reliability,00236,0000832,"[256, 256]","[256, 256]","[256, 256]",False,False,0.2267913818359375,14863,7.726941607972243,7.250027161032431,0.0275577399879694,0.006939736660569906,7.877371196895294,0.03450870141386986,0.7918767929077148,0.2457122802734375,7.388271981846093,0.008741005323827267,False,0,0,118,pred[118] <-> gt[118] <-> mask[118]
119,119,119,results/B_mask_20_30_reliability_inference/line_debug/0029_soft.png,/root/autodl-tmp/Inpainting/BundleFusion/B_imgs_gt/office0/00238.jpg,/root/autodl-tmp/Inpainting/masks/irregular_mask/mask_rates_20_30/0000833.png,0029_soft.png,00238.jpg,0000833.png,0029_soft,00238,0000833,"[256, 256]","[256, 256]","[256, 256]",False,False,0.2583160400390625,16929,7.725753063477924,7.427966562417543,0.028214259073138237,0.01684967614710331,7.834455543384198,0.0339871346950531,0.7902084589004517,0.3270263671875,7.815159530645421,0.028058191761374474,False,0,0,119,pred[119] <-> gt[119] <-> mask[119]
120,120,120,results/B_mask_20_30_reliability_inference/frames/0030.png,/root/autodl-tmp/Inpainting/BundleFusion/B_imgs_gt/office0/00240.jpg,/root/autodl-tmp/Inpainting/masks/irregular_mask/mask_rates_20_30/0000835.png,0030.png,00240.jpg,0000835.png,0030,00240,0000835,"[256, 256]","[256, 256]","[256, 256]",False,False,0.2651519775390625,17377,8.752304528815085,8.988932466552829,0.4005986750125885,0.5602879524230957,8.669992489299851,0.3642845153808594,0.7923619151115417,0.17462158203125,9.349325408873502,0.4861048758029938,True,0,0,120,pred[120] <-> gt[120] <-> mask[120]
121,121,121,results/B_mask_20_30_reliability_inference/line_debug/0030_center.png,/root/autodl-tmp/Inpainting/BundleFusion/B_imgs_gt/office0/00242.jpg,/root/autodl-tmp/Inpainting/masks/irregular_mask/mask_rates_20_30/0000842.png,0030_center.png,00242.jpg,0000842.png,0030_center,00242,0000842,"[256, 256]","[256, 256]","[256, 256]",False,False,0.283416748046875,18574,7.385027639149186,6.221094596081139,0.012616090476512909,0.009814920835196972,7.9479167351561975,0.01254172995686531,0.79262775182724,0.2050628662109375,6.926455416230576,0.010038928128778934,False,0,0,121,pred[121] <-> gt[121] <-> mask[121]
122,122,122,results/B_mask_20_30_reliability_inference/line_debug/0030_reliability.png,/root/autodl-tmp/Inpainting/BundleFusion/B_imgs_gt/office0/00244.jpg,/root/autodl-tmp/Inpainting/masks/irregular_mask/mask_rates_20_30/0000852.png,0030_reliability.png,00244.jpg,0000852.png,0030_reliability,00244,0000852,"[256, 256]","[256, 256]","[256, 256]",False,False,0.2161865234375,14168,7.641977803311855,7.789913372449538,0.02556816302239895,0.027943188324570656,7.6020456582649505,0.01890520192682743,0.8279089331626892,0.3110809326171875,7.3848283808915225,0.025574570521712303,True,0,0,122,pred[122] <-> gt[122] <-> mask[122]
123,123,123,results/B_mask_20_30_reliability_inference/line_debug/0030_soft.png,/root/autodl-tmp/Inpainting/BundleFusion/B_imgs_gt/office0/00246.jpg,/root/autodl-tmp/Inpainting/masks/irregular_mask/mask_rates_20_30/0000861.png,0030_soft.png,00246.jpg,0000861.png,0030_soft,00246,0000861,"[256, 256]","[256, 256]","[256, 256]",False,False,0.2041168212890625,13377,7.4498202679973105,9.55614644332133,0.02929891087114811,0.03148140758275986,7.041580596881804,0.02455161139369011,0.8277102708816528,0.281768798828125,7.5129311084781385,0.02929891087114811,True,0,0,123,pred[123] <-> gt[123] <-> mask[123]
124,124,124,results/B_mask_20_30_reliability_inference/frames/0031.png,/root/autodl-tmp/Inpainting/BundleFusion/B_imgs_gt/office0/00248.jpg,/root/autodl-tmp/Inpainting/masks/irregular_mask/mask_rates_20_30/0000862.png,0031.png,00248.jpg,0000862.png,0031,00248,0000862,"[256, 256]","[256, 256]","[256, 256]",False,False,0.2260894775390625,14817,9.642365078111524,12.033389808524856,0.4085765779018402,0.44454705715179443,9.13592744789316,0.3632659614086151,0.7632560133934021,0.272003173828125,10.40976431244986,0.42159655690193176,True,0,0,124,pred[124] <-> gt[124] <-> mask[124]
125,125,125,results/B_mask_20_30_reliability_inference/line_debug/0031_center.png,/root/autodl-tmp/Inpainting/BundleFusion/B_imgs_gt/office0/00250.jpg,/root/autodl-tmp/Inpainting/masks/irregular_mask/mask_rates_20_30/0000864.png,0031_center.png,00250.jpg,0000864.png,0031_center,00250,0000864,"[256, 256]","[256, 256]","[256, 256]",False,False,0.264312744140625,17322,7.962372505425429,7.99755530820256,0.014514297246932983,0.02409633807837963,7.949800879518994,0.005855994764715433,0.8138954639434814,0.2521820068359375,7.507581621922092,0.0169028639793396,True,0,0,125,pred[125] <-> gt[125] <-> mask[125]
126,126,126,results/B_mask_20_30_reliability_inference/line_debug/0031_reliability.png,/root/autodl-tmp/Inpainting/BundleFusion/B_imgs_gt/office0/00252.jpg,/root/autodl-tmp/Inpainting/masks/irregular_mask/mask_rates_20_30/0000886.png,0031_reliability.png,00252.jpg,0000886.png,0031_reliability,00252,0000886,"[256, 256]","[256, 256]","[256, 256]",False,False,0.297576904296875,19502,8.706414208874753,10.267407547828423,0.028815485537052155,0.028815485537052155,8.183671412344216,0.03227231651544571,0.7884639501571655,0.27337646484375,8.853063203982474,0.028815485537052155,True,0,0,126,pred[126] <-> gt[126] <-> mask[126]
127,127,127,results/B_mask_20_30_reliability_inference/line_debug/0031_soft.png,/root/autodl-tmp/Inpainting/BundleFusion/B_imgs_gt/office0/00254.jpg,/root/autodl-tmp/Inpainting/masks/irregular_mask/mask_rates_20_30/0000887.png,0031_soft.png,00254.jpg,0000887.png,0031_soft,00254,0000887,"[256, 256]","[256, 256]","[256, 256]",False,False,0.2468414306640625,16177,9.236680393886417,9.12181888350277,0.030710702762007713,0.030697518959641457,9.274995804225933,0.03546791151165962,0.7620564103126526,0.30352783203125,8.402897745659375,0.030710702762007713,False,0,0,127,pred[127] <-> gt[127] <-> mask[127]
128,128,128,results/B_mask_20_30_reliability_inference/frames/0032.png,/root/autodl-tmp/Inpainting/BundleFusion/B_imgs_gt/office0/00256.jpg,/root/autodl-tmp/Inpainting/masks/irregular_mask/mask_rates_20_30/0000888.png,0032.png,00256.jpg,0000888.png,0032,00256,0000888,"[256, 256]","[256, 256]","[256, 256]",False,False,0.2820892333984375,18487,7.922824867235931,5.993063443424265,0.33102694153785706,0.29563820362091064,9.000941543846675,0.3687455356121063,0.7483117580413818,0.2873382568359375,8.94739466281122,0.31665173172950745,False,0,0,128,pred[128] <-> gt[128] <-> mask[128]
129,129,129,results/B_mask_20_30_reliability_inference/line_debug/0032_center.png,/root/autodl-tmp/Inpainting/BundleFusion/B_imgs_gt/office0/00258.jpg,/root/autodl-tmp/Inpainting/masks/irregular_mask/mask_rates_20_30/0000909.png,0032_center.png,00258.jpg,0000909.png,0032_center,00258,0000909,"[256, 256]","[256, 256]","[256, 256]",False,False,0.2731170654296875,17899,9.534063324549102,12.435205940967082,0.02391689270734787,0.023485278710722923,8.803897249059741,0.02333100698888302,0.7695807218551636,0.2285614013671875,11.522925566976795,0.0264746006578207,True,0,0,129,pred[129] <-> gt[129] <-> mask[129]
130,130,130,results/B_mask_20_30_reliability_inference/line_debug/0032_reliability.png,/root/autodl-tmp/Inpainting/BundleFusion/B_imgs_gt/office0/00260.jpg,/root/autodl-tmp/Inpainting/masks/irregular_mask/mask_rates_20_30/0000911.png,0032_reliability.png,00260.jpg,0000911.png,0032_reliability,00260,0000911,"[256, 256]","[256, 256]","[256, 256]",False,False,0.241485595703125,15826,10.009554926188242,6.813294450039771,0.04961971566081047,0.05621500685811043,11.855258552190044,0.05938464403152466,0.74708092212677,0.1743316650390625,9.551195178939558,0.0536789707839489,False,0,0,130,pred[130] <-> gt[130] <-> mask[130]
131,131,131,results/B_mask_20_30_reliability_inference/line_debug/0032_soft.png,/root/autodl-tmp/Inpainting/BundleFusion/B_imgs_gt/office0/00262.jpg,/root/autodl-tmp/Inpainting/masks/irregular_mask/mask_rates_20_30/0000919.png,0032_soft.png,00262.jpg,0000919.png,0032_soft,00262,0000919,"[256, 256]","[256, 256]","[256, 256]",False,False,0.2163238525390625,14177,10.163949187109749,7.90523615112088,0.053275834769010544,0.055171698331832886,11.070025172812752,0.05286593735218048,0.7479050159454346,0.2357177734375,9.185982566434578,0.05774373188614845,False,0,0,131,pred[131] <-> gt[131] <-> mask[131]
132,132,132,results/B_mask_20_30_reliability_inference/frames/0033.png,/root/autodl-tmp/Inpainting/BundleFusion/B_imgs_gt/office0/00264.jpg,/root/autodl-tmp/Inpainting/masks/irregular_mask/mask_rates_20_30/0000920.png,0033.png,00264.jpg,0000920.png,0033,00264,0000920,"[256, 256]","[256, 256]","[256, 256]",False,False,0.2777557373046875,18203,7.6479424150480435,8.30215638889435,0.2283715009689331,0.20001430809497833,7.42044575862793,0.24401916563510895,0.7632516026496887,0.36077880859375,6.718220936254191,0.20915617048740387,True,0,0,132,pred[132] <-> gt[132] <-> mask[132]
133,133,133,results/B_mask_20_30_reliability_inference/line_debug/0033_center.png,/root/autodl-tmp/Inpainting/BundleFusion/B_imgs_gt/office0/00266.jpg,/root/autodl-tmp/Inpainting/masks/irregular_mask/mask_rates_20_30/0000921.png,0033_center.png,00266.jpg,0000921.png,0033_center,00266,0000921,"[256, 256]","[256, 256]","[256, 256]",False,False,0.248321533203125,16274,9.543200734860887,8.988522806169705,0.03396809473633766,0.03434079512953758,9.743193214196864,0.037825264036655426,0.7640722393989563,0.310638427734375,9.500893734666917,0.036627113819122314,False,0,0,133,pred[133] <-> gt[133] <-> mask[133]
134,134,134,results/B_mask_20_30_reliability_inference/line_debug/0033_reliability.png,/root/autodl-tmp/Inpainting/BundleFusion/B_imgs_gt/office0/00268.jpg,/root/autodl-tmp/Inpainting/masks/irregular_mask/mask_rates_20_30/0000936.png,0033_reliability.png,00268.jpg,0000936.png,0033_reliability,00268,0000936,"[256, 256]","[256, 256]","[256, 256]",False,False,0.2364654541015625,15497,9.619435637798844,8.255831021465662,0.05859503149986267,0.04699956998229027,10.146259400544865,0.06623546779155731,0.7461370229721069,0.242401123046875,12.302661951804254,0.05188976600766182,False,0,0,134,pred[134] <-> gt[134] <-> mask[134]
135,135,135,results/B_mask_20_30_reliability_inference/line_debug/0033_soft.png,/root/autodl-tmp/Inpainting/BundleFusion/B_imgs_gt/office0/00270.jpg,/root/autodl-tmp/Inpainting/masks/irregular_mask/mask_rates_20_30/0000940.png,0033_soft.png,00270.jpg,0000940.png,0033_soft,00270,0000940,"[256, 256]","[256, 256]","[256, 256]",False,False,0.2070159912109375,13567,8.72853265669761,6.991805341647178,0.058933958411216736,0.042546987533569336,9.32513599573184,0.06509946286678314,0.7585649490356445,0.2422332763671875,10.56205286992532,0.0446748323738575,False,0,0,135,pred[135] <-> gt[135] <-> mask[135]
136,136,136,results/B_mask_20_30_reliability_inference/frames/0034.png,/root/autodl-tmp/Inpainting/BundleFusion/B_imgs_gt/office0/00272.jpg,/root/autodl-tmp/Inpainting/masks/irregular_mask/mask_rates_20_30/0000945.png,0034.png,00272.jpg,0000945.png,0034,00272,0000945,"[256, 256]","[256, 256]","[256, 256]",False,False,0.2706756591796875,17739,7.276246059849702,7.587421563310731,0.23884451389312744,0.23884451389312744,7.16620509965967,0.2481638640165329,0.7345251441001892,0.4172210693359375,6.57862454923692,0.23884451389312744,True,0,0,136,pred[136] <-> gt[136] <-> mask[136]
137,137,137,results/B_mask_20_30_reliability_inference/line_debug/0034_center.png,/root/autodl-tmp/Inpainting/BundleFusion/B_imgs_gt/office0/00274.jpg,/root/autodl-tmp/Inpainting/masks/irregular_mask/mask_rates_20_30/0000953.png,0034_center.png,00274.jpg,0000953.png,0034_center,00274,0000953,"[256, 256]","[256, 256]","[256, 256]",False,False,0.2298736572265625,15065,6.390880623773026,8.51870649371609,0.013347773812711239,0.0188620463013649,5.915728361675951,0.010747554711997509,0.8313988447189331,0.3746337890625,6.059407072145633,0.016117483377456665,True,0,0,137,pred[137] <-> gt[137] <-> mask[137]
138,138,138,results/B_mask_20_30_reliability_inference/line_debug/0034_reliability.png,/root/autodl-tmp/Inpainting/BundleFusion/B_imgs_gt/office0/00276.jpg,/root/autodl-tmp/Inpainting/masks/irregular_mask/mask_rates_20_30/0000962.png,0034_reliability.png,00276.jpg,0000962.png,0034_reliability,00276,0000962,"[256, 256]","[256, 256]","[256, 256]",False,False,0.2893218994140625,18961,6.296756886715276,4.419638903457463,0.039147261530160904,0.04517345130443573,7.376442642748118,0.042865995317697525,0.7677375674247742,0.2240142822265625,5.640010882014247,0.04228333756327629,False,0,0,138,pred[138] <-> gt[138] <-> mask[138]
139,139,139,results/B_mask_20_30_reliability_inference/line_debug/0034_soft.png,/root/autodl-tmp/Inpainting/BundleFusion/B_imgs_gt/office0/00278.jpg,/root/autodl-tmp/Inpainting/masks/irregular_mask/mask_rates_20_30/0000967.png,0034_soft.png,00278.jpg,0000967.png,0034_soft,00278,0000967,"[256, 256]","[256, 256]","[256, 256]",False,False,0.2982025146484375,19543,4.683635343741973,6.73270873906426,0.02766100876033306,0.033253803849220276,4.039717404682984,0.020529143512248993,0.790941059589386,0.404571533203125,5.379393326244319,0.029035890474915504,True,0,0,139,pred[139] <-> gt[139] <-> mask[139]
140,140,140,results/B_mask_20_30_reliability_inference/frames/0035.png,/root/autodl-tmp/Inpainting/BundleFusion/B_imgs_gt/office0/00280.jpg,/root/autodl-tmp/Inpainting/masks/irregular_mask/mask_rates_20_30/0000974.png,0035.png,00280.jpg,0000974.png,0035,00280,0000974,"[256, 256]","[256, 256]","[256, 256]",False,False,0.2464752197265625,16153,7.305545603626619,11.956067741207633,0.24727748334407806,0.21708117425441742,6.459812336061005,0.2489502727985382,0.6910852789878845,0.3133697509765625,7.265208253705959,0.2529348134994507,True,0,0,140,pred[140] <-> gt[140] <-> mask[140]
141,141,141,results/B_mask_20_30_reliability_inference/line_debug/0035_center.png,/root/autodl-tmp/Inpainting/BundleFusion/B_imgs_gt/office0/00282.jpg,/root/autodl-tmp/Inpainting/masks/irregular_mask/mask_rates_20_30/0000977.png,0035_center.png,00282.jpg,0000977.png,0035_center,00282,0000977,"[256, 256]","[256, 256]","[256, 256]",False,False,0.2526092529296875,16555,3.926880975123483,2.9364578764116027,0.008179028518497944,0.0019110083812847733,4.320159069139371,0.011058622971177101,0.7355198264122009,0.2703857421875,3.5333954614156298,0.001656626001931727,False,0,0,141,pred[141] <-> gt[141] <-> mask[141]
142,142,142,results/B_mask_20_30_reliability_inference/line_debug/0035_reliability.png,/root/autodl-tmp/Inpainting/BundleFusion/B_imgs_gt/office0/00284.jpg,/root/autodl-tmp/Inpainting/masks/irregular_mask/mask_rates_20_30/0000979.png,0035_reliability.png,00284.jpg,0000979.png,0035_reliability,00284,0000979,"[256, 256]","[256, 256]","[256, 256]",False,False,0.274200439453125,17970,3.980682113928699,3.8098983327065215,0.016812115907669067,0.017210891470313072,4.046991891836323,0.01756659895181656,0.7513854503631592,0.343719482421875,3.7017329733011053,0.016822367906570435,False,0,0,142,pred[142] <-> gt[142] <-> mask[142]
143,143,143,results/B_mask_20_30_reliability_inference/line_debug/0035_soft.png,/root/autodl-tmp/Inpainting/BundleFusion/B_imgs_gt/office0/00286.jpg,/root/autodl-tmp/Inpainting/masks/irregular_mask/mask_rates_20_30/0000987.png,0035_soft.png,00286.jpg,0000987.png,0035_soft,00286,0000987,"[256, 256]","[256, 256]","[256, 256]",False,False,0.24053955078125,15764,3.9235496616790955,2.962089811276829,0.016231680288910866,0.007693277206271887,4.278526861663762,0.020770644769072533,0.7566128969192505,0.393218994140625,3.5319272716583985,0.016231680288910866,False,0,0,143,pred[143] <-> gt[143] <-> mask[143]
144,144,144,results/B_mask_20_30_reliability_inference/frames/0036.png,/root/autodl-tmp/Inpainting/BundleFusion/B_imgs_gt/office0/00288.jpg,/root/autodl-tmp/Inpainting/masks/irregular_mask/mask_rates_20_30/0000991.png,0036.png,00288.jpg,0000991.png,0036,00288,0000991,"[256, 256]","[256, 256]","[256, 256]",False,False,0.230133056640625,15082,6.473281709565332,7.060888439436171,0.220322847366333,0.18126189708709717,6.312026452646524,0.22848083078861237,0.7041535377502441,0.3210601806640625,6.964245010923301,0.21206553280353546,True,0,0,144,pred[144] <-> gt[144] <-> mask[144]
145,145,145,results/B_mask_20_30_reliability_inference/line_debug/0036_center.png,/root/autodl-tmp/Inpainting/BundleFusion/B_imgs_gt/office0/00290.jpg,/root/autodl-tmp/Inpainting/masks/irregular_mask/mask_rates_20_30/0000995.png,0036_center.png,00290.jpg,0000995.png,0036_center,00290,0000995,"[256, 256]","[256, 256]","[256, 256]",False,False,0.2151336669921875,14099,3.7363499547975696,2.6510780536932623,0.007504747714847326,0.004151641856878996,4.088166151902607,0.00922231562435627,0.8035569190979004,0.3938140869140625,3.214037546992779,0.007504747714847326,False,0,0,145,pred[145] <-> gt[145] <-> mask[145]
146,146,146,results/B_mask_20_30_reliability_inference/line_debug/0036_reliability.png,/root/autodl-tmp/Inpainting/BundleFusion/B_imgs_gt/office0/00292.jpg,/root/autodl-tmp/Inpainting/masks/irregular_mask/mask_rates_20_30/0001004.png,0036_reliability.png,00292.jpg,0001004.png,0036_reliability,00292,0001004,"[256, 256]","[256, 256]","[256, 256]",False,False,0.2693634033203125,17653,3.8717473927152293,3.6074453770270805,0.015882650390267372,0.015882650390267372,3.973392809641156,0.01503768190741539,0.8364859819412231,0.272705078125,4.923297954611314,0.015882650390267372,False,0,0,146,pred[146] <-> gt[146] <-> mask[146]
147,147,147,results/B_mask_20_30_reliability_inference/line_debug/0036_soft.png,/root/autodl-tmp/Inpainting/BundleFusion/B_imgs_gt/office0/00294.jpg,/root/autodl-tmp/Inpainting/masks/irregular_mask/mask_rates_20_30/0001015.png,0036_soft.png,00294.jpg,0001015.png,0036_soft,00294,0001015,"[256, 256]","[256, 256]","[256, 256]",False,False,0.2329254150390625,15265,3.99933189305147,3.057666680901187,0.01566893607378006,0.004026631359010935,4.330987115233437,0.01876651868224144,0.8605101108551025,0.1841888427734375,3.1632220047285617,0.01430556084960699,False,0,0,147,pred[147] <-> gt[147] <-> mask[147]
148,148,148,results/B_mask_20_30_reliability_inference/frames/0037.png,/root/autodl-tmp/Inpainting/BundleFusion/B_imgs_gt/office0/00296.jpg,/root/autodl-tmp/Inpainting/masks/irregular_mask/mask_rates_20_30/0001036.png,0037.png,00296.jpg,0001036.png,0037,00296,0001036,"[256, 256]","[256, 256]","[256, 256]",False,False,0.2147216796875,14072,7.855716929454253,8.977961893484093,0.3132518529891968,0.3043614327907562,7.593384202509387,0.27663323283195496,0.7681313753128052,0.38494873046875,7.861725239180876,0.3132518529891968,True,0,0,148,pred[148] <-> gt[148] <-> mask[148]
149,149,149,results/B_mask_20_30_reliability_inference/line_debug/0037_center.png,/root/autodl-tmp/Inpainting/BundleFusion/B_imgs_gt/office0/00298.jpg,/root/autodl-tmp/Inpainting/masks/irregular_mask/mask_rates_20_30/0001037.png,0037_center.png,00298.jpg,0001037.png,0037_center,00298,0001037,"[256, 256]","[256, 256]","[256, 256]",False,False,0.298583984375,19568,4.705191546880218,3.919974331094883,0.008032732643187046,0.005725514143705368,5.0879548414340805,0.011505109257996082,0.8021833300590515,0.3199920654296875,4.835460311951778,0.00699923699721694,False,0,0,149,pred[149] <-> gt[149] <-> mask[149]
150,150,150,results/B_mask_20_30_reliability_inference/line_debug/0037_reliability.png,/root/autodl-tmp/Inpainting/BundleFusion/B_imgs_gt/office0/00300.jpg,/root/autodl-tmp/Inpainting/masks/irregular_mask/mask_rates_20_30/0001061.png,0037_reliability.png,00300.jpg,0001061.png,0037_reliability,00300,0001061,"[256, 256]","[256, 256]","[256, 256]",False,False,0.2116241455078125,13869,5.1446166641989235,4.377323371513882,0.024710556492209435,0.023598311468958855,5.375949629599459,0.02343294396996498,0.8371502161026001,0.36273193359375,4.662475139689194,0.024710556492209435,False,0,0,150,pred[150] <-> gt[150] <-> mask[150]
151,151,151,results/B_mask_20_30_reliability_inference/line_debug/0037_soft.png,/root/autodl-tmp/Inpainting/BundleFusion/B_imgs_gt/office0/00302.jpg,/root/autodl-tmp/Inpainting/masks/irregular_mask/mask_rates_20_30/0001065.png,0037_soft.png,00302.jpg,0001065.png,0037_soft,00302,0001065,"[256, 256]","[256, 256]","[256, 256]",False,False,0.21600341796875,14156,5.633857318088965,3.6374708553651285,0.027120940387248993,0.006509287748485804,6.395120614752515,0.03243274241685867,0.8498024940490723,0.199432373046875,4.810669708935408,0.008015784434974194,False,0,0,151,pred[151] <-> gt[151] <-> mask[151]
152,152,152,results/B_mask_20_30_reliability_inference/frames/0038.png,/root/autodl-tmp/Inpainting/BundleFusion/B_imgs_gt/office0/00304.jpg,/root/autodl-tmp/Inpainting/masks/irregular_mask/mask_rates_20_30/0001066.png,0038.png,00304.jpg,0001066.png,0038,00304,0001066,"[256, 256]","[256, 256]","[256, 256]",False,False,0.249603271484375,16358,8.582188909749853,8.989029375599282,0.2819877862930298,0.27808934450149536,8.45489184825091,0.26165303587913513,0.7820074558258057,0.4657440185546875,8.26965891987116,0.2819877862930298,True,0,0,152,pred[152] <-> gt[152] <-> mask[152]
153,153,153,results/B_mask_20_30_reliability_inference/line_debug/0038_center.png,/root/autodl-tmp/Inpainting/BundleFusion/B_imgs_gt/office0/00306.jpg,/root/autodl-tmp/Inpainting/masks/irregular_mask/mask_rates_20_30/0001070.png,0038_center.png,00306.jpg,0001070.png,0038_center,00306,0001070,"[256, 256]","[256, 256]","[256, 256]",False,False,0.2714385986328125,17789,6.604317828634913,4.665995717016711,0.008951439522206783,0.010543164797127247,7.625770461014371,0.012002363801002502,0.8319768309593201,0.3372650146484375,6.1955669219532385,0.009364224039018154,False,0,0,153,pred[153] <-> gt[153] <-> mask[153]
154,154,154,results/B_mask_20_30_reliability_inference/line_debug/0038_reliability.png,/root/autodl-tmp/Inpainting/BundleFusion/B_imgs_gt/office0/00308.jpg,/root/autodl-tmp/Inpainting/masks/irregular_mask/mask_rates_20_30/0001073.png,0038_reliability.png,00308.jpg,0001073.png,0038_reliability,00308,0001073,"[256, 256]","[256, 256]","[256, 256]",False,False,0.260589599609375,17078,7.2377571945145185,5.79627648717183,0.019868047907948494,0.013179241679608822,7.886350072943554,0.024000102654099464,0.8156209588050842,0.2321624755859375,6.4001854804520395,0.018905580043792725,False,0,0,154,pred[154] <-> gt[154] <-> mask[154]
155,155,155,results/B_mask_20_30_reliability_inference/line_debug/0038_soft.png,/root/autodl-tmp/Inpainting/BundleFusion/B_imgs_gt/office0/00310.jpg,/root/autodl-tmp/Inpainting/masks/irregular_mask/mask_rates_20_30/0001081.png,0038_soft.png,00310.jpg,0001081.png,0038_soft,00310,0001081,"[256, 256]","[256, 256]","[256, 256]",False,False,0.2262115478515625,14825,7.919697964820234,6.38169102788005,0.028427502140402794,0.031396448612213135,8.495808606755347,0.028429893776774406,0.7823629379272461,0.2230377197265625,7.7312667235149775,0.028896963223814964,False,0,0,155,pred[155] <-> gt[155] <-> mask[155]
156,156,156,results/B_mask_20_30_reliability_inference/frames/0039.png,/root/autodl-tmp/Inpainting/BundleFusion/B_imgs_gt/office0/00312.jpg,/root/autodl-tmp/Inpainting/masks/irregular_mask/mask_rates_20_30/0001085.png,0039.png,00312.jpg,0001085.png,0039,00312,0001085,"[256, 256]","[256, 256]","[256, 256]",False,False,0.206817626953125,13554,10.523949432152333,9.398438719949445,0.353023886680603,0.3061169981956482,10.8725829257452,0.37051624059677124,0.6920143365859985,0.359283447265625,9.981448312787602,0.34349608421325684,False,0,0,156,pred[156] <-> gt[156] <-> mask[156]
157,157,157,results/B_mask_20_30_reliability_inference/line_debug/0039_center.png,/root/autodl-tmp/Inpainting/BundleFusion/B_imgs_gt/office0/00314.jpg,/root/autodl-tmp/Inpainting/masks/irregular_mask/mask_rates_20_30/0001089.png,0039_center.png,00314.jpg,0001089.png,0039_center,00314,0001089,"[256, 256]","[256, 256]","[256, 256]",False,False,0.2512054443359375,16463,9.400612210912794,11.989267982858362,0.03027264215052128,0.03951745480298996,8.791226543765905,0.02644304744899273,0.7514854073524475,0.257598876953125,9.565321102314822,0.03284982219338417,True,0,0,157,pred[157] <-> gt[157] <-> mask[157]
158,158,158,results/B_mask_20_30_reliability_inference/line_debug/0039_reliability.png,/root/autodl-tmp/Inpainting/BundleFusion/B_imgs_gt/office0/00316.jpg,/root/autodl-tmp/Inpainting/masks/irregular_mask/mask_rates_20_30/0001093.png,0039_reliability.png,00316.jpg,0001093.png,0039_reliability,00316,0001093,"[256, 256]","[256, 256]","[256, 256]",False,False,0.246856689453125,16178,10.881789441004962,9.592254019039482,0.07681464403867722,0.07193563133478165,11.404096378069843,0.07809953391551971,0.716546893119812,0.352081298828125,9.717178595786446,0.07664886862039566,False,0,0,158,pred[158] <-> gt[158] <-> mask[158]
159,159,159,results/B_mask_20_30_reliability_inference/line_debug/0039_soft.png,/root/autodl-tmp/Inpainting/BundleFusion/B_imgs_gt/office0/00318.jpg,/root/autodl-tmp/Inpainting/masks/irregular_mask/mask_rates_20_30/0001094.png,0039_soft.png,00318.jpg,0001094.png,0039_soft,00318,0001094,"[256, 256]","[256, 256]","[256, 256]",False,False,0.234130859375,15344,12.116239980571548,10.619955333284441,0.09106114506721497,0.08455151319503784,12.69986398668527,0.10475127398967743,0.6898369789123535,0.3854827880859375,11.585683291374933,0.09106114506721497,False,0,0,159,pred[159] <-> gt[159] <-> mask[159]
160,160,160,results/B_mask_20_30_reliability_inference/frames/0040.png,/root/autodl-tmp/Inpainting/BundleFusion/B_imgs_gt/office0/00320.jpg,/root/autodl-tmp/Inpainting/masks/irregular_mask/mask_rates_20_30/0001109.png,0040.png,00320.jpg,0001109.png,0040,00320,0001109,"[256, 256]","[256, 256]","[256, 256]",False,False,0.27642822265625,18116,8.35473314231417,7.92301594965436,0.2403751015663147,0.2371881604194641,8.53169680334783,0.2411452978849411,0.6816426515579224,0.2541961669921875,9.976406306027169,0.23083831369876862,False,0,0,160,pred[160] <-> gt[160] <-> mask[160]
161,161,161,results/B_mask_20_30_reliability_inference/line_debug/0040_center.png,/root/autodl-tmp/Inpainting/BundleFusion/B_imgs_gt/office0/00322.jpg,/root/autodl-tmp/Inpainting/masks/irregular_mask/mask_rates_20_30/0001117.png,0040_center.png,00322.jpg,0001117.png,0040_center,00322,0001117,"[256, 256]","[256, 256]","[256, 256]",False,False,0.2343597412109375,15359,13.133897526351097,11.998020986233888,0.0702095627784729,0.05545526742935181,13.550663012266543,0.06943028420209885,0.6944258213043213,0.18731689453125,12.005817412480674,0.05501061677932739,False,0,0,161,pred[161] <-> gt[161] <-> mask[161]
162,162,162,results/B_mask_20_30_reliability_inference/line_debug/0040_reliability.png,/root/autodl-tmp/Inpainting/BundleFusion/B_imgs_gt/office0/00324.jpg,/root/autodl-tmp/Inpainting/masks/irregular_mask/mask_rates_20_30/0001125.png,0040_reliability.png,00324.jpg,0001125.png,0040_reliability,00324,0001125,"[256, 256]","[256, 256]","[256, 256]",False,False,0.20556640625,13472,15.051703523019677,14.974507681627372,0.11326396465301514,0.11508351564407349,15.071904627511099,0.11450812220573425,0.6675655841827393,0.5235595703125,15.42408407636813,0.11326396465301514,False,0,0,162,pred[162] <-> gt[162] <-> mask[162]
163,163,163,results/B_mask_20_30_reliability_inference/line_debug/0040_soft.png,/root/autodl-tmp/Inpainting/BundleFusion/B_imgs_gt/office0/00326.jpg,/root/autodl-tmp/Inpainting/masks/irregular_mask/mask_rates_20_30/0001128.png,0040_soft.png,00326.jpg,0001128.png,0040_soft,00326,0001128,"[256, 256]","[256, 256]","[256, 256]",False,False,0.272979736328125,17890,14.933499914117473,14.621756167182053,0.10120648145675659,0.10366826504468918,15.05658391466621,0.09124624729156494,0.6702775359153748,0.2852325439453125,14.020343563375876,0.10120648145675659,False,0,0,163,pred[163] <-> gt[163] <-> mask[163]
164,164,164,results/B_mask_20_30_reliability_inference/frames/0041.png,/root/autodl-tmp/Inpainting/BundleFusion/B_imgs_gt/office0/00328.jpg,/root/autodl-tmp/Inpainting/masks/irregular_mask/mask_rates_20_30/0001136.png,0041.png,00328.jpg,0001136.png,0041,00328,0001136,"[256, 256]","[256, 256]","[256, 256]",False,False,0.2371978759765625,15545,8.51705349511885,9.740425345223764,0.22718028724193573,0.22813372313976288,8.197567224324438,0.22459304332733154,0.6750881671905518,0.339569091796875,8.056398523902711,0.22440771758556366,True,0,0,164,pred[164] <-> gt[164] <-> mask[164]
165,165,165,results/B_mask_20_30_reliability_inference/line_debug/0041_center.png,/root/autodl-tmp/Inpainting/BundleFusion/B_imgs_gt/office0/00330.jpg,/root/autodl-tmp/Inpainting/masks/irregular_mask/mask_rates_20_30/0001156.png,0041_center.png,00330.jpg,0001156.png,0041_center,00330,0001156,"[256, 256]","[256, 256]","[256, 256]",False,False,0.225006103515625,14746,13.902268068940922,17.61923540723903,0.05107292905449867,0.06426461786031723,13.231687792105426,0.04386228695511818,0.7074213027954102,0.246612548828125,14.284876783290311,0.05904044583439827,True,0,0,165,pred[165] <-> gt[165] <-> mask[165]
166,166,166,results/B_mask_20_30_reliability_inference/line_debug/0041_reliability.png,/root/autodl-tmp/Inpainting/BundleFusion/B_imgs_gt/office0/00332.jpg,/root/autodl-tmp/Inpainting/masks/irregular_mask/mask_rates_20_30/0001169.png,0041_reliability.png,00332.jpg,0001169.png,0041_reliability,00332,0001169,"[256, 256]","[256, 256]","[256, 256]",False,False,0.2637481689453125,17285,14.802532549671874,14.182520852052033,0.08754532784223557,0.08768809586763382,15.048089869310918,0.09477542340755463,0.6875693798065186,0.2987518310546875,13.969383761776548,0.08754532784223557,False,0,0,166,pred[166] <-> gt[166] <-> mask[166]
167,167,167,results/B_mask_20_30_reliability_inference/line_debug/0041_soft.png,/root/autodl-tmp/Inpainting/BundleFusion/B_imgs_gt/office0/00334.jpg,/root/autodl-tmp/Inpainting/masks/irregular_mask/mask_rates_20_30/0001171.png,0041_soft.png,00334.jpg,0001171.png,0041_soft,00334,0001171,"[256, 256]","[256, 256]","[256, 256]",False,False,0.2813720703125,18440,14.1527827881787,13.06850744830918,0.07900312542915344,0.0786953940987587,14.663952938322408,0.08428109437227249,0.7020487785339355,0.42169189453125,13.760236282527586,0.07900312542915344,False,0,0,167,pred[167] <-> gt[167] <-> mask[167]
168,168,168,results/B_mask_20_30_reliability_inference/frames/0042.png,/root/autodl-tmp/Inpainting/BundleFusion/B_imgs_gt/office0/00336.jpg,/root/autodl-tmp/Inpainting/masks/irregular_mask/mask_rates_20_30/0001175.png,0042.png,00336.jpg,0001175.png,0042,00336,0001175,"[256, 256]","[256, 256]","[256, 256]",False,False,0.2717742919921875,17811,11.06230527918185,10.372528307025119,0.3347308337688446,0.3348625600337982,11.35066430411493,0.3418863117694855,0.6730802655220032,0.28466796875,9.84575335278871,0.33284249901771545,False,0,0,168,pred[168] <-> gt[168] <-> mask[168]
169,169,169,results/B_mask_20_30_reliability_inference/line_debug/0042_center.png,/root/autodl-tmp/Inpainting/BundleFusion/B_imgs_gt/office0/00338.jpg,/root/autodl-tmp/Inpainting/masks/irregular_mask/mask_rates_20_30/0001190.png,0042_center.png,00338.jpg,0001190.png,0042_center,00338,0001190,"[256, 256]","[256, 256]","[256, 256]",False,False,0.27740478515625,18180,11.024357635776106,11.557645395771523,0.03187820687890053,0.03682894632220268,10.835849433289418,0.034023504704236984,0.6990147829055786,0.3842926025390625,11.067041005120045,0.03258403763175011,True,0,0,169,pred[169] <-> gt[169] <-> mask[169]
170,170,170,results/B_mask_20_30_reliability_inference/line_debug/0042_reliability.png,/root/autodl-tmp/Inpainting/BundleFusion/B_imgs_gt/office0/00340.jpg,/root/autodl-tmp/Inpainting/masks/irregular_mask/mask_rates_20_30/0001193.png,0042_reliability.png,00340.jpg,0001193.png,0042_reliability,00340,0001193,"[256, 256]","[256, 256]","[256, 256]",False,False,0.2064361572265625,13529,10.622442005143906,9.417604410159818,0.039234574884176254,0.04089794680476189,10.999567855212891,0.035184595733881,0.7055157423019409,0.290771484375,10.578236172656869,0.039234574884176254,False,0,0,170,pred[170] <-> gt[170] <-> mask[170]
171,171,171,results/B_mask_20_30_reliability_inference/line_debug/0042_soft.png,/root/autodl-tmp/Inpainting/BundleFusion/B_imgs_gt/office0/00342.jpg,/root/autodl-tmp/Inpainting/masks/irregular_mask/mask_rates_20_30/0001200.png,0042_soft.png,00342.jpg,0001200.png,0042_soft,00342,0001200,"[256, 256]","[256, 256]","[256, 256]",False,False,0.24951171875,16352,9.764967922128445,9.38477707034535,0.03263035789132118,0.03302749991416931,9.899116617374165,0.02983034960925579,0.7329884171485901,0.2154998779296875,9.4614630734651,0.03843173757195473,False,0,0,171,pred[171] <-> gt[171] <-> mask[171]
172,172,172,results/B_mask_20_30_reliability_inference/frames/0043.png,/root/autodl-tmp/Inpainting/BundleFusion/B_imgs_gt/office0/00344.jpg,/root/autodl-tmp/Inpainting/masks/irregular_mask/mask_rates_20_30/0001202.png,0043.png,00344.jpg,0001202.png,0043,00344,0001202,"[256, 256]","[256, 256]","[256, 256]",False,False,0.22332763671875,14636,9.864061599759733,8.817092922729636,0.209941565990448,0.1896684318780899,10.218583386864692,0.22495034337043762,0.7040338516235352,0.402069091796875,9.55854761057805,0.209941565990448,False,0,0,172,pred[172] <-> gt[172] <-> mask[172]
173,173,173,results/B_mask_20_30_reliability_inference/line_debug/0043_center.png,/root/autodl-tmp/Inpainting/BundleFusion/B_imgs_gt/office0/00346.jpg,/root/autodl-tmp/Inpainting/masks/irregular_mask/mask_rates_20_30/0001207.png,0043_center.png,00346.jpg,0001207.png,0043_center,00346,0001207,"[256, 256]","[256, 256]","[256, 256]",False,False,0.2078399658203125,13621,9.331306275567687,7.949053822797863,0.02064286358654499,0.020091243088245392,9.780805123187626,0.02360018715262413,0.7416107654571533,0.3213958740234375,8.355517730506815,0.02064286358654499,False,0,0,173,pred[173] <-> gt[173] <-> mask[173]
174,174,174,results/B_mask_20_30_reliability_inference/line_debug/0043_reliability.png,/root/autodl-tmp/Inpainting/BundleFusion/B_imgs_gt/office0/00348.jpg,/root/autodl-tmp/Inpainting/masks/irregular_mask/mask_rates_20_30/0001211.png,0043_reliability.png,00348.jpg,0001211.png,0043_reliability,00348,0001211,"[256, 256]","[256, 256]","[256, 256]",False,False,0.244232177734375,16006,9.261075213303382,12.777728834511029,0.038794904947280884,0.07564607262611389,8.544607587261716,0.02589474804699421,0.7378717660903931,0.18511962890625,11.033997923277507,0.058530282229185104,True,0,0,174,pred[174] <-> gt[174] <-> mask[174]
175,175,175,results/B_mask_20_30_reliability_inference/line_debug/0043_soft.png,/root/autodl-tmp/Inpainting/BundleFusion/B_imgs_gt/office0/00350.jpg,/root/autodl-tmp/Inpainting/masks/irregular_mask/mask_rates_20_30/0001220.png,0043_soft.png,00350.jpg,0001220.png,0043_soft,00350,0001220,"[256, 256]","[256, 256]","[256, 256]",False,False,0.2451019287109375,16063,8.61156738217866,8.712724811461568,0.03394409641623497,0.03394409641623497,8.579223461955026,0.032682180404663086,0.7416834235191345,0.37005615234375,8.832976880839954,0.03394409641623497,True,0,0,175,pred[175] <-> gt[175] <-> mask[175]
176,176,176,results/B_mask_20_30_reliability_inference/frames/0044.png,/root/autodl-tmp/Inpainting/BundleFusion/B_imgs_gt/office0/00352.jpg,/root/autodl-tmp/Inpainting/masks/irregular_mask/mask_rates_20_30/0001232.png,0044.png,00352.jpg,0001232.png,0044,00352,0001232,"[256, 256]","[256, 256]","[256, 256]",False,False,0.202972412109375,13302,10.160697325197457,10.23277125293692,0.23295891284942627,0.2359439879655838,10.142532582510299,0.24118734896183014,0.7538332939147949,0.3396148681640625,9.456345864217713,0.2311089038848877,True,0,0,176,pred[176] <-> gt[176] <-> mask[176]
177,177,177,results/B_mask_20_30_reliability_inference/line_debug/0044_center.png,/root/autodl-tmp/Inpainting/BundleFusion/B_imgs_gt/office0/00354.jpg,/root/autodl-tmp/Inpainting/masks/irregular_mask/mask_rates_20_30/0001240.png,0044_center.png,00354.jpg,0001240.png,0044_center,00354,0001240,"[256, 256]","[256, 256]","[256, 256]",False,False,0.216705322265625,14202,8.363729371403894,6.3206678667376135,0.017794417217373848,0.002792200306430459,9.153032292666529,0.022036923095583916,0.761667788028717,0.2129669189453125,7.070493056664335,0.011058774776756763,False,0,0,177,pred[177] <-> gt[177] <-> mask[177]
178,178,178,results/B_mask_20_30_reliability_inference/line_debug/0044_reliability.png,/root/autodl-tmp/Inpainting/BundleFusion/B_imgs_gt/office0/00356.jpg,/root/autodl-tmp/Inpainting/masks/irregular_mask/mask_rates_20_30/0001241.png,0044_reliability.png,00356.jpg,0001241.png,0044_reliability,00356,0001241,"[256, 256]","[256, 256]","[256, 256]",False,False,0.21954345703125,14388,8.737014064040983,11.082334426286893,0.03723295032978058,0.054399579763412476,8.25501167480078,0.03791308403015137,0.7517229914665222,0.2380218505859375,10.429147747565384,0.042560141533613205,True,0,0,178,pred[178] <-> gt[178] <-> mask[178]
179,179,179,results/B_mask_20_30_reliability_inference/line_debug/0044_soft.png,/root/autodl-tmp/Inpainting/BundleFusion/B_imgs_gt/office0/00358.jpg,/root/autodl-tmp/Inpainting/masks/irregular_mask/mask_rates_20_30/0001242.png,0044_soft.png,00358.jpg,0001242.png,0044_soft,00358,0001242,"[256, 256]","[256, 256]","[256, 256]",False,False,0.267333984375,17520,8.801974878735138,8.825515492496434,0.04286763072013855,0.04955992475152016,8.793417538296373,0.05006658285856247,0.7498090267181396,0.2729949951171875,9.839325373590619,0.04785848781466484,True,0,0,179,pred[179] <-> gt[179] <-> mask[179]
180,180,180,results/B_mask_20_30_reliability_inference/frames/0045.png,/root/autodl-tmp/Inpainting/BundleFusion/B_imgs_gt/office0/00360.jpg,/root/autodl-tmp/Inpainting/masks/irregular_mask/mask_rates_20_30/0001244.png,0045.png,00360.jpg,0001244.png,0045,00360,0001244,"[256, 256]","[256, 256]","[256, 256]",False,False,0.2619476318359375,17167,10.567244146608077,8.612826089975192,0.2503216564655304,0.21847784519195557,11.54566910347263,0.28051915764808655,0.7422743439674377,0.142547607421875,10.494893198574628,0.2442285567522049,False,0,0,180,pred[180] <-> gt[180] <-> mask[180]
181,181,181,results/B_mask_20_30_reliability_inference/line_debug/0045_center.png,/root/autodl-tmp/Inpainting/BundleFusion/B_imgs_gt/office0/00362.jpg,/root/autodl-tmp/Inpainting/masks/irregular_mask/mask_rates_20_30/0001245.png,0045_center.png,00362.jpg,0001245.png,0045_center,00362,0001245,"[256, 256]","[256, 256]","[256, 256]",False,False,0.256988525390625,16842,8.602397261618371,10.308573111455551,0.021988486871123314,0.02541327476501465,8.139916183168673,0.016429102048277855,0.7898978590965271,0.250518798828125,8.969739477367103,0.02151866815984249,True,0,0,181,pred[181] <-> gt[181] <-> mask[181]
182,182,182,results/B_mask_20_30_reliability_inference/line_debug/0045_reliability.png,/root/autodl-tmp/Inpainting/BundleFusion/B_imgs_gt/office0/00364.jpg,/root/autodl-tmp/Inpainting/masks/irregular_mask/mask_rates_20_30/0001253.png,0045_reliability.png,00364.jpg,0001253.png,0045_reliability,00364,0001253,"[256, 256]","[256, 256]","[256, 256]",False,False,0.2399139404296875,15723,8.954072166476365,11.630760885684658,0.037881311029195786,0.047230977565050125,8.36518661781063,0.03393450379371643,0.7863723635673523,0.2492218017578125,10.742178921134766,0.04049823805689812,True,0,0,182,pred[182] <-> gt[182] <-> mask[182]
183,183,183,results/B_mask_20_30_reliability_inference/line_debug/0045_soft.png,/root/autodl-tmp/Inpainting/BundleFusion/B_imgs_gt/office0/00366.jpg,/root/autodl-tmp/Inpainting/masks/irregular_mask/mask_rates_20_30/0001263.png,0045_soft.png,00366.jpg,0001263.png,0045_soft,00366,0001263,"[256, 256]","[256, 256]","[256, 256]",False,False,0.2035980224609375,13343,9.118339770506125,6.728839317100102,0.035793859511613846,0.022500546649098396,10.020341125481234,0.04138624295592308,0.778022289276123,0.1805877685546875,8.000002927982916,0.0408838726580143,False,0,0,183,pred[183] <-> gt[183] <-> mask[183]
184,184,184,results/B_mask_20_30_reliability_inference/frames/0046.png,/root/autodl-tmp/Inpainting/BundleFusion/B_imgs_gt/office0/00368.jpg,/root/autodl-tmp/Inpainting/masks/irregular_mask/mask_rates_20_30/0001274.png,0046.png,00368.jpg,0001274.png,0046,00368,0001274,"[256, 256]","[256, 256]","[256, 256]",False,False,0.2509307861328125,16445,10.170538418214743,10.94252843616388,0.22737805545330048,0.22730834782123566,9.939847219582537,0.2282620370388031,0.709730327129364,0.3359832763671875,10.362622584196581,0.22737805545330048,True,0,0,184,pred[184] <-> gt[184] <-> mask[184]
185,185,185,results/B_mask_20_30_reliability_inference/line_debug/0046_center.png,/root/autodl-tmp/Inpainting/BundleFusion/B_imgs_gt/office0/00370.jpg,/root/autodl-tmp/Inpainting/masks/irregular_mask/mask_rates_20_30/0001278.png,0046_center.png,00370.jpg,0001278.png,0046_center,00370,0001278,"[256, 256]","[256, 256]","[256, 256]",False,False,0.2221221923828125,14557,8.742591345523595,9.44493422725872,0.015107639133930206,0.017831571400165558,8.561253939995165,0.0119634373113513,0.7636747360229492,0.3920745849609375,9.23507996127629,0.015107639133930206,True,0,0,185,pred[185] <-> gt[185] <-> mask[185]
186,186,186,results/B_mask_20_30_reliability_inference/line_debug/0046_reliability.png,/root/autodl-tmp/Inpainting/BundleFusion/B_imgs_gt/office0/00372.jpg,/root/autodl-tmp/Inpainting/masks/irregular_mask/mask_rates_20_30/0001285.png,0046_reliability.png,00372.jpg,0001285.png,0046_reliability,00372,0001285,"[256, 256]","[256, 256]","[256, 256]",False,False,0.227294921875,14896,9.047805293094711,6.8572391680232325,0.025159424170851707,0.029712319374084473,9.97886217652281,0.028044579550623894,0.7556650638580322,0.2790374755859375,9.159610270774012,0.02676502801477909,False,0,0,186,pred[186] <-> gt[186] <-> mask[186]
187,187,187,results/B_mask_20_30_reliability_inference/line_debug/0046_soft.png,/root/autodl-tmp/Inpainting/BundleFusion/B_imgs_gt/office0/00374.jpg,/root/autodl-tmp/Inpainting/masks/irregular_mask/mask_rates_20_30/0001291.png,0046_soft.png,00374.jpg,0001291.png,0046_soft,00374,0001291,"[256, 256]","[256, 256]","[256, 256]",False,False,0.2371368408203125,15541,9.138549547991538,8.737449461198509,0.025463106110692024,0.0294633898884058,9.27117597485161,0.01728886179625988,0.7541487216949463,0.3350067138671875,8.087826078247183,0.026258796453475952,False,0,0,187,pred[187] <-> gt[187] <-> mask[187]
188,188,188,results/B_mask_20_30_reliability_inference/frames/0047.png,/root/autodl-tmp/Inpainting/BundleFusion/B_imgs_gt/office0/00376.jpg,/root/autodl-tmp/Inpainting/masks/irregular_mask/mask_rates_20_30/0001298.png,0047.png,00376.jpg,0001298.png,0047,00376,0001298,"[256, 256]","[256, 256]","[256, 256]",False,False,0.202117919921875,13246,9.236837817053704,7.83740089422966,0.22114074230194092,0.1873530000448227,9.67665678062611,0.2370300441980362,0.7396125793457031,0.2881011962890625,8.983844959327891,0.19775529205799103,False,0,0,188,pred[188] <-> gt[188] <-> mask[188]
189,189,189,results/B_mask_20_30_reliability_inference/line_debug/0047_center.png,/root/autodl-tmp/Inpainting/BundleFusion/B_imgs_gt/office0/00378.jpg,/root/autodl-tmp/Inpainting/masks/irregular_mask/mask_rates_20_30/0001300.png,0047_center.png,00378.jpg,0001300.png,0047_center,00378,0001300,"[256, 256]","[256, 256]","[256, 256]",False,False,0.212127685546875,13902,8.685322357849023,10.198959431295286,0.012193813920021057,0.021482639014720917,8.354179606901006,0.00629390636458993,0.7901502847671509,0.1721649169921875,8.653968608954077,0.014733749441802502,True,0,0,189,pred[189] <-> gt[189] <-> mask[189]
190,190,190,results/B_mask_20_30_reliability_inference/line_debug/0047_reliability.png,/root/autodl-tmp/Inpainting/BundleFusion/B_imgs_gt/office0/00380.jpg,/root/autodl-tmp/Inpainting/masks/irregular_mask/mask_rates_20_30/0001311.png,0047_reliability.png,00380.jpg,0001311.png,0047_reliability,00380,0001311,"[256, 256]","[256, 256]","[256, 256]",False,False,0.231414794921875,15166,8.98391390271672,7.321112571973714,0.02321249432861805,0.02256895788013935,9.641239430093657,0.023434124886989594,0.7777866721153259,0.2996673583984375,7.48330790875244,0.020043302327394485,False,0,0,190,pred[190] <-> gt[190] <-> mask[190]
191,191,191,results/B_mask_20_30_reliability_inference/line_debug/0047_soft.png,/root/autodl-tmp/Inpainting/BundleFusion/B_imgs_gt/office0/00382.jpg,/root/autodl-tmp/Inpainting/masks/irregular_mask/mask_rates_20_30/0001323.png,0047_soft.png,00382.jpg,0001323.png,0047_soft,00382,0001323,"[256, 256]","[256, 256]","[256, 256]",False,False,0.2731170654296875,17899,9.319592456437856,7.657428632285466,0.02423926256597042,0.019725412130355835,10.156096071868886,0.026111256331205368,0.7790629863739014,0.3079681396484375,8.53065716255199,0.0208645761013031,False,0,0,191,pred[191] <-> gt[191] <-> mask[191]
192,192,192,results/B_mask_20_30_reliability_inference/frames/0048.png,/root/autodl-tmp/Inpainting/BundleFusion/B_imgs_gt/office0/00384.jpg,/root/autodl-tmp/Inpainting/masks/irregular_mask/mask_rates_20_30/0001326.png,0048.png,00384.jpg,0001326.png,0048,00384,0001326,"[256, 256]","[256, 256]","[256, 256]",False,False,0.210784912109375,13814,9.88367292290178,10.75657627327768,0.2627049684524536,0.1956244856119156,9.677447997311665,0.2878144681453705,0.7930344343185425,0.3828887939453125,8.731456711373372,0.22660642862319946,True,0,0,192,pred[192] <-> gt[192] <-> mask[192]
193,193,193,results/B_mask_20_30_reliability_inference/line_debug/0048_center.png,/root/autodl-tmp/Inpainting/BundleFusion/B_imgs_gt/office0/00386.jpg,/root/autodl-tmp/Inpainting/masks/irregular_mask/mask_rates_20_30/0001335.png,0048_center.png,00386.jpg,0001335.png,0048_center,00386,0001335,"[256, 256]","[256, 256]","[256, 256]",False,False,0.279144287109375,18294,9.392894687974149,11.413485786589167,0.010625679977238178,0.012212436646223068,8.808392512105657,0.010279649868607521,0.8015629053115845,0.2539825439453125,9.915392813328841,0.010620366781949997,True,0,0,193,pred[193] <-> gt[193] <-> mask[193]
194,194,194,results/B_mask_20_30_reliability_inference/line_debug/0048_reliability.png,/root/autodl-tmp/Inpainting/BundleFusion/B_imgs_gt/office0/00388.jpg,/root/autodl-tmp/Inpainting/masks/irregular_mask/mask_rates_20_30/0001336.png,0048_reliability.png,00388.jpg,0001336.png,0048_reliability,00388,0001336,"[256, 256]","[256, 256]","[256, 256]",False,False,0.20751953125,13600,9.387354579754327,10.255532929872606,0.027546921744942665,0.02658921666443348,9.186033806374782,0.02998005785048008,0.8230119943618774,0.313934326171875,9.21647959679631,0.027546921744942665,True,0,0,194,pred[194] <-> gt[194] <-> mask[194]
195,195,195,results/B_mask_20_30_reliability_inference/line_debug/0048_soft.png,/root/autodl-tmp/Inpainting/BundleFusion/B_imgs_gt/office0/00390.jpg,/root/autodl-tmp/Inpainting/masks/irregular_mask/mask_rates_20_30/0001340.png,0048_soft.png,00390.jpg,0001340.png,0048_soft,00390,0001340,"[256, 256]","[256, 256]","[256, 256]",False,False,0.2246551513671875,14723,9.951840513034377,6.872011028563543,0.03129750117659569,0.023089542984962463,11.495286359662973,0.03464523330330849,0.8384259939193726,0.3111724853515625,9.364701951445776,0.027794169262051582,False,0,0,195,pred[195] <-> gt[195] <-> mask[195]
196,196,196,results/B_mask_20_30_reliability_inference/frames/0049.png,/root/autodl-tmp/Inpainting/BundleFusion/B_imgs_gt/office0/00392.jpg,/root/autodl-tmp/Inpainting/masks/irregular_mask/mask_rates_20_30/0001352.png,0049.png,00392.jpg,0001352.png,0049,00392,0001352,"[256, 256]","[256, 256]","[256, 256]",False,False,0.21197509765625,13892,8.65712486091009,7.851812374428096,0.24137216806411743,0.2559371888637543,8.901907027244661,0.2336546629667282,0.7631359100341797,0.4130096435546875,8.501485105819157,0.24677252769470215,False,0,0,196,pred[196] <-> gt[196] <-> mask[196]
197,197,197,results/B_mask_20_30_reliability_inference/line_debug/0049_center.png,/root/autodl-tmp/Inpainting/BundleFusion/B_imgs_gt/office0/00394.jpg,/root/autodl-tmp/Inpainting/masks/irregular_mask/mask_rates_20_30/0001358.png,0049_center.png,00394.jpg,0001358.png,0049_center,00394,0001358,"[256, 256]","[256, 256]","[256, 256]",False,False,0.2573394775390625,16865,9.39732691020527,8.919457955179604,0.016239555552601814,0.016553601250052452,9.575992588277266,0.014172106981277466,0.7936603426933289,0.3936920166015625,9.483373749755463,0.016239555552601814,False,0,0,197,pred[197] <-> gt[197] <-> mask[197]
198,198,198,results/B_mask_20_30_reliability_inference/line_debug/0049_reliability.png,/root/autodl-tmp/Inpainting/BundleFusion/B_imgs_gt/office0/00396.jpg,/root/autodl-tmp/Inpainting/masks/irregular_mask/mask_rates_20_30/0001376.png,0049_reliability.png,00396.jpg,0001376.png,0049_reliability,00396,0001376,"[256, 256]","[256, 256]","[256, 256]",False,False,0.2957000732421875,19379,9.20025160122991,8.721660218369609,0.031313251703977585,0.03303438052535057,9.418048973126956,0.030549651011824608,0.771980881690979,0.4139862060546875,9.206834766168239,0.031313251703977585,False,0,0,198,pred[198] <-> gt[198] <-> mask[198]
199,199,199,results/B_mask_20_30_reliability_inference/line_debug/0049_soft.png,/root/autodl-tmp/Inpainting/BundleFusion/B_imgs_gt/office0/00398.jpg,/root/autodl-tmp/Inpainting/masks/irregular_mask/mask_rates_20_30/0001386.png,0049_soft.png,00398.jpg,0001386.png,0049_soft,00398,0001386,"[256, 256]","[256, 256]","[256, 256]",False,False,0.258026123046875,16910,9.055405370927742,9.762142704988854,0.030513368546962738,0.030684256926178932,8.834313148654205,0.028878914192318916,0.7841824293136597,0.26251220703125,8.340405417584627,0.030513368546962738,True,0,0,199,pred[199] <-> gt[199] <-> mask[199]
200,200,200,results/B_mask_20_30_reliability_inference/frames/0050.png,/root/autodl-tmp/Inpainting/BundleFusion/B_imgs_gt/office0/00400.jpg,/root/autodl-tmp/Inpainting/masks/irregular_mask/mask_rates_20_30/0001393.png,0050.png,00400.jpg,0001393.png,0050,00400,0001393,"[256, 256]","[256, 256]","[256, 256]",False,False,0.2925567626953125,19173,9.943789951907414,11.000374007917033,0.3374830186367035,0.34218788146972656,9.572291956299491,0.342812180519104,0.7073900699615479,0.302215576171875,9.67452415737969,0.3522946834564209,True,0,0,200,pred[200] <-> gt[200] <-> mask[200]
201,201,201,results/B_mask_20_30_reliability_inference/line_debug/0050_center.png,/root/autodl-tmp/Inpainting/BundleFusion/B_imgs_gt/office0/00402.jpg,/root/autodl-tmp/Inpainting/masks/irregular_mask/mask_rates_20_30/0001396.png,0050_center.png,00402.jpg,0001396.png,0050_center,00402,0001396,"[256, 256]","[256, 256]","[256, 256]",False,False,0.2926177978515625,19177,8.79527163808823,9.874668528572188,0.006731912959367037,0.006552066653966904,8.416899308734742,0.005790527909994125,0.8326347470283508,0.32379150390625,7.843481922370106,0.00692138122394681,True,0,0,201,pred[201] <-> gt[201] <-> mask[201]
202,202,202,results/B_mask_20_30_reliability_inference/line_debug/0050_reliability.png,/root/autodl-tmp/Inpainting/BundleFusion/B_imgs_gt/office0/00404.jpg,/root/autodl-tmp/Inpainting/masks/irregular_mask/mask_rates_20_30/0001399.png,0050_reliability.png,00404.jpg,0001399.png,0050_reliability,00404,0001399,"[256, 256]","[256, 256]","[256, 256]",False,False,0.225830078125,14800,9.706157938044388,7.968910793824103,0.01741630770266056,0.016040680930018425,10.37875925406125,0.01807922124862671,0.7989228963851929,0.2925262451171875,9.98458472794152,0.017354976385831833,False,0,0,202,pred[202] <-> gt[202] <-> mask[202]
203,203,203,results/B_mask_20_30_reliability_inference/line_debug/0050_soft.png,/root/autodl-tmp/Inpainting/BundleFusion/B_imgs_gt/office0/00406.jpg,/root/autodl-tmp/Inpainting/masks/irregular_mask/mask_rates_20_30/0001400.png,0050_soft.png,00406.jpg,0001400.png,0050_soft,00406,0001400,"[256, 256]","[256, 256]","[256, 256]",False,False,0.2648773193359375,17359,10.07193186548962,7.724417430844572,0.01840638928115368,0.018014216795563698,11.369769773416108,0.020575741305947304,0.8011912107467651,0.326263427734375,10.537279769082183,0.018455302342772484,False,0,0,203,pred[203] <-> gt[203] <-> mask[203]
204,204,204,results/B_mask_20_30_reliability_inference/frames/0051.png,/root/autodl-tmp/Inpainting/BundleFusion/B_imgs_gt/office0/00408.jpg,/root/autodl-tmp/Inpainting/masks/irregular_mask/mask_rates_20_30/0001407.png,0051.png,00408.jpg,0001407.png,0051,00408,0001407,"[256, 256]","[256, 256]","[256, 256]",False,False,0.2307281494140625,15121,9.801519079343233,12.107471645326884,0.29134446382522583,0.3803088366985321,9.295555846791139,0.2732391357421875,0.7070046663284302,0.232147216796875,10.914233499866102,0.33005276322364807,True,0,0,204,pred[204] <-> gt[204] <-> mask[204]
205,205,205,results/B_mask_20_30_reliability_inference/line_debug/0051_center.png,/root/autodl-tmp/Inpainting/BundleFusion/B_imgs_gt/office0/00410.jpg,/root/autodl-tmp/Inpainting/masks/irregular_mask/mask_rates_20_30/0001419.png,0051_center.png,00410.jpg,0001419.png,0051_center,00410,0001419,"[256, 256]","[256, 256]","[256, 256]",False,False,0.2852020263671875,18691,10.01867324365741,8.643660824941856,0.007841247133910656,0.007365764584392309,10.717399456990977,0.009165366180241108,0.7993236184120178,0.2094573974609375,10.866126742716363,0.007920090109109879,False,0,0,205,pred[205] <-> gt[205] <-> mask[205]
206,206,206,results/B_mask_20_30_reliability_inference/line_debug/0051_reliability.png,/root/autodl-tmp/Inpainting/BundleFusion/B_imgs_gt/office0/00412.jpg,/root/autodl-tmp/Inpainting/masks/irregular_mask/mask_rates_20_30/0001433.png,0051_reliability.png,00412.jpg,0001433.png,0051_reliability,00412,0001433,"[256, 256]","[256, 256]","[256, 256]",False,False,0.222259521484375,14566,10.658606281579306,9.231479133699763,0.031305596232414246,0.031305596232414246,11.170451322237014,0.032015640288591385,0.7613125443458557,0.34521484375,11.202010757964665,0.031305596232414246,False,0,0,206,pred[206] <-> gt[206] <-> mask[206]
207,207,207,results/B_mask_20_30_reliability_inference/line_debug/0051_soft.png,/root/autodl-tmp/Inpainting/BundleFusion/B_imgs_gt/office0/00414.jpg,/root/autodl-tmp/Inpainting/masks/irregular_mask/mask_rates_20_30/0001441.png,0051_soft.png,00414.jpg,0001441.png,0051_soft,00414,0001441,"[256, 256]","[256, 256]","[256, 256]",False,False,0.2317047119140625,15185,11.467052612126691,10.89083167005472,0.042154062539339066,0.04191963002085686,11.656979797250585,0.03942692279815674,0.763249933719635,0.2605133056640625,10.957297716434564,0.04074689745903015,False,0,0,207,pred[207] <-> gt[207] <-> mask[207]
208,208,208,results/B_mask_20_30_reliability_inference/frames/0052.png,/root/autodl-tmp/Inpainting/BundleFusion/B_imgs_gt/office0/00416.jpg,/root/autodl-tmp/Inpainting/masks/irregular_mask/mask_rates_20_30/0001445.png,0052.png,00416.jpg,0001445.png,0052,00416,0001445,"[256, 256]","[256, 256]","[256, 256]",False,False,0.2711639404296875,17771,8.088017414760634,9.983789048252893,0.20691406726837158,0.27046477794647217,7.551086006985674,0.1754387468099594,0.7298225164413452,0.1978607177734375,6.815631503015819,0.23073644936084747,True,0,0,208,pred[208] <-> gt[208] <-> mask[208]
209,209,209,results/B_mask_20_30_reliability_inference/line_debug/0052_center.png,/root/autodl-tmp/Inpainting/BundleFusion/B_imgs_gt/office0/00418.jpg,/root/autodl-tmp/Inpainting/masks/irregular_mask/mask_rates_20_30/0001461.png,0052_center.png,00418.jpg,0001461.png,0052_center,00418,0001461,"[256, 256]","[256, 256]","[256, 256]",False,False,0.288299560546875,18894,11.225901838181278,11.615371303971012,0.02350582182407379,0.024744311347603798,11.077563207166587,0.02222719043493271,0.7655009627342224,0.2793121337890625,10.98465802383918,0.02488679252564907,True,0,0,209,pred[209] <-> gt[209] <-> mask[209]
210,210,210,results/B_mask_20_30_reliability_inference/line_debug/0052_reliability.png,/root/autodl-tmp/Inpainting/BundleFusion/B_imgs_gt/office0/00420.jpg,/root/autodl-tmp/Inpainting/masks/irregular_mask/mask_rates_20_30/0001468.png,0052_reliability.png,00420.jpg,0001468.png,0052_reliability,00420,0001468,"[256, 256]","[256, 256]","[256, 256]",False,False,0.277252197265625,18170,12.479111448562739,12.284820425680671,0.0417831651866436,0.043931812047958374,12.556012356740695,0.04288003221154213,0.741169810295105,0.3818817138671875,13.182442767403778,0.04358630254864693,False,0,0,210,pred[210] <-> gt[210] <-> mask[210]
211,211,211,results/B_mask_20_30_reliability_inference/line_debug/0052_soft.png,/root/autodl-tmp/Inpainting/BundleFusion/B_imgs_gt/office0/00422.jpg,/root/autodl-tmp/Inpainting/masks/irregular_mask/mask_rates_20_30/0001476.png,0052_soft.png,00422.jpg,0001476.png,0052_soft,00422,0001476,"[256, 256]","[256, 256]","[256, 256]",False,False,0.234039306640625,15338,12.40377900754102,12.863834274020265,0.04707054793834686,0.048723191022872925,12.272405949116061,0.04496859759092331,0.7356196641921997,0.28668212890625,11.977220970057578,0.04815603792667389,True,0,0,211,pred[211] <-> gt[211] <-> mask[211]
212,212,212,results/B_mask_20_30_reliability_inference/frames/0053.png,/root/autodl-tmp/Inpainting/BundleFusion/B_imgs_gt/office0/00424.jpg,/root/autodl-tmp/Inpainting/masks/irregular_mask/mask_rates_20_30/0001489.png,0053.png,00424.jpg,0001489.png,0053,00424,0001489,"[256, 256]","[256, 256]","[256, 256]",False,False,0.2957305908203125,19381,8.21693780078443,10.597195022241149,0.20439518988132477,0.2129499465227127,7.508521910026593,0.20527170598506927,0.7295292615890503,0.366729736328125,7.700152518660398,0.2049870491027832,True,0,0,212,pred[212] <-> gt[212] <-> mask[212]
213,213,213,results/B_mask_20_30_reliability_inference/line_debug/0053_center.png,/root/autodl-tmp/Inpainting/BundleFusion/B_imgs_gt/office0/00426.jpg,/root/autodl-tmp/Inpainting/masks/irregular_mask/mask_rates_20_30/0001494.png,0053_center.png,00426.jpg,0001494.png,0053_center,00426,0001494,"[256, 256]","[256, 256]","[256, 256]",False,False,0.28564453125,18720,12.823632056107364,12.932715287206992,0.034133926033973694,0.034076105803251266,12.780768706522707,0.030906781554222107,0.722831666469574,0.339385986328125,12.142292881250382,0.034133926033973694,True,0,0,213,pred[213] <-> gt[213] <-> mask[213]
214,214,214,results/B_mask_20_30_reliability_inference/line_debug/0053_reliability.png,/root/autodl-tmp/Inpainting/BundleFusion/B_imgs_gt/office0/00428.jpg,/root/autodl-tmp/Inpainting/masks/irregular_mask/mask_rates_20_30/0001498.png,0053_reliability.png,00428.jpg,0001498.png,0053_reliability,00428,0001498,"[256, 256]","[256, 256]","[256, 256]",False,False,0.2025604248046875,13275,14.127472815693789,15.085271639528354,0.06958127021789551,0.07464373111724854,13.9144497771989,0.06939229369163513,0.7059494853019714,0.3235321044921875,14.449036528090291,0.07019779831171036,True,0,0,214,pred[214] <-> gt[214] <-> mask[214]
215,215,215,results/B_mask_20_30_reliability_inference/line_debug/0053_soft.png,/root/autodl-tmp/Inpainting/BundleFusion/B_imgs_gt/office0/00430.jpg,/root/autodl-tmp/Inpainting/masks/irregular_mask/mask_rates_20_30/0001500.png,0053_soft.png,00430.jpg,0001500.png,0053_soft,00430,0001500,"[256, 256]","[256, 256]","[256, 256]",False,False,0.281158447265625,18426,13.851690560262629,14.97165321560352,0.06017473340034485,0.06005347892642021,13.481777550132016,0.06727822870016098,0.7070218920707703,0.34051513671875,13.814675298534954,0.06016072630882263,True,0,0,215,pred[215] <-> gt[215] <-> mask[215]
216,216,216,results/B_mask_20_30_reliability_inference/frames/0054.png,/root/autodl-tmp/Inpainting/BundleFusion/B_imgs_gt/office0/00432.jpg,/root/autodl-tmp/Inpainting/masks/irregular_mask/mask_rates_20_30/0001522.png,0054.png,00432.jpg,0001522.png,0054,00432,0001522,"[256, 256]","[256, 256]","[256, 256]",False,False,0.25994873046875,17036,8.072141143923671,7.790354178666764,0.22775113582611084,0.22775113582611084,8.175625619120172,0.21366828680038452,0.7337921857833862,0.277252197265625,7.512789489264198,0.22775113582611084,False,0,0,216,pred[216] <-> gt[216] <-> mask[216]
217,217,217,results/B_mask_20_30_reliability_inference/line_debug/0054_center.png,/root/autodl-tmp/Inpainting/BundleFusion/B_imgs_gt/office0/00434.jpg,/root/autodl-tmp/Inpainting/masks/irregular_mask/mask_rates_20_30/0001523.png,0054_center.png,00434.jpg,0001523.png,0054_center,00434,0001523,"[256, 256]","[256, 256]","[256, 256]",False,False,0.2892608642578125,18957,11.64364693247979,12.792875342960066,0.026753129437565804,0.029819173738360405,11.250992851697399,0.023891936987638474,0.7187564373016357,0.25994873046875,13.054174542327765,0.02684124745428562,True,0,0,217,pred[217] <-> gt[217] <-> mask[217]
218,218,218,results/B_mask_20_30_reliability_inference/line_debug/0054_reliability.png,/root/autodl-tmp/Inpainting/BundleFusion/B_imgs_gt/office0/00436.jpg,/root/autodl-tmp/Inpainting/masks/irregular_mask/mask_rates_20_30/0001533.png,0054_reliability.png,00436.jpg,0001533.png,0054_reliability,00436,0001533,"[256, 256]","[256, 256]","[256, 256]",False,False,0.2734222412109375,17919,12.646307850701067,13.760867781703748,0.039604444056749344,0.051168423146009445,12.291292571925027,0.03809072822332382,0.7183692455291748,0.29559326171875,14.755257725208697,0.045307379215955734,True,0,0,218,pred[218] <-> gt[218] <-> mask[218]
219,219,219,results/B_mask_20_30_reliability_inference/line_debug/0054_soft.png,/root/autodl-tmp/Inpainting/BundleFusion/B_imgs_gt/office0/00438.jpg,/root/autodl-tmp/Inpainting/masks/irregular_mask/mask_rates_20_30/0001559.png,0054_soft.png,00438.jpg,0001559.png,0054_soft,00438,0001559,"[256, 256]","[256, 256]","[256, 256]",False,False,0.244659423828125,16034,12.52511579007592,14.439440438854295,0.040114421397447586,0.05875026062130928,12.050562511881648,0.03389395400881767,0.724788248538971,0.2322235107421875,13.607742625353774,0.0552818737924099,True,0,0,219,pred[219] <-> gt[219] <-> mask[219]
220,220,220,results/B_mask_20_30_reliability_inference/frames/0055.png,/root/autodl-tmp/Inpainting/BundleFusion/B_imgs_gt/office0/00440.jpg,/root/autodl-tmp/Inpainting/masks/irregular_mask/mask_rates_20_30/0001572.png,0055.png,00440.jpg,0001572.png,0055,00440,0001572,"[256, 256]","[256, 256]","[256, 256]",False,False,0.230438232421875,15102,8.256865187354697,13.407581066871515,0.21532361209392548,0.27498337626457214,7.436270654900286,0.1839337795972824,0.7341692447662354,0.3058013916015625,10.477536916149406,0.23564310371875763,True,0,0,220,pred[220] <-> gt[220] <-> mask[220]
221,221,221,results/B_mask_20_30_reliability_inference/line_debug/0055_center.png,/root/autodl-tmp/Inpainting/BundleFusion/B_imgs_gt/office0/00442.jpg,/root/autodl-tmp/Inpainting/masks/irregular_mask/mask_rates_20_30/0001581.png,0055_center.png,00442.jpg,0001581.png,0055_center,00442,0001581,"[256, 256]","[256, 256]","[256, 256]",False,False,0.2839813232421875,18611,11.625089597232677,11.316452596307032,0.02603454329073429,0.025199374184012413,11.753842516157967,0.027967313304543495,0.7315233945846558,0.384002685546875,11.676236067422561,0.02507021091878414,False,0,0,221,pred[221] <-> gt[221] <-> mask[221]
222,222,222,results/B_mask_20_30_reliability_inference/line_debug/0055_reliability.png,/root/autodl-tmp/Inpainting/BundleFusion/B_imgs_gt/office0/00444.jpg,/root/autodl-tmp/Inpainting/masks/irregular_mask/mask_rates_20_30/0001600.png,0055_reliability.png,00444.jpg,0001600.png,0055_reliability,00444,0001600,"[256, 256]","[256, 256]","[256, 256]",False,False,0.2649993896484375,17367,12.63763858330515,14.896042080052162,0.04444814845919609,0.055456459522247314,12.045048445086856,0.043918631970882416,0.7312241792678833,0.2489471435546875,13.880434150556134,0.05040977522730827,True,0,0,222,pred[222] <-> gt[222] <-> mask[222]
223,223,223,results/B_mask_20_30_reliability_inference/line_debug/0055_soft.png,/root/autodl-tmp/Inpainting/BundleFusion/B_imgs_gt/office0/00446.jpg,/root/autodl-tmp/Inpainting/masks/irregular_mask/mask_rates_20_30/0001617.png,0055_soft.png,00446.jpg,0001617.png,0055_soft,00446,0001617,"[256, 256]","[256, 256]","[256, 256]",False,False,0.2286376953125,14984,12.483126597140718,14.112317302199136,0.042541176080703735,0.06993630528450012,12.098048282722413,0.0358155220746994,0.7305461168289185,0.16925048828125,15.232526715482885,0.06202340126037598,True,0,0,223,pred[223] <-> gt[223] <-> mask[223]
224,224,224,results/B_mask_20_30_reliability_inference/frames/0056.png,/root/autodl-tmp/Inpainting/BundleFusion/B_imgs_gt/office0/00448.jpg,/root/autodl-tmp/Inpainting/masks/irregular_mask/mask_rates_20_30/0001619.png,0056.png,00448.jpg,0001619.png,0056,00448,0001619,"[256, 256]","[256, 256]","[256, 256]",False,False,0.2472076416015625,16201,8.030291993897151,7.900554017525306,0.2218068689107895,0.22735202312469482,8.073755203296676,0.21043339371681213,0.7246601581573486,0.190185546875,7.995279965449107,0.22297222912311554,False,0,0,224,pred[224] <-> gt[224] <-> mask[224]
225,225,225,results/B_mask_20_30_reliability_inference/line_debug/0056_center.png,/root/autodl-tmp/Inpainting/BundleFusion/B_imgs_gt/office0/00450.jpg,/root/autodl-tmp/Inpainting/masks/irregular_mask/mask_rates_20_30/0001621.png,0056_center.png,00450.jpg,0001621.png,0056_center,00450,0001621,"[256, 256]","[256, 256]","[256, 256]",False,False,0.276824951171875,18142,11.224041319276497,12.460026082223337,0.02401200495660305,0.029189102351665497,10.83065213676436,0.013786610215902328,0.774712085723877,0.325958251953125,12.524581158034977,0.025655455887317657,True,0,0,225,pred[225] <-> gt[225] <-> mask[225]
226,226,226,results/B_mask_20_30_reliability_inference/line_debug/0056_reliability.png,/root/autodl-tmp/Inpainting/BundleFusion/B_imgs_gt/office0/00452.jpg,/root/autodl-tmp/Inpainting/masks/irregular_mask/mask_rates_20_30/0001650.png,0056_reliability.png,00452.jpg,0001650.png,0056_reliability,00452,0001650,"[256, 256]","[256, 256]","[256, 256]",False,False,0.211944580078125,13890,11.520958546070592,13.23269509885951,0.044356781989336014,0.0449102409183979,11.156238289148812,0.027988675981760025,0.7655362486839294,0.2744598388671875,13.818631213087919,0.044356781989336014,True,0,0,226,pred[226] <-> gt[226] <-> mask[226]
227,227,227,results/B_mask_20_30_reliability_inference/line_debug/0056_soft.png,/root/autodl-tmp/Inpainting/BundleFusion/B_imgs_gt/office0/00454.jpg,/root/autodl-tmp/Inpainting/masks/irregular_mask/mask_rates_20_30/0001656.png,0056_soft.png,00454.jpg,0001656.png,0056_soft,00454,0001656,"[256, 256]","[256, 256]","[256, 256]",False,False,0.2620849609375,17176,11.464557341979091,13.653175657020109,0.04071953892707825,0.041178569197654724,10.893234470470725,0.032684896141290665,0.74819415807724,0.2606048583984375,12.727262697736483,0.04384933039546013,True,0,0,227,pred[227] <-> gt[227] <-> mask[227]
228,228,228,results/B_mask_20_30_reliability_inference/frames/0057.png,/root/autodl-tmp/Inpainting/BundleFusion/B_imgs_gt/office0/00456.jpg,/root/autodl-tmp/Inpainting/masks/irregular_mask/mask_rates_20_30/0001662.png,0057.png,00456.jpg,0001662.png,0057,00456,0001662,"[256, 256]","[256, 256]","[256, 256]",False,False,0.2622833251953125,17189,7.692535168391366,5.694676178693272,0.16928942501544952,0.1502288579940796,8.703483655671558,0.18736252188682556,0.7201825380325317,0.26593017578125,8.812733891889708,0.16726058721542358,False,0,0,228,pred[228] <-> gt[228] <-> mask[228]
229,229,229,results/B_mask_20_30_reliability_inference/line_debug/0057_center.png,/root/autodl-tmp/Inpainting/BundleFusion/B_imgs_gt/office0/00458.jpg,/root/autodl-tmp/Inpainting/masks/irregular_mask/mask_rates_20_30/0001663.png,0057_center.png,00458.jpg,0001663.png,0057_center,00458,0001663,"[256, 256]","[256, 256]","[256, 256]",False,False,0.271484375,17792,11.011181079401961,11.64932809614379,0.01356608048081398,0.01721414551138878,10.795466118771653,0.01148397009819746,0.7343631982803345,0.2786102294921875,11.180866398679782,0.01513240858912468,True,0,0,229,pred[229] <-> gt[229] <-> mask[229]
230,230,230,results/B_mask_20_30_reliability_inference/line_debug/0057_reliability.png,/root/autodl-tmp/Inpainting/BundleFusion/B_imgs_gt/office0/00460.jpg,/root/autodl-tmp/Inpainting/masks/irregular_mask/mask_rates_20_30/0001672.png,0057_reliability.png,00460.jpg,0001672.png,0057_reliability,00460,0001672,"[256, 256]","[256, 256]","[256, 256]",False,False,0.2823944091796875,18507,11.536044268379928,12.633292094803048,0.03361479938030243,0.032715924084186554,11.170319988988158,0.03034857288002968,0.7237491607666016,0.33172607421875,11.654800002275733,0.032841164618730545,True,0,0,230,pred[230] <-> gt[230] <-> mask[230]
231,231,231,results/B_mask_20_30_reliability_inference/line_debug/0057_soft.png,/root/autodl-tmp/Inpainting/BundleFusion/B_imgs_gt/office0/00462.jpg,/root/autodl-tmp/Inpainting/masks/irregular_mask/mask_rates_20_30/0001681.png,0057_soft.png,00462.jpg,0001681.png,0057_soft,00462,0001681,"[256, 256]","[256, 256]","[256, 256]",False,False,0.2630615234375,17240,11.263425769391631,12.028831020770587,0.03098476678133011,0.031032023951411247,11.019882920155428,0.02538490481674671,0.7398910522460938,0.2237701416015625,9.882461206469102,0.03098476678133011,True,0,0,231,pred[231] <-> gt[231] <-> mask[231]
232,232,232,results/B_mask_20_30_reliability_inference/frames/0058.png,/root/autodl-tmp/Inpainting/BundleFusion/B_imgs_gt/office0/00464.jpg,/root/autodl-tmp/Inpainting/masks/irregular_mask/mask_rates_20_30/0001690.png,0058.png,00464.jpg,0001690.png,0058,00464,0001690,"[256, 256]","[256, 256]","[256, 256]",False,False,0.268463134765625,17594,7.5930810624804295,6.877348171625938,0.16438107192516327,0.16520947217941284,7.888448056585311,0.1657668650150299,0.7062340974807739,0.267852783203125,7.541865878522376,0.16438107192516327,False,0,0,232,pred[232] <-> gt[232] <-> mask[232]
233,233,233,results/B_mask_20_30_reliability_inference/line_debug/0058_center.png,/root/autodl-tmp/Inpainting/BundleFusion/B_imgs_gt/office0/00466.jpg,/root/autodl-tmp/Inpainting/masks/irregular_mask/mask_rates_20_30/0001698.png,0058_center.png,00466.jpg,0001698.png,0058_center,00466,0001698,"[256, 256]","[256, 256]","[256, 256]",False,False,0.2872772216796875,18827,9.509657784297069,10.755889601710834,0.009902230463922024,0.006969371344894171,9.093568594829947,0.012724668718874454,0.7402397394180298,0.305816650390625,9.146061533317173,0.009232060052454472,True,0,0,233,pred[233] <-> gt[233] <-> mask[233]
234,234,234,results/B_mask_20_30_reliability_inference/line_debug/0058_reliability.png,/root/autodl-tmp/Inpainting/BundleFusion/B_imgs_gt/office0/00468.jpg,/root/autodl-tmp/Inpainting/masks/irregular_mask/mask_rates_20_30/0001719.png,0058_reliability.png,00468.jpg,0001719.png,0058_reliability,00468,0001719,"[256, 256]","[256, 256]","[256, 256]",False,False,0.22503662109375,14748,9.807310209072455,12.503728794601741,0.025344548746943474,0.027254516258835793,9.259993650385628,0.022821707651019096,0.7403911352157593,0.306976318359375,11.877189859467741,0.02587677538394928,True,0,0,234,pred[234] <-> gt[234] <-> mask[234]
235,235,235,results/B_mask_20_30_reliability_inference/line_debug/0058_soft.png,/root/autodl-tmp/Inpainting/BundleFusion/B_imgs_gt/office0/00470.jpg,/root/autodl-tmp/Inpainting/masks/irregular_mask/mask_rates_20_30/0001728.png,0058_soft.png,00470.jpg,0001728.png,0058_soft,00470,0001728,"[256, 256]","[256, 256]","[256, 256]",False,False,0.2012786865234375,13191,9.85397249258863,12.789528666900974,0.026959164068102837,0.029381154105067253,9.347031021480358,0.025405025109648705,0.745361328125,0.4130096435546875,11.31641623027122,0.027775242924690247,True,0,0,235,pred[235] <-> gt[235] <-> mask[235]
236,236,236,results/B_mask_20_30_reliability_inference/frames/0059.png,/root/autodl-tmp/Inpainting/BundleFusion/B_imgs_gt/office0/00472.jpg,/root/autodl-tmp/Inpainting/masks/irregular_mask/mask_rates_20_30/0001757.png,0059.png,00472.jpg,0001757.png,0059,00472,0001757,"[256, 256]","[256, 256]","[256, 256]",False,False,0.2324981689453125,15237,7.259651788583926,6.233884743699617,0.1634184569120407,0.14895455539226532,7.625104077723883,0.19477485120296478,0.7082290649414062,0.256500244140625,7.467612245568614,0.1672275811433792,False,0,0,236,pred[236] <-> gt[236] <-> mask[236]
237,237,237,results/B_mask_20_30_reliability_inference/line_debug/0059_center.png,/root/autodl-tmp/Inpainting/BundleFusion/B_imgs_gt/office0/00474.jpg,/root/autodl-tmp/Inpainting/masks/irregular_mask/mask_rates_20_30/0001769.png,0059_center.png,00474.jpg,0001769.png,0059_center,00474,0001769,"[256, 256]","[256, 256]","[256, 256]",False,False,0.260833740234375,17094,9.566317184813652,9.391406196083318,0.009258409030735493,0.009749459102749825,9.629760001617338,0.007949051447212696,0.7685248255729675,0.3781890869140625,9.472693598799804,0.009346358478069305,False,0,0,237,pred[237] <-> gt[237] <-> mask[237]
238,238,238,results/B_mask_20_30_reliability_inference/line_debug/0059_reliability.png,/root/autodl-tmp/Inpainting/BundleFusion/B_imgs_gt/office0/00476.jpg,/root/autodl-tmp/Inpainting/masks/irregular_mask/mask_rates_20_30/0001777.png,0059_reliability.png,00476.jpg,0001777.png,0059_reliability,00476,0001777,"[256, 256]","[256, 256]","[256, 256]",False,False,0.294097900390625,19274,10.030588530362763,9.923064419423612,0.028673963621258736,0.031130298972129822,10.076183649834151,0.02199653536081314,0.7634602189064026,0.251495361328125,8.980715885554964,0.029538458213210106,False,0,0,238,pred[238] <-> gt[238] <-> mask[238]
239,239,239,results/B_mask_20_30_reliability_inference/line_debug/0059_soft.png,/root/autodl-tmp/Inpainting/BundleFusion/B_imgs_gt/office0/00478.jpg,/root/autodl-tmp/Inpainting/masks/irregular_mask/mask_rates_20_30/0001781.png,0059_soft.png,00478.jpg,0001781.png,0059_soft,00478,0001781,"[256, 256]","[256, 256]","[256, 256]",False,False,0.2139892578125,14024,9.54351210672513,11.779867250235526,0.03169868886470795,0.02933310903608799,9.091967157872094,0.029298635199666023,0.7703834772109985,0.1973724365234375,10.931732457629387,0.034117985516786575,True,0,0,239,pred[239] <-> gt[239] <-> mask[239]
240,240,240,results/B_mask_20_30_reliability_inference/frames/0060.png,/root/autodl-tmp/Inpainting/BundleFusion/B_imgs_gt/office0/00480.jpg,/root/autodl-tmp/Inpainting/masks/irregular_mask/mask_rates_20_30/0001799.png,0060.png,00480.jpg,0001799.png,0060,00480,0001799,"[256, 256]","[256, 256]","[256, 256]",False,False,0.233123779296875,15278,8.646082381831171,8.17712036391726,0.22974009811878204,0.3023369014263153,8.799295704390396,0.22054560482501984,0.6946789026260376,0.262451171875,7.872625808727016,0.26846209168434143,False,0,0,240,pred[240] <-> gt[240] <-> mask[240]
241,241,241,results/B_mask_20_30_reliability_inference/line_debug/0060_center.png,/root/autodl-tmp/Inpainting/BundleFusion/B_imgs_gt/office0/00482.jpg,/root/autodl-tmp/Inpainting/masks/irregular_mask/mask_rates_20_30/0001801.png,0060_center.png,00482.jpg,0001801.png,0060_center,00482,0001801,"[256, 256]","[256, 256]","[256, 256]",False,False,0.207366943359375,13590,8.406113940082031,7.445564841583825,0.006518570706248283,0.0051139043644070625,8.69688841089997,0.006840398069471121,0.7413033843040466,0.345062255859375,7.972159350418682,0.005968872457742691,False,0,0,241,pred[241] <-> gt[241] <-> mask[241]
242,242,242,results/B_mask_20_30_reliability_inference/line_debug/0060_reliability.png,/root/autodl-tmp/Inpainting/BundleFusion/B_imgs_gt/office0/00484.jpg,/root/autodl-tmp/Inpainting/masks/irregular_mask/mask_rates_20_30/0001802.png,0060_reliability.png,00484.jpg,0001802.png,0060_reliability,00484,0001802,"[256, 256]","[256, 256]","[256, 256]",False,False,0.2696685791015625,17673,8.467611023261604,6.908785948286256,0.022310348227620125,0.022310348227620125,9.221916202745113,0.021836433559656143,0.7516360878944397,0.3357086181640625,9.652803647352794,0.022310348227620125,False,0,0,242,pred[242] <-> gt[242] <-> mask[242]
243,243,243,results/B_mask_20_30_reliability_inference/line_debug/0060_soft.png,/root/autodl-tmp/Inpainting/BundleFusion/B_imgs_gt/office0/00486.jpg,/root/autodl-tmp/Inpainting/masks/irregular_mask/mask_rates_20_30/0001805.png,0060_soft.png,00486.jpg,0001805.png,0060_soft,00486,0001805,"[256, 256]","[256, 256]","[256, 256]",False,False,0.2957305908203125,19381,8.017787239897169,5.651263529966679,0.0192567091435194,0.016988473013043404,9.59299052567468,0.021205799654126167,0.7633057832717896,0.3008575439453125,9.965367066779558,0.01825505867600441,False,0,0,243,pred[243] <-> gt[243] <-> mask[243]
244,244,244,results/B_mask_20_30_reliability_inference/frames/0061.png,/root/autodl-tmp/Inpainting/BundleFusion/B_imgs_gt/office0/00488.jpg,/root/autodl-tmp/Inpainting/masks/irregular_mask/mask_rates_20_30/0001808.png,0061.png,00488.jpg,0001808.png,0061,00488,0001808,"[256, 256]","[256, 256]","[256, 256]",False,False,0.271484375,17792,11.258567092687207,10.454127156183011,0.23968392610549927,0.2138826847076416,11.601062344245872,0.2684837579727173,0.6616940498352051,0.273101806640625,10.727743053578305,0.22603227198123932,False,0,0,244,pred[244] <-> gt[244] <-> mask[244]
245,245,245,results/B_mask_20_30_reliability_inference/line_debug/0061_center.png,/root/autodl-tmp/Inpainting/BundleFusion/B_imgs_gt/office0/00490.jpg,/root/autodl-tmp/Inpainting/masks/irregular_mask/mask_rates_20_30/0001821.png,0061_center.png,00490.jpg,0001821.png,0061_center,00490,0001821,"[256, 256]","[256, 256]","[256, 256]",False,False,0.2618408203125,17160,6.2428420154663575,4.019071325352276,0.003903716802597046,0.003261774545535445,7.418738494699881,0.004797256086021662,0.7996801137924194,0.2080230712890625,5.068534222506694,0.003892334410920739,False,0,0,245,pred[245] <-> gt[245] <-> mask[245]
246,246,246,results/B_mask_20_30_reliability_inference/line_debug/0061_reliability.png,/root/autodl-tmp/Inpainting/BundleFusion/B_imgs_gt/office0/00492.jpg,/root/autodl-tmp/Inpainting/masks/irregular_mask/mask_rates_20_30/0001822.png,0061_reliability.png,00492.jpg,0001822.png,0061_reliability,00492,0001822,"[256, 256]","[256, 256]","[256, 256]",False,False,0.27459716796875,17996,5.364772559326836,5.017277459838372,0.011894376017153263,0.010791360400617123,5.503926778500033,0.01194638479501009,0.8129028677940369,0.29351806640625,5.076049295273006,0.012148785404860973,False,0,0,246,pred[246] <-> gt[246] <-> mask[246]
247,247,247,results/B_mask_20_30_reliability_inference/line_debug/0061_soft.png,/root/autodl-tmp/Inpainting/BundleFusion/B_imgs_gt/office0/00494.jpg,/root/autodl-tmp/Inpainting/masks/irregular_mask/mask_rates_20_30/0001828.png,0061_soft.png,00494.jpg,0001828.png,0061_soft,00494,0001828,"[256, 256]","[256, 256]","[256, 256]",False,False,0.2500457763671875,16387,4.835204113791204,3.7163328981514185,0.0077173649333417416,0.006093030329793692,5.283028674982018,0.007747699040919542,0.826408863067627,0.2386322021484375,4.157762051709232,0.007058922667056322,False,0,0,247,pred[247] <-> gt[247] <-> mask[247]
248,248,248,results/B_mask_20_30_reliability_inference/frames/0062.png,/root/autodl-tmp/Inpainting/BundleFusion/B_imgs_gt/office0/00496.jpg,/root/autodl-tmp/Inpainting/masks/irregular_mask/mask_rates_20_30/0001830.png,0062.png,00496.jpg,0001830.png,0062,00496,0001830,"[256, 256]","[256, 256]","[256, 256]",False,False,0.2762451171875,18104,9.226928331535794,6.810752158033044,0.23726563155651093,0.09756257385015488,10.678292203034921,0.2939477860927582,0.728996992111206,0.248504638671875,7.683677574151686,0.1752881407737732,False,0,0,248,pred[248] <-> gt[248] <-> mask[248]
249,249,249,results/B_mask_20_30_reliability_inference/line_debug/0062_center.png,/root/autodl-tmp/Inpainting/BundleFusion/B_imgs_gt/office0/00498.jpg,/root/autodl-tmp/Inpainting/masks/irregular_mask/mask_rates_20_30/0001839.png,0062_center.png,00498.jpg,0001839.png,0062_center,00498,0001839,"[256, 256]","[256, 256]","[256, 256]",False,False,0.2324676513671875,15235,3.966600321934248,4.305056526285632,0.00031651483732275665,0.0002870503521990031,3.869084971508434,0.00011314549919916317,0.8271963596343994,0.3778533935546875,3.6236027372722046,0.00031651483732275665,True,0,0,249,pred[249] <-> gt[249] <-> mask[249]
250,250,250,results/B_mask_20_30_reliability_inference/line_debug/0062_reliability.png,/root/autodl-tmp/Inpainting/BundleFusion/B_imgs_gt/office0/00500.jpg,/root/autodl-tmp/Inpainting/masks/irregular_mask/mask_rates_20_30/0001840.png,0062_reliability.png,00500.jpg,0001840.png,0062_reliability,00500,0001840,"[256, 256]","[256, 256]","[256, 256]",False,False,0.27276611328125,17876,3.7600026963819504,3.065438484259508,0.00637774309143424,0.00634355703368783,4.052110343794675,0.006410762667655945,0.8285089731216431,0.365753173828125,3.5858210398221404,0.006230290979146957,False,0,0,250,pred[250] <-> gt[250] <-> mask[250]
251,251,251,results/B_mask_20_30_reliability_inference/line_debug/0062_soft.png,/root/autodl-tmp/Inpainting/BundleFusion/B_imgs_gt/office0/00502.jpg,/root/autodl-tmp/Inpainting/masks/irregular_mask/mask_rates_20_30/0001841.png,0062_soft.png,00502.jpg,0001841.png,0062_soft,00502,0001841,"[256, 256]","[256, 256]","[256, 256]",False,False,0.284698486328125,18658,3.7033000348672385,2.621106989424613,0.005664886441081762,0.0050002229399979115,4.222245502767595,0.006871623918414116,0.8309081792831421,0.354278564453125,3.402928192033829,0.005664886441081762,False,0,0,251,pred[251] <-> gt[251] <-> mask[251]
252,252,252,results/B_mask_20_30_reliability_inference/frames/0063.png,/root/autodl-tmp/Inpainting/BundleFusion/B_imgs_gt/office0/00504.jpg,/root/autodl-tmp/Inpainting/masks/irregular_mask/mask_rates_20_30/0001845.png,0063.png,00504.jpg,0001845.png,0063,00504,0001845,"[256, 256]","[256, 256]","[256, 256]",False,False,0.264739990234375,17350,7.711831942109124,8.911416978620203,0.2215801328420639,0.21841491758823395,7.349931020226923,0.19421079754829407,0.760438084602356,0.3525543212890625,8.38096278114273,0.2208051234483719,True,0,0,252,pred[252] <-> gt[252] <-> mask[252]
253,253,253,results/B_mask_20_30_reliability_inference/line_debug/0063_center.png,/root/autodl-tmp/Inpainting/BundleFusion/B_imgs_gt/office0/00506.jpg,/root/autodl-tmp/Inpainting/masks/irregular_mask/mask_rates_20_30/0001857.png,0063_center.png,00506.jpg,0001857.png,0063_center,00506,0001857,"[256, 256]","[256, 256]","[256, 256]",False,False,0.2159271240234375,14151,3.6769270060940693,2.8190232842091762,0.002803053008392453,0.0009319615201093256,3.946322698901652,0.0034440376330167055,0.8427587151527405,0.3223876953125,3.1873466669212016,0.002502195769920945,False,0,0,253,pred[253] <-> gt[253] <-> mask[253]
254,254,254,results/B_mask_20_30_reliability_inference/line_debug/0063_reliability.png,/root/autodl-tmp/Inpainting/BundleFusion/B_imgs_gt/office0/00508.jpg,/root/autodl-tmp/Inpainting/masks/irregular_mask/mask_rates_20_30/0001863.png,0063_reliability.png,00508.jpg,0001863.png,0063_reliability,00508,0001863,"[256, 256]","[256, 256]","[256, 256]",False,False,0.298309326171875,19550,3.9013337955415133,4.63495838880161,0.010472387075424194,0.01125427708029747,3.623450995591983,0.009573148563504219,0.8457804918289185,0.3599395751953125,4.347488467161353,0.010472387075424194,True,0,0,254,pred[254] <-> gt[254] <-> mask[254]
255,255,255,results/B_mask_20_30_reliability_inference/line_debug/0063_soft.png,/root/autodl-tmp/Inpainting/BundleFusion/B_imgs_gt/office0/00510.jpg,/root/autodl-tmp/Inpainting/masks/irregular_mask/mask_rates_20_30/0001868.png,0063_soft.png,00510.jpg,0001868.png,0063_soft,00510,0001868,"[256, 256]","[256, 256]","[256, 256]",False,False,0.2502593994140625,16401,4.073397976563087,5.1849867907339355,0.011365924961864948,0.011674712412059307,3.7577859200063477,0.009674509055912495,0.8310983180999756,0.3913726806640625,3.9702560531345865,0.011295552365481853,True,0,0,255,pred[255] <-> gt[255] <-> mask[255]
256,256,256,results/B_mask_20_30_reliability_inference/frames/0064.png,/root/autodl-tmp/Inpainting/BundleFusion/B_imgs_gt/office0/00512.jpg,/root/autodl-tmp/Inpainting/masks/irregular_mask/mask_rates_20_30/0001873.png,0064.png,00512.jpg,0001873.png,0064,00512,0001873,"[256, 256]","[256, 256]","[256, 256]",False,False,0.2333221435546875,15291,7.194868586624822,8.141569954924957,0.2476741224527359,0.23442484438419342,6.9434206463810835,0.24801693856716156,0.7438713908195496,0.281402587890625,7.192507267093644,0.23748177289962769,True,0,0,256,pred[256] <-> gt[256] <-> mask[256]
257,257,257,results/B_mask_20_30_reliability_inference/line_debug/0064_center.png,/root/autodl-tmp/Inpainting/BundleFusion/B_imgs_gt/office0/00514.jpg,/root/autodl-tmp/Inpainting/masks/irregular_mask/mask_rates_20_30/0001874.png,0064_center.png,00514.jpg,0001874.png,0064_center,00514,0001874,"[256, 256]","[256, 256]","[256, 256]",False,False,0.2548828125,16704,4.1924300664218235,4.619350593256271,0.004391583148390055,0.005013109650462866,4.055521828444296,0.00398273766040802,0.8025011420249939,0.271026611328125,5.164536610698972,0.004443703684955835,True,0,0,257,pred[257] <-> gt[257] <-> mask[257]
258,258,258,results/B_mask_20_30_reliability_inference/line_debug/0064_reliability.png,/root/autodl-tmp/Inpainting/BundleFusion/B_imgs_gt/office0/00516.jpg,/root/autodl-tmp/Inpainting/masks/irregular_mask/mask_rates_20_30/0001876.png,0064_reliability.png,00516.jpg,0001876.png,0064_reliability,00516,0001876,"[256, 256]","[256, 256]","[256, 256]",False,False,0.2234954833984375,14647,4.19613716799364,3.6541184850694446,0.015535939484834671,0.015285283327102661,4.365557687351354,0.018421592190861702,0.7931069135665894,0.395263671875,3.851101032232545,0.015535939484834671,False,0,0,258,pred[258] <-> gt[258] <-> mask[258]
259,259,259,results/B_mask_20_30_reliability_inference/line_debug/0064_soft.png,/root/autodl-tmp/Inpainting/BundleFusion/B_imgs_gt/office0/00518.jpg,/root/autodl-tmp/Inpainting/masks/irregular_mask/mask_rates_20_30/0001877.png,0064_soft.png,00518.jpg,0001877.png,0064_soft,00518,0001877,"[256, 256]","[256, 256]","[256, 256]",False,False,0.29736328125,19488,4.187779228828258,5.293580609783804,0.01543294358998537,0.015718702226877213,3.793110743386589,0.014606035314500332,0.7977393865585327,0.33746337890625,5.651872702566347,0.016268126666545868,True,0,0,259,pred[259] <-> gt[259] <-> mask[259]
260,260,260,results/B_mask_20_30_reliability_inference/frames/0065.png,/root/autodl-tmp/Inpainting/BundleFusion/B_imgs_gt/office0/00520.jpg,/root/autodl-tmp/Inpainting/masks/irregular_mask/mask_rates_20_30/0001884.png,0065.png,00520.jpg,0001884.png,0065,00520,0001884,"[256, 256]","[256, 256]","[256, 256]",False,False,0.2462310791015625,16137,6.507993425836599,8.171166980055142,0.238760307431221,0.26653817296028137,6.078569457773377,0.21900944411754608,0.7289549708366394,0.3734588623046875,6.962388971510568,0.26151201128959656,True,0,0,260,pred[260] <-> gt[260] <-> mask[260]
261,261,261,results/B_mask_20_30_reliability_inference/line_debug/0065_center.png,/root/autodl-tmp/Inpainting/BundleFusion/B_imgs_gt/office0/00522.jpg,/root/autodl-tmp/Inpainting/masks/irregular_mask/mask_rates_20_30/0001893.png,0065_center.png,00522.jpg,0001893.png,0065_center,00522,0001893,"[256, 256]","[256, 256]","[256, 256]",False,False,0.2300872802734375,15079,3.823134885033067,3.7732774710118533,0.0032196950633078814,0.003066816134378314,3.8381463832647134,0.0035483152605593204,0.8095471262931824,0.3842926025390625,3.5524336768538993,0.0032196950633078814,False,0,0,261,pred[261] <-> gt[261] <-> mask[261]
262,262,262,results/B_mask_20_30_reliability_inference/line_debug/0065_reliability.png,/root/autodl-tmp/Inpainting/BundleFusion/B_imgs_gt/office0/00524.jpg,/root/autodl-tmp/Inpainting/masks/irregular_mask/mask_rates_20_30/0001900.png,0065_reliability.png,00524.jpg,0001900.png,0065_reliability,00524,0001900,"[256, 256]","[256, 256]","[256, 256]",False,False,0.26171875,17152,3.688805439161097,3.34530898188232,0.01218300312757492,0.012783993035554886,3.8174041590442007,0.013899533078074455,0.8286707401275635,0.501251220703125,3.6536015290849413,0.01218300312757492,False,0,0,262,pred[262] <-> gt[262] <-> mask[262]
263,263,263,results/B_mask_20_30_reliability_inference/line_debug/0065_soft.png,/root/autodl-tmp/Inpainting/BundleFusion/B_imgs_gt/office0/00526.jpg,/root/autodl-tmp/Inpainting/masks/irregular_mask/mask_rates_20_30/0001905.png,0065_soft.png,00526.jpg,0001905.png,0065_soft,00526,0001905,"[256, 256]","[256, 256]","[256, 256]",False,False,0.2443389892578125,16013,3.4873160274694195,3.9286790314806814,0.009072665125131607,0.007667405065149069,3.3536927501243663,0.010223866440355778,0.8336062431335449,0.2884521484375,4.667562387740424,0.0073247565887868404,True,0,0,263,pred[263] <-> gt[263] <-> mask[263]
264,264,264,results/B_mask_20_30_reliability_inference/frames/0066.png,/root/autodl-tmp/Inpainting/BundleFusion/B_imgs_gt/office0/00528.jpg,/root/autodl-tmp/Inpainting/masks/irregular_mask/mask_rates_20_30/0001918.png,0066.png,00528.jpg,0001918.png,0066,00528,0001918,"[256, 256]","[256, 256]","[256, 256]",False,False,0.2828369140625,18536,6.324565174145713,8.828281684379007,0.2860565185546875,0.2980622351169586,5.632344737967264,0.2782207727432251,0.8169962763786316,0.2905731201171875,7.626809383832324,0.28665921092033386,True,0,0,264,pred[264] <-> gt[264] <-> mask[264]
265,265,265,results/B_mask_20_30_reliability_inference/line_debug/0066_center.png,/root/autodl-tmp/Inpainting/BundleFusion/B_imgs_gt/office0/00530.jpg,/root/autodl-tmp/Inpainting/masks/irregular_mask/mask_rates_20_30/0001919.png,0066_center.png,00530.jpg,0001919.png,0066_center,00530,0001919,"[256, 256]","[256, 256]","[256, 256]",False,False,0.2154693603515625,14121,3.214828237050452,2.80056584982898,0.0010040655033662915,0.0010040655033662915,3.335879318550271,0.0013247024035081267,0.8480939269065857,0.29205322265625,3.4199433698048836,0.0010040655033662915,False,0,0,265,pred[265] <-> gt[265] <-> mask[265]
266,266,266,results/B_mask_20_30_reliability_inference/line_debug/0066_reliability.png,/root/autodl-tmp/Inpainting/BundleFusion/B_imgs_gt/office0/00532.jpg,/root/autodl-tmp/Inpainting/masks/irregular_mask/mask_rates_20_30/0001921.png,0066_reliability.png,00532.jpg,0001921.png,0066_reliability,00532,0001921,"[256, 256]","[256, 256]","[256, 256]",False,False,0.2211456298828125,14493,3.1787587795142946,4.71822981938163,0.003308995859697461,0.0033368810545653105,2.8254877733979966,0.0023228416685014963,0.8431569337844849,0.264495849609375,3.976127974277477,0.003100042464211583,True,0,0,266,pred[266] <-> gt[266] <-> mask[266]
267,267,267,results/B_mask_20_30_reliability_inference/line_debug/0066_soft.png,/root/autodl-tmp/Inpainting/BundleFusion/B_imgs_gt/office0/00534.jpg,/root/autodl-tmp/Inpainting/masks/irregular_mask/mask_rates_20_30/0001933.png,0066_soft.png,00534.jpg,0001933.png,0066_soft,00534,0001933,"[256, 256]","[256, 256]","[256, 256]",False,False,0.2947845458984375,19319,3.134433122143751,5.327517478212181,0.004285657312721014,0.005036766640841961,2.4684490826255363,0.003573111491277814,0.8561981916427612,0.226654052734375,3.8291806471836325,0.004810160491615534,True,0,0,267,pred[267] <-> gt[267] <-> mask[267]
268,268,268,results/B_mask_20_30_reliability_inference/frames/0067.png,/root/autodl-tmp/Inpainting/BundleFusion/B_imgs_gt/office0/00536.jpg,/root/autodl-tmp/Inpainting/masks/irregular_mask/mask_rates_20_30/0001962.png,0067.png,00536.jpg,0001962.png,0067,00536,0001962,"[256, 256]","[256, 256]","[256, 256]",False,False,0.2282562255859375,14959,6.414592992453491,4.423444614086179,0.3062216341495514,0.30298468470573425,7.234486757614512,0.3197527527809143,0.8228724002838135,0.3167572021484375,7.656764165281812,0.3062216341495514,False,0,0,268,pred[268] <-> gt[268] <-> mask[268]
269,269,269,results/B_mask_20_30_reliability_inference/line_debug/0067_center.png,/root/autodl-tmp/Inpainting/BundleFusion/B_imgs_gt/office0/00538.jpg,/root/autodl-tmp/Inpainting/masks/irregular_mask/mask_rates_20_30/0001964.png,0067_center.png,00538.jpg,0001964.png,0067_center,00538,0001964,"[256, 256]","[256, 256]","[256, 256]",False,False,0.2025299072265625,13273,2.7151656607094923,2.6404909408886788,0.0005829340661875904,0.0005689942627213895,2.7343367938359164,0.0006089581293053925,0.8444559574127197,0.354705810546875,2.8759680956211153,0.0005829340661875904,False,0,0,269,pred[269] <-> gt[269] <-> mask[269]
270,270,270,results/B_mask_20_30_reliability_inference/line_debug/0067_reliability.png,/root/autodl-tmp/Inpainting/BundleFusion/B_imgs_gt/office0/00540.jpg,/root/autodl-tmp/Inpainting/masks/irregular_mask/mask_rates_20_30/0001974.png,0067_reliability.png,00540.jpg,0001974.png,0067_reliability,00540,0001974,"[256, 256]","[256, 256]","[256, 256]",False,False,0.2615966796875,17144,2.5850172914516167,3.695882953371428,0.006440130993723869,0.006753928959369659,2.250952885608897,0.0056895180605351925,0.8610242009162903,0.3376007080078125,2.4833868737486875,0.006505776196718216,True,0,0,270,pred[270] <-> gt[270] <-> mask[270]
271,271,271,results/B_mask_20_30_reliability_inference/line_debug/0067_soft.png,/root/autodl-tmp/Inpainting/BundleFusion/B_imgs_gt/office0/00542.jpg,/root/autodl-tmp/Inpainting/masks/irregular_mask/mask_rates_20_30/0001977.png,0067_soft.png,00542.jpg,0001977.png,0067_soft,00542,0001977,"[256, 256]","[256, 256]","[256, 256]",False,False,0.2307281494140625,15121,2.5161483805119698,1.966722266517818,0.005999667104333639,0.005534477066248655,2.6954672620270372,0.006192915141582489,0.8565490245819092,0.2341156005859375,2.262641229333646,0.006023802328854799,False,0,0,271,pred[271] <-> gt[271] <-> mask[271]
272,272,272,results/B_mask_20_30_reliability_inference/frames/0068.png,/root/autodl-tmp/Inpainting/BundleFusion/B_imgs_gt/office0/00544.jpg,/root/autodl-tmp/Inpainting/masks/irregular_mask/mask_rates_20_30/0001978.png,0068.png,00544.jpg,0001978.png,0068,00544,0001978,"[256, 256]","[256, 256]","[256, 256]",False,False,0.2796630859375,18328,7.913396915319979,13.432719329459816,0.36995962262153625,0.4202840328216553,6.843658285079343,0.3606753945350647,0.7706471085548401,0.3404541015625,10.12732532789418,0.36995962262153625,True,0,0,272,pred[272] <-> gt[272] <-> mask[272]
273,273,273,results/B_mask_20_30_reliability_inference/line_debug/0068_center.png,/root/autodl-tmp/Inpainting/BundleFusion/B_imgs_gt/office0/00546.jpg,/root/autodl-tmp/Inpainting/masks/irregular_mask/mask_rates_20_30/0001989.png,0068_center.png,00546.jpg,0001989.png,0068_center,00546,0001989,"[256, 256]","[256, 256]","[256, 256]",False,False,0.25286865234375,16572,2.2983687942316955,2.9643380909078205,0.001125937094911933,0.001132422941736877,2.0942730206666162,0.0009010772337205708,0.9070448279380798,0.251678466796875,2.4582819361013764,0.0011834856122732162,True,0,0,273,pred[273] <-> gt[273] <-> mask[273]
274,274,274,results/B_mask_20_30_reliability_inference/line_debug/0068_reliability.png,/root/autodl-tmp/Inpainting/BundleFusion/B_imgs_gt/office0/00548.jpg,/root/autodl-tmp/Inpainting/masks/irregular_mask/mask_rates_20_30/0001997.png,0068_reliability.png,00548.jpg,0001997.png,0068_reliability,00548,0001997,"[256, 256]","[256, 256]","[256, 256]",False,False,0.2112884521484375,13847,2.372746025930356,1.884823212711684,0.00538152689114213,0.005353566259145737,2.513332522237641,0.005757221486419439,0.9416669607162476,0.27435302734375,2.0832974675814286,0.005356979090720415,False,0,0,274,pred[274] <-> gt[274] <-> mask[274]
275,275,275,results/B_mask_20_30_reliability_inference/line_debug/0068_soft.png,/root/autodl-tmp/Inpainting/BundleFusion/B_imgs_gt/office0/00550.jpg,/root/autodl-tmp/Inpainting/masks/irregular_mask/mask_rates_20_30/0002016.png,0068_soft.png,00550.jpg,0002016.png,0068_soft,00550,0002016,"[256, 256]","[256, 256]","[256, 256]",False,False,0.2823486328125,18504,2.496431739704062,2.1785593988855223,0.00509277218952775,0.005103910807520151,2.628161726473777,0.004644197877496481,0.9410882592201233,0.3749237060546875,2.3659768250614626,0.00509277218952775,False,0,0,275,pred[275] <-> gt[275] <-> mask[275]
276,276,276,results/B_mask_20_30_reliability_inference/frames/0069.png,/root/autodl-tmp/Inpainting/BundleFusion/B_imgs_gt/office0/00552.jpg,/root/autodl-tmp/Inpainting/masks/irregular_mask/mask_rates_20_30/0002018.png,0069.png,00552.jpg,0002018.png,0069,00552,0002018,"[256, 256]","[256, 256]","[256, 256]",False,False,0.2103118896484375,13783,9.591864333040839,8.620313969511935,0.4233301877975464,0.4189063012599945,9.891970671179553,0.42932984232902527,0.7465652227401733,0.3329315185546875,10.275870920007723,0.4233301877975464,False,0,0,276,pred[276] <-> gt[276] <-> mask[276]
277,277,277,results/B_mask_20_30_reliability_inference/line_debug/0069_center.png,/root/autodl-tmp/Inpainting/BundleFusion/B_imgs_gt/office0/00554.jpg,/root/autodl-tmp/Inpainting/masks/irregular_mask/mask_rates_20_30/0002072.png,0069_center.png,00554.jpg,0002072.png,0069_center,00554,0002072,"[256, 256]","[256, 256]","[256, 256]",False,False,0.202606201171875,13278,2.76682974842943,2.234270167060217,0.0006270632729865611,0.001238868571817875,2.9132317147144553,0.0006138220778666437,0.8721184134483337,0.23394775390625,2.272408078626319,0.0009428745252080262,False,0,0,277,pred[277] <-> gt[277] <-> mask[277]
278,278,278,results/B_mask_20_30_reliability_inference/line_debug/0069_reliability.png,/root/autodl-tmp/Inpainting/BundleFusion/B_imgs_gt/office0/00556.jpg,/root/autodl-tmp/Inpainting/masks/irregular_mask/mask_rates_20_30/0002085.png,0069_reliability.png,00556.jpg,0002085.png,0069_reliability,00556,0002085,"[256, 256]","[256, 256]","[256, 256]",False,False,0.2863311767578125,18765,3.0147541699566505,3.0584882299180953,0.006173625588417053,0.006173625588417053,2.9973307971019434,0.006130510941147804,0.8699544668197632,0.3799285888671875,2.965213647181499,0.006173625588417053,True,0,0,278,pred[278] <-> gt[278] <-> mask[278]
279,279,279,results/B_mask_20_30_reliability_inference/line_debug/0069_soft.png,/root/autodl-tmp/Inpainting/BundleFusion/B_imgs_gt/office0/00558.jpg,/root/autodl-tmp/Inpainting/masks/irregular_mask/mask_rates_20_30/0002093.png,0069_soft.png,00558.jpg,0002093.png,0069_soft,00558,0002093,"[256, 256]","[256, 256]","[256, 256]",False,False,0.212890625,13952,3.3351930183456875,2.942955934973032,0.0061362930573523045,0.005315242800861597,3.4476640069898656,0.005938623566180468,0.8531104326248169,0.2292327880859375,2.923133607828383,0.0047422959469258785,False,0,0,279,pred[279] <-> gt[279] <-> mask[279]
280,280,280,results/B_mask_20_30_reliability_inference/frames/0070.png,/root/autodl-tmp/Inpainting/BundleFusion/B_imgs_gt/office0/00560.jpg,/root/autodl-tmp/Inpainting/masks/irregular_mask/mask_rates_20_30/0002101.png,0070.png,00560.jpg,0002101.png,0070,00560,0002101,"[256, 256]","[256, 256]","[256, 256]",False,False,0.2664642333984375,17463,10.542157934386594,12.941757861494008,0.35008254647254944,0.41281843185424805,9.919323159985998,0.3273896872997284,0.7486015558242798,0.315704345703125,11.6459546664717,0.3648585379123688,True,0,0,280,pred[280] <-> gt[280] <-> mask[280]
281,281,281,results/B_mask_20_30_reliability_inference/line_debug/0070_center.png,/root/autodl-tmp/Inpainting/BundleFusion/B_imgs_gt/office0/00562.jpg,/root/autodl-tmp/Inpainting/masks/irregular_mask/mask_rates_20_30/0002125.png,0070_center.png,00562.jpg,0002125.png,0070_center,00562,0002125,"[256, 256]","[256, 256]","[256, 256]",False,False,0.25048828125,16416,3.919361611947438,3.240150229983536,0.001224603969603777,0.002086232416331768,4.172292804688846,0.0011145283933728933,0.8433046340942383,0.332305908203125,3.3372818575970316,0.0013899084879085422,False,0,0,281,pred[281] <-> gt[281] <-> mask[281]
282,282,282,results/B_mask_20_30_reliability_inference/line_debug/0070_reliability.png,/root/autodl-tmp/Inpainting/BundleFusion/B_imgs_gt/office0/00564.jpg,/root/autodl-tmp/Inpainting/masks/irregular_mask/mask_rates_20_30/0002137.png,0070_reliability.png,00564.jpg,0002137.png,0070_reliability,00564,0002137,"[256, 256]","[256, 256]","[256, 256]",False,False,0.2929534912109375,19199,4.393990380012509,4.313482975683253,0.0070978086441755295,0.0070978086441755295,4.427789269733523,0.007976208813488483,0.8586634993553162,0.3087921142578125,4.462762828394667,0.0070978086441755295,False,0,0,282,pred[282] <-> gt[282] <-> mask[282]
283,283,283,results/B_mask_20_30_reliability_inference/line_debug/0070_soft.png,/root/autodl-tmp/Inpainting/BundleFusion/B_imgs_gt/office0/00566.jpg,/root/autodl-tmp/Inpainting/masks/irregular_mask/mask_rates_20_30/0002150.png,0070_soft.png,00566.jpg,0002150.png,0070_soft,00566,0002150,"[256, 256]","[256, 256]","[256, 256]",False,False,0.2301025390625,15080,4.680058440088156,5.010235814293502,0.00860186293721199,0.006293377373367548,4.586059150042012,0.01019321009516716,0.8624306917190552,0.2550506591796875,4.689354896022793,0.006511808838695288,True,0,0,283,pred[283] <-> gt[283] <-> mask[283]
284,284,284,results/B_mask_20_30_reliability_inference/frames/0071.png,/root/autodl-tmp/Inpainting/BundleFusion/B_imgs_gt/office0/00568.jpg,/root/autodl-tmp/Inpainting/masks/irregular_mask/mask_rates_20_30/0002154.png,0071.png,00568.jpg,0002154.png,0071,00568,0002154,"[256, 256]","[256, 256]","[256, 256]",False,False,0.2717742919921875,17811,9.743616836335711,9.061682021614812,0.355844646692276,0.36065348982810974,10.028315187556986,0.35448601841926575,0.7605953216552734,0.2949371337890625,8.435923102527713,0.355844646692276,False,0,0,284,pred[284] <-> gt[284] <-> mask[284]
285,285,285,results/B_mask_20_30_reliability_inference/line_debug/0071_center.png,/root/autodl-tmp/Inpainting/BundleFusion/B_imgs_gt/office0/00570.jpg,/root/autodl-tmp/Inpainting/masks/irregular_mask/mask_rates_20_30/0002165.png,0071_center.png,00570.jpg,0002165.png,0071_center,00570,0002165,"[256, 256]","[256, 256]","[256, 256]",False,False,0.2378997802734375,15591,5.225945617187059,5.52760618527893,0.002185364253818989,0.002657907083630562,5.135914132031447,0.002846307121217251,0.8295928239822388,0.2970428466796875,6.46815310449192,0.0025205689016729593,True,0,0,285,pred[285] <-> gt[285] <-> mask[285]
286,286,286,results/B_mask_20_30_reliability_inference/line_debug/0071_reliability.png,/root/autodl-tmp/Inpainting/BundleFusion/B_imgs_gt/office0/00572.jpg,/root/autodl-tmp/Inpainting/masks/irregular_mask/mask_rates_20_30/0002170.png,0071_reliability.png,00572.jpg,0002170.png,0071_reliability,00572,0002170,"[256, 256]","[256, 256]","[256, 256]",False,False,0.23773193359375,15580,5.76449642768528,4.2783577013547465,0.014340322464704514,0.008902267552912235,6.3556282322155555,0.015430361963808537,0.837740421295166,0.263763427734375,5.515052592296885,0.011562183499336243,False,0,0,286,pred[286] <-> gt[286] <-> mask[286]
287,287,287,results/B_mask_20_30_reliability_inference/line_debug/0071_soft.png,/root/autodl-tmp/Inpainting/BundleFusion/B_imgs_gt/office0/00574.jpg,/root/autodl-tmp/Inpainting/masks/irregular_mask/mask_rates_20_30/0002171.png,0071_soft.png,00574.jpg,0002171.png,0071_soft,00574,0002171,"[256, 256]","[256, 256]","[256, 256]",False,False,0.2801361083984375,18359,6.469812507061388,5.702577861954032,0.0183738861232996,0.018368547782301903,6.809311306729673,0.019513221457600594,0.8227624893188477,0.47174072265625,6.543035561688193,0.0183738861232996,False,0,0,287,pred[287] <-> gt[287] <-> mask[287]
288,288,288,results/B_mask_20_30_reliability_inference/frames/0072.png,/root/autodl-tmp/Inpainting/BundleFusion/B_imgs_gt/office0/00576.jpg,/root/autodl-tmp/Inpainting/masks/irregular_mask/mask_rates_20_30/0002172.png,0072.png,00576.jpg,0002172.png,0072,00576,0002172,"[256, 256]","[256, 256]","[256, 256]",False,False,0.298583984375,19568,7.013823062640072,7.7097771397404316,0.2760756313800812,0.2760756313800812,6.7483639335704515,0.27883461117744446,0.780049741268158,0.399139404296875,7.335509455299716,0.2764294147491455,True,0,0,288,pred[288] <-> gt[288] <-> mask[288]
289,289,289,results/B_mask_20_30_reliability_inference/line_debug/0072_center.png,/root/autodl-tmp/Inpainting/BundleFusion/B_imgs_gt/office0/00578.jpg,/root/autodl-tmp/Inpainting/masks/irregular_mask/mask_rates_20_30/0002173.png,0072_center.png,00578.jpg,0002173.png,0072_center,00578,0002173,"[256, 256]","[256, 256]","[256, 256]",False,False,0.256195068359375,16790,7.248268010112577,8.35763697419647,0.005703642964363098,0.007861996069550514,6.923509172920826,0.00430420832708478,0.7651748657226562,0.2555694580078125,8.85381863028687,0.006778666749596596,True,0,0,289,pred[289] <-> gt[289] <-> mask[289]
290,290,290,results/B_mask_20_30_reliability_inference/line_debug/0072_reliability.png,/root/autodl-tmp/Inpainting/BundleFusion/B_imgs_gt/office0/00580.jpg,/root/autodl-tmp/Inpainting/masks/irregular_mask/mask_rates_20_30/0002182.png,0072_reliability.png,00580.jpg,0002182.png,0072_reliability,00580,0002182,"[256, 256]","[256, 256]","[256, 256]",False,False,0.2917938232421875,19123,8.212864763433672,11.210999340946909,0.018558494746685028,0.021005863323807716,7.401440113618669,0.015876812860369682,0.7471368908882141,0.269866943359375,9.196734458833543,0.01928490214049816,True,0,0,290,pred[290] <-> gt[290] <-> mask[290]
291,291,291,results/B_mask_20_30_reliability_inference/line_debug/0072_soft.png,/root/autodl-tmp/Inpainting/BundleFusion/B_imgs_gt/office0/00582.jpg,/root/autodl-tmp/Inpainting/masks/irregular_mask/mask_rates_20_30/0002185.png,0072_soft.png,00582.jpg,0002185.png,0072_soft,00582,0002185,"[256, 256]","[256, 256]","[256, 256]",False,False,0.2687835693359375,17615,8.913504399062099,7.308414172231794,0.022566989064216614,0.01856057718396187,9.693310516862017,0.027146752923727036,0.71863853931427,0.2917938232421875,8.487558084456431,0.021008601412177086,False,0,0,291,pred[291] <-> gt[291] <-> mask[291]
292,292,292,results/B_mask_20_30_reliability_inference/frames/0073.png,/root/autodl-tmp/Inpainting/BundleFusion/B_imgs_gt/office0/00584.jpg,/root/autodl-tmp/Inpainting/masks/irregular_mask/mask_rates_20_30/0002194.png,0073.png,00584.jpg,0002194.png,0073,00584,0002194,"[256, 256]","[256, 256]","[256, 256]",False,False,0.217803955078125,14274,5.495891342098805,6.433060727543428,0.21857021749019623,0.2409607172012329,5.267294174394629,0.22927436232566833,0.768855631351471,0.2687225341796875,7.021852264335511,0.22917866706848145,True,0,0,292,pred[292] <-> gt[292] <-> mask[292]
293,293,293,results/B_mask_20_30_reliability_inference/line_debug/0073_center.png,/root/autodl-tmp/Inpainting/BundleFusion/B_imgs_gt/office0/00586.jpg,/root/autodl-tmp/Inpainting/masks/irregular_mask/mask_rates_20_30/0002197.png,0073_center.png,00586.jpg,0002197.png,0073_center,00586,0002197,"[256, 256]","[256, 256]","[256, 256]",False,False,0.2745208740234375,17991,9.825375734177724,9.786248683476442,0.01264449954032898,0.011737040244042873,9.840274040184953,0.013660199008882046,0.7347613573074341,0.3819732666015625,10.17203777479368,0.01264449954032898,False,0,0,293,pred[293] <-> gt[293] <-> mask[293]
294,294,294,results/B_mask_20_30_reliability_inference/line_debug/0073_reliability.png,/root/autodl-tmp/Inpainting/BundleFusion/B_imgs_gt/office0/00588.jpg,/root/autodl-tmp/Inpainting/masks/irregular_mask/mask_rates_20_30/0002199.png,0073_reliability.png,00588.jpg,0002199.png,0073_reliability,00588,0002199,"[256, 256]","[256, 256]","[256, 256]",False,False,0.2971649169921875,19475,10.346386068182126,9.953841939605288,0.02589547075331211,0.02554703690111637,10.523657775668836,0.029029274359345436,0.77534419298172,0.268035888671875,8.724307474927071,0.025682175531983376,False,0,0,294,pred[294] <-> gt[294] <-> mask[294]
295,295,295,results/B_mask_20_30_reliability_inference/line_debug/0073_soft.png,/root/autodl-tmp/Inpainting/BundleFusion/B_imgs_gt/office0/00590.jpg,/root/autodl-tmp/Inpainting/masks/irregular_mask/mask_rates_20_30/0002201.png,0073_soft.png,00590.jpg,0002201.png,0073_soft,00590,0002201,"[256, 256]","[256, 256]","[256, 256]",False,False,0.2430877685546875,15931,10.265493406644888,7.864493628939875,0.025508612394332886,0.01773182302713394,11.440695126533889,0.029399244114756584,0.7763036489486694,0.2137451171875,10.501337924486009,0.02319495566189289,False,0,0,295,pred[295] <-> gt[295] <-> mask[295]
296,296,296,results/B_mask_20_30_reliability_inference/frames/0074.png,/root/autodl-tmp/Inpainting/BundleFusion/B_imgs_gt/office0/00592.jpg,/root/autodl-tmp/Inpainting/masks/irregular_mask/mask_rates_20_30/0002203.png,0074.png,00592.jpg,0002203.png,0074,00592,0002203,"[256, 256]","[256, 256]","[256, 256]",False,False,0.27740478515625,18180,5.626101713469238,6.02813019462091,0.2227257341146469,0.2227257341146469,5.481137483111129,0.2138374149799347,0.8088153600692749,0.4025115966796875,6.1805745912060095,0.2227257341146469,True,0,0,296,pred[296] <-> gt[296] <-> mask[296]
297,297,297,results/B_mask_20_30_reliability_inference/line_debug/0074_center.png,/root/autodl-tmp/Inpainting/BundleFusion/B_imgs_gt/office0/00594.jpg,/root/autodl-tmp/Inpainting/masks/irregular_mask/mask_rates_20_30/0002211.png,0074_center.png,00594.jpg,0002211.png,0074_center,00594,0002211,"[256, 256]","[256, 256]","[256, 256]",False,False,0.2876129150390625,18849,9.904555974387781,10.573615710406262,0.016022486612200737,0.018267033621668816,9.661163717020747,0.013340722769498825,0.7515368461608887,0.39398193359375,9.727135024261766,0.016022486612200737,True,0,0,297,pred[297] <-> gt[297] <-> mask[297]
298,298,298,results/B_mask_20_30_reliability_inference/line_debug/0074_reliability.png,/root/autodl-tmp/Inpainting/BundleFusion/B_imgs_gt/office0/00596.jpg,/root/autodl-tmp/Inpainting/masks/irregular_mask/mask_rates_20_30/0002212.png,0074_reliability.png,00596.jpg,0002212.png,0074_reliability,00596,0002212,"[256, 256]","[256, 256]","[256, 256]",False,False,0.200347900390625,13130,10.160792360761556,8.306667054526937,0.03373968228697777,0.015926646068692207,10.78273119794491,0.03774210810661316,0.7559489011764526,0.2169952392578125,8.24129500808872,0.0249659214168787,False,0,0,298,pred[298] <-> gt[298] <-> mask[298]
299,299,299,results/B_mask_20_30_reliability_inference/line_debug/0074_soft.png,/root/autodl-tmp/Inpainting/BundleFusion/B_imgs_gt/office0/00598.jpg,/root/autodl-tmp/Inpainting/masks/irregular_mask/mask_rates_20_30/0002216.png,0074_soft.png,00598.jpg,0002216.png,0074_soft,00598,0002216,"[256, 256]","[256, 256]","[256, 256]",False,False,0.2210540771484375,14487,10.209781225921459,12.981860082948447,0.03363044559955597,0.049577757716178894,9.664062400561328,0.030200401321053505,0.7697958946228027,0.1605224609375,14.609431560811492,0.04367471858859062,True,0,0,299,pred[299] <-> gt[299] <-> mask[299]
300,300,300,results/B_mask_20_30_reliability_inference/frames/0075.png,/root/autodl-tmp/Inpainting/BundleFusion/B_imgs_gt/office0/00600.jpg,/root/autodl-tmp/Inpainting/masks/irregular_mask/mask_rates_20_30/0002228.png,0075.png,00600.jpg,0002228.png,0075,00600,0002228,"[256, 256]","[256, 256]","[256, 256]",False,False,0.25,16384,6.202615622750345,5.724112202536693,0.25081560015678406,0.23897720873355865,6.374596470468874,0.254842072725296,0.7972598671913147,0.3268585205078125,5.661634439438796,0.24090476334095,False,0,0,300,pred[300] <-> gt[300] <-> mask[300]
301,301,301,results/B_mask_20_30_reliability_inference/line_debug/0075_center.png,/root/autodl-tmp/Inpainting/BundleFusion/B_imgs_gt/office0/00602.jpg,/root/autodl-tmp/Inpainting/masks/irregular_mask/mask_rates_20_30/0002241.png,0075_center.png,00602.jpg,0002241.png,0075_center,00602,0002241,"[256, 256]","[256, 256]","[256, 256]",False,False,0.207611083984375,13606,10.71558670873626,9.645154958084854,0.014958997257053852,0.014066657982766628,11.04588174901728,0.015170942060649395,0.7819215059280396,0.3560943603515625,10.262485920647215,0.014808357693254948,False,0,0,301,pred[301] <-> gt[301] <-> mask[301]
302,302,302,results/B_mask_20_30_reliability_inference/line_debug/0075_reliability.png,/root/autodl-tmp/Inpainting/BundleFusion/B_imgs_gt/office0/00604.jpg,/root/autodl-tmp/Inpainting/masks/irregular_mask/mask_rates_20_30/0002262.png,0075_reliability.png,00604.jpg,0002262.png,0075_reliability,00604,0002262,"[256, 256]","[256, 256]","[256, 256]",False,False,0.2509002685546875,16443,11.2709412276692,8.594119840259202,0.03207153454422951,0.011805192567408085,12.730457047699637,0.04046573489904404,0.772121012210846,0.25885009765625,10.831732402050129,0.021947264671325684,False,0,0,302,pred[302] <-> gt[302] <-> mask[302]
303,303,303,results/B_mask_20_30_reliability_inference/line_debug/0075_soft.png,/root/autodl-tmp/Inpainting/BundleFusion/B_imgs_gt/office0/00606.jpg,/root/autodl-tmp/Inpainting/masks/irregular_mask/mask_rates_20_30/0002283.png,0075_soft.png,00606.jpg,0002283.png,0075_soft,00606,0002283,"[256, 256]","[256, 256]","[256, 256]",False,False,0.2723541259765625,17849,11.337816544738981,12.556646571390683,0.030472716316580772,0.03565559908747673,10.957214622893748,0.023319456726312637,0.7810879349708557,0.1887664794921875,11.290486053740816,0.03332566097378731,True,0,0,303,pred[303] <-> gt[303] <-> mask[303]
304,304,304,results/B_mask_20_30_reliability_inference/frames/0076.png,/root/autodl-tmp/Inpainting/BundleFusion/B_imgs_gt/office0/00608.jpg,/root/autodl-tmp/Inpainting/masks/irregular_mask/mask_rates_20_30/0002294.png,0076.png,00608.jpg,0002294.png,0076,00608,0002294,"[256, 256]","[256, 256]","[256, 256]",False,False,0.2328948974609375,15263,6.753912507092825,6.775756517590256,0.26912370324134827,0.26912370324134827,6.747301645472551,0.2601054608821869,0.8171916007995605,0.2719573974609375,7.031153270956898,0.26912370324134827,True,0,0,304,pred[304] <-> gt[304] <-> mask[304]
305,305,305,results/B_mask_20_30_reliability_inference/line_debug/0076_center.png,/root/autodl-tmp/Inpainting/BundleFusion/B_imgs_gt/office0/00610.jpg,/root/autodl-tmp/Inpainting/masks/irregular_mask/mask_rates_20_30/0002297.png,0076_center.png,00610.jpg,0002297.png,0076_center,00610,0002297,"[256, 256]","[256, 256]","[256, 256]",False,False,0.2574005126953125,16869,11.077356538238366,13.767970584361846,0.013639047741889954,0.013755296356976032,10.432507983907609,0.007524177432060242,0.8109568357467651,0.23773193359375,11.684158053778035,0.013976413756608963,True,0,0,305,pred[305] <-> gt[305] <-> mask[305]
306,306,306,results/B_mask_20_30_reliability_inference/line_debug/0076_reliability.png,/root/autodl-tmp/Inpainting/BundleFusion/B_imgs_gt/office0/00612.jpg,/root/autodl-tmp/Inpainting/masks/irregular_mask/mask_rates_20_30/0002299.png,0076_reliability.png,00612.jpg,0002299.png,0076_reliability,00612,0002299,"[256, 256]","[256, 256]","[256, 256]",False,False,0.25048828125,16416,11.343035533407427,12.9661401154062,0.031216436997056007,0.03417862951755524,10.912489312261549,0.03589719161391258,0.7870929837226868,0.3033447265625,12.05682939010827,0.03151726350188255,True,0,0,306,pred[306] <-> gt[306] <-> mask[306]
307,307,307,results/B_mask_20_30_reliability_inference/line_debug/0076_soft.png,/root/autodl-tmp/Inpainting/BundleFusion/B_imgs_gt/office0/00614.jpg,/root/autodl-tmp/Inpainting/masks/irregular_mask/mask_rates_20_30/0002331.png,0076_soft.png,00614.jpg,0002331.png,0076_soft,00614,0002331,"[256, 256]","[256, 256]","[256, 256]",False,False,0.253448486328125,16610,11.272314121669393,9.317189617744322,0.028652241453528404,0.028875425457954407,12.203770229582332,0.03267921879887581,0.7665818929672241,0.398101806640625,10.814799614209626,0.028652241453528404,False,0,0,307,pred[307] <-> gt[307] <-> mask[307]
308,308,308,results/B_mask_20_30_reliability_inference/frames/0077.png,/root/autodl-tmp/Inpainting/BundleFusion/B_imgs_gt/office0/00616.jpg,/root/autodl-tmp/Inpainting/masks/irregular_mask/mask_rates_20_30/0002332.png,0077.png,00616.jpg,0002332.png,0077,00616,0002332,"[256, 256]","[256, 256]","[256, 256]",False,False,0.2735443115234375,17927,7.051020263519668,7.015357427553749,0.28212985396385193,0.2866709530353546,7.064525539758001,0.2790714204311371,0.7840511202812195,0.227508544921875,7.402540596720869,0.28386130928993225,False,0,0,308,pred[308] <-> gt[308] <-> mask[308]
309,309,309,results/B_mask_20_30_reliability_inference/line_debug/0077_center.png,/root/autodl-tmp/Inpainting/BundleFusion/B_imgs_gt/office0/00618.jpg,/root/autodl-tmp/Inpainting/masks/irregular_mask/mask_rates_20_30/0002338.png,0077_center.png,00618.jpg,0002338.png,0077_center,00618,0002338,"[256, 256]","[256, 256]","[256, 256]",False,False,0.2764892578125,18120,10.433255543824224,8.826394061443445,0.016261504963040352,0.016405528411269188,11.24822377512629,0.015934152528643608,0.7812223434448242,0.4628753662109375,10.606090185011059,0.016261504963040352,False,0,0,309,pred[309] <-> gt[309] <-> mask[309]
310,310,310,results/B_mask_20_30_reliability_inference/line_debug/0077_reliability.png,/root/autodl-tmp/Inpainting/BundleFusion/B_imgs_gt/office0/00620.jpg,/root/autodl-tmp/Inpainting/masks/irregular_mask/mask_rates_20_30/0002348.png,0077_reliability.png,00620.jpg,0002348.png,0077_reliability,00620,0002348,"[256, 256]","[256, 256]","[256, 256]",False,False,0.23162841796875,15180,10.291904015075975,12.593765018085175,0.03339493274688721,0.029923684895038605,9.784161019759939,0.035072147846221924,0.7510780692100525,0.27587890625,10.815681895241093,0.03162003681063652,True,0,0,310,pred[310] <-> gt[310] <-> mask[310]
311,311,311,results/B_mask_20_30_reliability_inference/line_debug/0077_soft.png,/root/autodl-tmp/Inpainting/BundleFusion/B_imgs_gt/office0/00622.jpg,/root/autodl-tmp/Inpainting/masks/irregular_mask/mask_rates_20_30/0002350.png,0077_soft.png,00622.jpg,0002350.png,0077_soft,00622,0002350,"[256, 256]","[256, 256]","[256, 256]",False,False,0.21844482421875,14316,10.401240092370847,8.38615898776361,0.033505991101264954,0.02350100316107273,11.184472573157462,0.03581426665186882,0.742709755897522,0.21038818359375,9.035830320506898,0.02509497106075287,False,0,0,311,pred[311] <-> gt[311] <-> mask[311]
312,312,312,results/B_mask_20_30_reliability_inference/frames/0078.png,/root/autodl-tmp/Inpainting/BundleFusion/B_imgs_gt/office0/00624.jpg,/root/autodl-tmp/Inpainting/masks/irregular_mask/mask_rates_20_30/0002356.png,0078.png,00624.jpg,0002356.png,0078,00624,0002356,"[256, 256]","[256, 256]","[256, 256]",False,False,0.23223876953125,15220,6.510666979297476,7.4426842418106185,0.21478672325611115,0.21478672325611115,6.264076498299714,0.2171146720647812,0.7710983753204346,0.3296356201171875,6.268909054120051,0.21478672325611115,True,0,0,312,pred[312] <-> gt[312] <-> mask[312]
313,313,313,results/B_mask_20_30_reliability_inference/line_debug/0078_center.png,/root/autodl-tmp/Inpainting/BundleFusion/B_imgs_gt/office0/00626.jpg,/root/autodl-tmp/Inpainting/masks/irregular_mask/mask_rates_20_30/0002358.png,0078_center.png,00626.jpg,0002358.png,0078_center,00626,0002358,"[256, 256]","[256, 256]","[256, 256]",False,False,0.276885986328125,18146,10.88145076660632,8.896022422559257,0.01897590421140194,0.013298779726028442,11.971249199375539,0.021548617631196976,0.7658423185348511,0.1717071533203125,9.6289976260646,0.0163826122879982,False,0,0,313,pred[313] <-> gt[313] <-> mask[313]
314,314,314,results/B_mask_20_30_reliability_inference/line_debug/0078_reliability.png,/root/autodl-tmp/Inpainting/BundleFusion/B_imgs_gt/office0/00628.jpg,/root/autodl-tmp/Inpainting/masks/irregular_mask/mask_rates_20_30/0002400.png,0078_reliability.png,00628.jpg,0002400.png,0078_reliability,00628,0002400,"[256, 256]","[256, 256]","[256, 256]",False,False,0.2645263671875,17336,11.328425195488741,10.373205265976544,0.03344057872891426,0.03122662752866745,11.730774761963207,0.0342886708676815,0.7521940469741821,0.2581024169921875,11.296549010864085,0.03025849163532257,False,0,0,314,pred[314] <-> gt[314] <-> mask[314]
315,315,315,results/B_mask_20_30_reliability_inference/line_debug/0078_soft.png,/root/autodl-tmp/Inpainting/BundleFusion/B_imgs_gt/office0/00630.jpg,/root/autodl-tmp/Inpainting/masks/irregular_mask/mask_rates_20_30/0002407.png,0078_soft.png,00630.jpg,0002407.png,0078_soft,00630,0002407,"[256, 256]","[256, 256]","[256, 256]",False,False,0.281463623046875,18446,11.306371798176588,9.976906123581754,0.03616000711917877,0.031600963324308395,11.962863644865456,0.03813833370804787,0.748142421245575,0.33892822265625,10.442641941134612,0.03232915699481964,False,0,0,315,pred[315] <-> gt[315] <-> mask[315]
316,316,316,results/B_mask_20_30_reliability_inference/frames/0079.png,/root/autodl-tmp/Inpainting/BundleFusion/B_imgs_gt/office0/00632.jpg,/root/autodl-tmp/Inpainting/masks/irregular_mask/mask_rates_20_30/0002413.png,0079.png,00632.jpg,0002413.png,0079,00632,0002413,"[256, 256]","[256, 256]","[256, 256]",False,False,0.2998046875,19648,8.555548333883205,8.46586377253285,0.28241994976997375,0.2854630649089813,8.594522497016746,0.2885996997356415,0.7548410892486572,0.40423583984375,8.177146308553898,0.28241994976997375,False,0,0,316,pred[316] <-> gt[316] <-> mask[316]
317,317,317,results/B_mask_20_30_reliability_inference/line_debug/0079_center.png,/root/autodl-tmp/Inpainting/BundleFusion/B_imgs_gt/office0/00634.jpg,/root/autodl-tmp/Inpainting/masks/irregular_mask/mask_rates_20_30/0002416.png,0079_center.png,00634.jpg,0002416.png,0079_center,00634,0002416,"[256, 256]","[256, 256]","[256, 256]",False,False,0.20281982421875,13292,10.6512872123648,8.133099392005736,0.023067861795425415,0.019692756235599518,11.61989788030187,0.026115858927369118,0.7579134106636047,0.266998291015625,9.266974923531548,0.023067861795425415,False,0,0,317,pred[317] <-> gt[317] <-> mask[317]
318,318,318,results/B_mask_20_30_reliability_inference/line_debug/0079_reliability.png,/root/autodl-tmp/Inpainting/BundleFusion/B_imgs_gt/office0/00636.jpg,/root/autodl-tmp/Inpainting/masks/irregular_mask/mask_rates_20_30/0002427.png,0079_reliability.png,00636.jpg,0002427.png,0079_reliability,00636,0002427,"[256, 256]","[256, 256]","[256, 256]",False,False,0.24945068359375,16348,10.885569819235709,8.620608364598922,0.03104984760284424,0.016325028613209724,12.006759821334914,0.036587122827768326,0.7447015047073364,0.233612060546875,10.084954206462875,0.01949935033917427,False,0,0,318,pred[318] <-> gt[318] <-> mask[318]
319,319,319,results/B_mask_20_30_reliability_inference/line_debug/0079_soft.png,/root/autodl-tmp/Inpainting/BundleFusion/B_imgs_gt/office0/00638.jpg,/root/autodl-tmp/Inpainting/masks/irregular_mask/mask_rates_20_30/0002428.png,0079_soft.png,00638.jpg,0002428.png,0079_soft,00638,0002428,"[256, 256]","[256, 256]","[256, 256]",False,False,0.27227783203125,17844,10.825783736999554,10.569730215596882,0.03547342121601105,0.04199559614062309,10.925604644161695,0.0307326503098011,0.7590987682342529,0.29840087890625,10.363456668492333,0.03832152485847473,False,0,0,319,pred[319] <-> gt[319] <-> mask[319]
320,320,320,results/B_mask_20_30_reliability_inference/frames/0080.png,/root/autodl-tmp/Inpainting/BundleFusion/B_imgs_gt/office0/00640.jpg,/root/autodl-tmp/Inpainting/masks/irregular_mask/mask_rates_20_30/0002432.png,0080.png,00640.jpg,0002432.png,0080,00640,0002432,"[256, 256]","[256, 256]","[256, 256]",False,False,0.2740478515625,17960,9.091243242552398,7.823519681802468,0.2684292197227478,0.26504722237586975,9.685895720312187,0.27648836374282837,0.7544050216674805,0.34210205078125,8.91111931982488,0.2684292197227478,False,0,0,320,pred[320] <-> gt[320] <-> mask[320]
321,321,321,results/B_mask_20_30_reliability_inference/line_debug/0080_center.png,/root/autodl-tmp/Inpainting/BundleFusion/B_imgs_gt/office0/00642.jpg,/root/autodl-tmp/Inpainting/masks/irregular_mask/mask_rates_20_30/0002433.png,0080_center.png,00642.jpg,0002433.png,0080_center,00642,0002433,"[256, 256]","[256, 256]","[256, 256]",False,False,0.2423248291015625,15881,10.760067910755033,11.700691677749454,0.02875390090048313,0.02444852702319622,10.497668930297158,0.027335764840245247,0.7465404272079468,0.37738037109375,11.774529160339874,0.025950724259018898,True,0,0,321,pred[321] <-> gt[321] <-> mask[321]
322,322,322,results/B_mask_20_30_reliability_inference/line_debug/0080_reliability.png,/root/autodl-tmp/Inpainting/BundleFusion/B_imgs_gt/office0/00644.jpg,/root/autodl-tmp/Inpainting/masks/irregular_mask/mask_rates_20_30/0002434.png,0080_reliability.png,00644.jpg,0002434.png,0080_reliability,00644,0002434,"[256, 256]","[256, 256]","[256, 256]",False,False,0.20361328125,13344,10.995052424086575,10.637929639389352,0.05320560932159424,0.04734449088573456,11.091274802416638,0.05775453522801399,0.7323154211044312,0.30511474609375,11.123875449946537,0.04499427601695061,False,0,0,322,pred[322] <-> gt[322] <-> mask[322]
323,323,323,results/B_mask_20_30_reliability_inference/line_debug/0080_soft.png,/root/autodl-tmp/Inpainting/BundleFusion/B_imgs_gt/office0/00646.jpg,/root/autodl-tmp/Inpainting/masks/irregular_mask/mask_rates_20_30/0002443.png,0080_soft.png,00646.jpg,0002443.png,0080_soft,00646,0002443,"[256, 256]","[256, 256]","[256, 256]",False,False,0.2925872802734375,19175,10.852805152373737,7.489465732690395,0.05597590282559395,0.03846423327922821,13.723399479434818,0.07070371508598328,0.7235844135284424,0.1970367431640625,10.743556874991526,0.044056955724954605,False,0,0,323,pred[323] <-> gt[323] <-> mask[323]
324,324,324,results/B_mask_20_30_reliability_inference/frames/0081.png,/root/autodl-tmp/Inpainting/BundleFusion/B_imgs_gt/office0/00648.jpg,/root/autodl-tmp/Inpainting/masks/irregular_mask/mask_rates_20_30/0002450.png,0081.png,00648.jpg,0002450.png,0081,00648,0002450,"[256, 256]","[256, 256]","[256, 256]",False,False,0.2138671875,14016,9.095186203025719,8.961624822528488,0.23345394432544708,0.22505946457386017,9.132243580197956,0.23430262506008148,0.7363905310630798,0.4417266845703125,8.994318555432502,0.23345394432544708,False,0,0,324,pred[324] <-> gt[324] <-> mask[324]
325,325,325,results/B_mask_20_30_reliability_inference/line_debug/0081_center.png,/root/autodl-tmp/Inpainting/BundleFusion/B_imgs_gt/office0/00650.jpg,/root/autodl-tmp/Inpainting/masks/irregular_mask/mask_rates_20_30/0002452.png,0081_center.png,00650.jpg,0002452.png,0081_center,00650,0002452,"[256, 256]","[256, 256]","[256, 256]",False,False,0.2876129150390625,18849,10.313268557494306,7.9174407466738606,0.031624216586351395,0.016162889078259468,11.844948102478776,0.03572959825396538,0.7183102965354919,0.19189453125,8.614048794487086,0.020051658153533936,False,0,0,325,pred[325] <-> gt[325] <-> mask[325]
326,326,326,results/B_mask_20_30_reliability_inference/line_debug/0081_reliability.png,/root/autodl-tmp/Inpainting/BundleFusion/B_imgs_gt/office0/00652.jpg,/root/autodl-tmp/Inpainting/masks/irregular_mask/mask_rates_20_30/0002454.png,0081_reliability.png,00652.jpg,0002454.png,0081_reliability,00652,0002454,"[256, 256]","[256, 256]","[256, 256]",False,False,0.2248077392578125,14733,10.553201706564163,15.266922193331885,0.043880026787519455,0.05190713331103325,9.790268853057544,0.03797325864434242,0.7076793313026428,0.341888427734375,12.157736772158152,0.0470590777695179,True,0,0,326,pred[326] <-> gt[326] <-> mask[326]
327,327,327,results/B_mask_20_30_reliability_inference/line_debug/0081_soft.png,/root/autodl-tmp/Inpainting/BundleFusion/B_imgs_gt/office0/00654.jpg,/root/autodl-tmp/Inpainting/masks/irregular_mask/mask_rates_20_30/0002467.png,0081_soft.png,00654.jpg,0002467.png,0081_soft,00654,0002467,"[256, 256]","[256, 256]","[256, 256]",False,False,0.2398834228515625,15721,10.574309708398644,7.65761655792041,0.04069916531443596,0.03021635115146637,12.13655851711263,0.04608173295855522,0.7168506383895874,0.2652435302734375,9.70839785103577,0.033350612968206406,False,0,0,327,pred[327] <-> gt[327] <-> mask[327]
328,328,328,results/B_mask_20_30_reliability_inference/frames/0082.png,/root/autodl-tmp/Inpainting/BundleFusion/B_imgs_gt/office0/00656.jpg,/root/autodl-tmp/Inpainting/masks/irregular_mask/mask_rates_20_30/0002470.png,0082.png,00656.jpg,0002470.png,0082,00656,0002470,"[256, 256]","[256, 256]","[256, 256]",False,False,0.2700653076171875,17699,8.805247360964922,6.858810607849898,0.21536685526371002,0.1738559603691101,9.824659288018417,0.2454349398612976,0.7102488875389099,0.371185302734375,8.339844601261616,0.176807701587677,False,0,0,328,pred[328] <-> gt[328] <-> mask[328]
329,329,329,results/B_mask_20_30_reliability_inference/line_debug/0082_center.png,/root/autodl-tmp/Inpainting/BundleFusion/B_imgs_gt/office0/00658.jpg,/root/autodl-tmp/Inpainting/masks/irregular_mask/mask_rates_20_30/0002474.png,0082_center.png,00658.jpg,0002474.png,0082_center,00658,0002474,"[256, 256]","[256, 256]","[256, 256]",False,False,0.2563629150390625,16801,9.145119479501036,6.131476084991397,0.022765258327126503,0.009222045540809631,10.984515954234631,0.0285396259278059,0.7561265826225281,0.209075927734375,8.284597257093795,0.012097291648387909,False,0,0,329,pred[329] <-> gt[329] <-> mask[329]
330,330,330,results/B_mask_20_30_reliability_inference/line_debug/0082_reliability.png,/root/autodl-tmp/Inpainting/BundleFusion/B_imgs_gt/office0/00660.jpg,/root/autodl-tmp/Inpainting/masks/irregular_mask/mask_rates_20_30/0002475.png,0082_reliability.png,00660.jpg,0002475.png,0082_reliability,00660,0002475,"[256, 256]","[256, 256]","[256, 256]",False,False,0.278533935546875,18254,8.391216983612605,6.630240611439597,0.03326338902115822,0.02406092919409275,9.322706785035455,0.04066860303282738,0.7404336929321289,0.230621337890625,7.422142970368268,0.0341169573366642,False,0,0,330,pred[330] <-> gt[330] <-> mask[330]
331,331,331,results/B_mask_20_30_reliability_inference/line_debug/0082_soft.png,/root/autodl-tmp/Inpainting/BundleFusion/B_imgs_gt/office0/00662.jpg,/root/autodl-tmp/Inpainting/masks/irregular_mask/mask_rates_20_30/0002478.png,0082_soft.png,00662.jpg,0002478.png,0082_soft,00662,0002478,"[256, 256]","[256, 256]","[256, 256]",False,False,0.287261962890625,18826,7.498249827209267,7.13105546761568,0.02994110994040966,0.02422391064465046,7.655492867834327,0.030234521254897118,0.7376871109008789,0.4020843505859375,7.832180761380063,0.030468037351965904,False,0,0,331,pred[331] <-> gt[331] <-> mask[331]
332,332,332,results/B_mask_20_30_reliability_inference/frames/0083.png,/root/autodl-tmp/Inpainting/BundleFusion/B_imgs_gt/office0/00664.jpg,/root/autodl-tmp/Inpainting/masks/irregular_mask/mask_rates_20_30/0002510.png,0083.png,00664.jpg,0002510.png,0083,00664,0002510,"[256, 256]","[256, 256]","[256, 256]",False,False,0.235382080078125,15426,10.205085685834218,8.658216226822326,0.26136496663093567,0.17981989681720734,10.818461861933146,0.2964026927947998,0.6561421155929565,0.250885009765625,9.947032487602348,0.23230187594890594,False,0,0,332,pred[332] <-> gt[332] <-> mask[332]
333,333,333,results/B_mask_20_30_reliability_inference/line_debug/0083_center.png,/root/autodl-tmp/Inpainting/BundleFusion/B_imgs_gt/office0/00666.jpg,/root/autodl-tmp/Inpainting/masks/irregular_mask/mask_rates_20_30/0002511.png,0083_center.png,00666.jpg,0002511.png,0083_center,00666,0002511,"[256, 256]","[256, 256]","[256, 256]",False,False,0.27197265625,17824,6.511106889790924,5.973982392497106,0.013321449048817158,0.013326023705303669,6.730130570210909,0.015287984162569046,0.7347856760025024,0.3237152099609375,7.1600350412783245,0.013321449048817158,False,0,0,333,pred[333] <-> gt[333] <-> mask[333]
334,334,334,results/B_mask_20_30_reliability_inference/line_debug/0083_reliability.png,/root/autodl-tmp/Inpainting/BundleFusion/B_imgs_gt/office0/00668.jpg,/root/autodl-tmp/Inpainting/masks/irregular_mask/mask_rates_20_30/0002520.png,0083_reliability.png,00668.jpg,0002520.png,0083_reliability,00668,0002520,"[256, 256]","[256, 256]","[256, 256]",False,False,0.29241943359375,19164,6.644767846321875,5.3611691682427365,0.020683784037828445,0.012018696404993534,7.310468422337214,0.02584976889193058,0.7128481864929199,0.3953857421875,6.7309240416922815,0.01779777742922306,False,0,0,334,pred[334] <-> gt[334] <-> mask[334]
335,335,335,results/B_mask_20_30_reliability_inference/line_debug/0083_soft.png,/root/autodl-tmp/Inpainting/BundleFusion/B_imgs_gt/office0/00670.jpg,/root/autodl-tmp/Inpainting/masks/irregular_mask/mask_rates_20_30/0002524.png,0083_soft.png,00670.jpg,0002524.png,0083_soft,00670,0002524,"[256, 256]","[256, 256]","[256, 256]",False,False,0.2907562255859375,19055,6.700188262072393,5.582755832139371,0.01917816512286663,0.008512355387210846,7.256806148873107,0.02439972758293152,0.7357041835784912,0.3024139404296875,6.532249165670167,0.011255630291998386,False,0,0,335,pred[335] <-> gt[335] <-> mask[335]
336,336,336,results/B_mask_20_30_reliability_inference/frames/0084.png,/root/autodl-tmp/Inpainting/BundleFusion/B_imgs_gt/office0/00672.jpg,/root/autodl-tmp/Inpainting/masks/irregular_mask/mask_rates_20_30/0002534.png,0084.png,00672.jpg,0002534.png,0084,00672,0002534,"[256, 256]","[256, 256]","[256, 256]",False,False,0.2546539306640625,16689,9.231419976083679,9.291700856355224,0.1956513375043869,0.1872365027666092,9.211014711133652,0.1931900829076767,0.6891646385192871,0.3179779052734375,8.044753880943427,0.1926836371421814,True,0,0,336,pred[336] <-> gt[336] <-> mask[336]
337,337,337,results/B_mask_20_30_reliability_inference/line_debug/0084_center.png,/root/autodl-tmp/Inpainting/BundleFusion/B_imgs_gt/office0/00674.jpg,/root/autodl-tmp/Inpainting/masks/irregular_mask/mask_rates_20_30/0002555.png,0084_center.png,00674.jpg,0002555.png,0084_center,00674,0002555,"[256, 256]","[256, 256]","[256, 256]",False,False,0.2299346923828125,15069,6.281975081742174,5.078190336424106,0.00947569403797388,0.011255498044192791,6.717273574275153,0.008942699991166592,0.7756427526473999,0.283721923828125,7.285521413347555,0.010252718813717365,False,0,0,337,pred[337] <-> gt[337] <-> mask[337]
338,338,338,results/B_mask_20_30_reliability_inference/line_debug/0084_reliability.png,/root/autodl-tmp/Inpainting/BundleFusion/B_imgs_gt/office0/00676.jpg,/root/autodl-tmp/Inpainting/masks/irregular_mask/mask_rates_20_30/0002557.png,0084_reliability.png,00676.jpg,0002557.png,0084_reliability,00676,0002557,"[256, 256]","[256, 256]","[256, 256]",False,False,0.2346038818359375,15375,6.19882283186546,6.719409914151075,0.017517318949103355,0.01722908578813076,6.050994159270519,0.01916598156094551,0.7648918628692627,0.2784423828125,6.237240344059918,0.01630268804728985,True,0,0,338,pred[338] <-> gt[338] <-> mask[338]
339,339,339,results/B_mask_20_30_reliability_inference/line_debug/0084_soft.png,/root/autodl-tmp/Inpainting/BundleFusion/B_imgs_gt/office0/00678.jpg,/root/autodl-tmp/Inpainting/masks/irregular_mask/mask_rates_20_30/0002564.png,0084_soft.png,00678.jpg,0002564.png,0084_soft,00678,0002564,"[256, 256]","[256, 256]","[256, 256]",False,False,0.28436279296875,18636,5.9318631484077216,5.552791614578496,0.013827639631927013,0.013827639631927013,6.092181455037159,0.015050092712044716,0.7883683443069458,0.410064697265625,6.52811602271934,0.013827639631927013,False,0,0,339,pred[339] <-> gt[339] <-> mask[339]
340,340,340,results/B_mask_20_30_reliability_inference/frames/0085.png,/root/autodl-tmp/Inpainting/BundleFusion/B_imgs_gt/office0/00680.jpg,/root/autodl-tmp/Inpainting/masks/irregular_mask/mask_rates_20_30/0002566.png,0085.png,00680.jpg,0002566.png,0085,00680,0002566,"[256, 256]","[256, 256]","[256, 256]",False,False,0.2665557861328125,17469,8.256550562791151,7.197732014304179,0.21597857773303986,0.2175307720899582,8.715766237943063,0.23418651521205902,0.7164279222488403,0.34051513671875,7.375174066327972,0.21597857773303986,False,0,0,340,pred[340] <-> gt[340] <-> mask[340]
341,341,341,results/B_mask_20_30_reliability_inference/line_debug/0085_center.png,/root/autodl-tmp/Inpainting/BundleFusion/B_imgs_gt/office0/00682.jpg,/root/autodl-tmp/Inpainting/masks/irregular_mask/mask_rates_20_30/0002584.png,0085_center.png,00682.jpg,0002584.png,0085_center,00682,0002584,"[256, 256]","[256, 256]","[256, 256]",False,False,0.25250244140625,16548,5.345929565669165,5.2840991015797005,0.0031783294398337603,0.001038554240949452,5.367016704698873,0.00428624264895916,0.7939524054527283,0.3719329833984375,5.059984996795426,0.0031783294398337603,False,0,0,341,pred[341] <-> gt[341] <-> mask[341]
342,342,342,results/B_mask_20_30_reliability_inference/line_debug/0085_reliability.png,/root/autodl-tmp/Inpainting/BundleFusion/B_imgs_gt/office0/00684.jpg,/root/autodl-tmp/Inpainting/masks/irregular_mask/mask_rates_20_30/0002597.png,0085_reliability.png,00684.jpg,0002597.png,0085_reliability,00684,0002597,"[256, 256]","[256, 256]","[256, 256]",False,False,0.26116943359375,17116,5.3896349564758435,4.498403180037844,0.007410753518342972,0.006265431176871061,5.754214571666481,0.007958905771374702,0.7923516631126404,0.3150634765625,4.769088217124453,0.006593199912458658,False,0,0,342,pred[342] <-> gt[342] <-> mask[342]
343,343,343,results/B_mask_20_30_reliability_inference/line_debug/0085_soft.png,/root/autodl-tmp/Inpainting/BundleFusion/B_imgs_gt/office0/00686.jpg,/root/autodl-tmp/Inpainting/masks/irregular_mask/mask_rates_20_30/0002614.png,0085_soft.png,00686.jpg,0002614.png,0085_soft,00686,0002614,"[256, 256]","[256, 256]","[256, 256]",False,False,0.26361083984375,17276,5.190236590027841,5.254643066079433,0.005726083647459745,0.005726083647459745,5.167410367076681,0.005870752967894077,0.8088977336883545,0.26318359375,5.825195941522178,0.005726083647459745,True,0,0,343,pred[343] <-> gt[343] <-> mask[343]
344,344,344,results/B_mask_20_30_reliability_inference/frames/0086.png,/root/autodl-tmp/Inpainting/BundleFusion/B_imgs_gt/office0/00688.jpg,/root/autodl-tmp/Inpainting/masks/irregular_mask/mask_rates_20_30/0002619.png,0086.png,00688.jpg,0002619.png,0086,00688,0002619,"[256, 256]","[256, 256]","[256, 256]",False,False,0.2400970458984375,15735,6.985372139279581,6.552017039497631,0.19833581149578094,0.2052462100982666,7.13179963792517,0.21550144255161285,0.7315912246704102,0.3040008544921875,5.7765498690320305,0.19833581149578094,False,0,0,344,pred[344] <-> gt[344] <-> mask[344]
345,345,345,results/B_mask_20_30_reliability_inference/line_debug/0086_center.png,/root/autodl-tmp/Inpainting/BundleFusion/B_imgs_gt/office0/00690.jpg,/root/autodl-tmp/Inpainting/masks/irregular_mask/mask_rates_20_30/0002631.png,0086_center.png,00690.jpg,0002631.png,0086_center,00690,0002631,"[256, 256]","[256, 256]","[256, 256]",False,False,0.297607421875,19504,5.07652319037741,4.02824840753922,0.0009836634853854775,0.0009615286835469306,5.610381892085092,0.0012084625195711851,0.8347508311271667,0.3053436279296875,4.562415956230809,0.0009187213145196438,False,0,0,345,pred[345] <-> gt[345] <-> mask[345]
346,346,346,results/B_mask_20_30_reliability_inference/line_debug/0086_reliability.png,/root/autodl-tmp/Inpainting/BundleFusion/B_imgs_gt/office0/00692.jpg,/root/autodl-tmp/Inpainting/masks/irregular_mask/mask_rates_20_30/0002654.png,0086_reliability.png,00692.jpg,0002654.png,0086_reliability,00692,0002654,"[256, 256]","[256, 256]","[256, 256]",False,False,0.29840087890625,19556,5.355752841273276,6.307648993430901,0.005111025646328926,0.005231098737567663,5.006611868889524,0.004770446568727493,0.8414775729179382,0.339630126953125,5.3301218007738,0.00508059561252594,True,0,0,346,pred[346] <-> gt[346] <-> mask[346]
347,347,347,results/B_mask_20_30_reliability_inference/line_debug/0086_soft.png,/root/autodl-tmp/Inpainting/BundleFusion/B_imgs_gt/office0/00694.jpg,/root/autodl-tmp/Inpainting/masks/irregular_mask/mask_rates_20_30/0002661.png,0086_soft.png,00694.jpg,0002661.png,0086_soft,00694,0002661,"[256, 256]","[256, 256]","[256, 256]",False,False,0.245025634765625,16058,5.60200549286165,4.501674581904239,0.005638299975544214,0.00501398416236043,6.028724052630579,0.005364145617932081,0.8437901139259338,0.38214111328125,4.943631224141342,0.00530903460457921,False,0,0,347,pred[347] <-> gt[347] <-> mask[347]
348,348,348,results/B_mask_20_30_reliability_inference/frames/0087.png,/root/autodl-tmp/Inpainting/BundleFusion/B_imgs_gt/office0/00696.jpg,/root/autodl-tmp/Inpainting/masks/irregular_mask/mask_rates_20_30/0002665.png,0087.png,00696.jpg,0002665.png,0087,00696,0002665,"[256, 256]","[256, 256]","[256, 256]",False,False,0.28857421875,18912,7.430891881637409,8.531000451830725,0.2089330404996872,0.23609261214733124,7.053566227544181,0.20531819760799408,0.7569819092750549,0.3153839111328125,8.304701739705994,0.20957237482070923,True,0,0,348,pred[348] <-> gt[348] <-> mask[348]
349,349,349,results/B_mask_20_30_reliability_inference/line_debug/0087_center.png,/root/autodl-tmp/Inpainting/BundleFusion/B_imgs_gt/office0/00698.jpg,/root/autodl-tmp/Inpainting/masks/irregular_mask/mask_rates_20_30/0002667.png,0087_center.png,00698.jpg,0002667.png,0087_center,00698,0002667,"[256, 256]","[256, 256]","[256, 256]",False,False,0.249359130859375,16342,5.68502715841452,5.580668277534723,0.0012472606031224132,0.0011848720023408532,5.720257081525828,0.0012842834694311023,0.8626265525817871,0.3548431396484375,5.929766380466335,0.0012472606031224132,False,0,0,349,pred[349] <-> gt[349] <-> mask[349]
350,350,350,results/B_mask_20_30_reliability_inference/line_debug/0087_reliability.png,/root/autodl-tmp/Inpainting/BundleFusion/B_imgs_gt/office0/00700.jpg,/root/autodl-tmp/Inpainting/masks/irregular_mask/mask_rates_20_30/0002677.png,0087_reliability.png,00700.jpg,0002677.png,0087_reliability,00700,0002677,"[256, 256]","[256, 256]","[256, 256]",False,False,0.2782745361328125,18237,5.8769822545104375,6.059003562947192,0.006831719074398279,0.0064366827718913555,5.808788476472833,0.006393410265445709,0.8638460636138916,0.40362548828125,5.567332290086863,0.006831719074398279,True,0,0,350,pred[350] <-> gt[350] <-> mask[350]
351,351,351,results/B_mask_20_30_reliability_inference/line_debug/0087_soft.png,/root/autodl-tmp/Inpainting/BundleFusion/B_imgs_gt/office0/00702.jpg,/root/autodl-tmp/Inpainting/masks/irregular_mask/mask_rates_20_30/0002699.png,0087_soft.png,00702.jpg,0002699.png,0087_soft,00702,0002699,"[256, 256]","[256, 256]","[256, 256]",False,False,0.2494049072265625,16345,6.027828690452923,5.566296051189634,0.007221441250294447,0.007121321279555559,6.1927213799901235,0.007449586410075426,0.8561607003211975,0.2765350341796875,6.17145324152472,0.007263822015374899,False,0,0,351,pred[351] <-> gt[351] <-> mask[351]
352,352,352,results/B_mask_20_30_reliability_inference/frames/0088.png,/root/autodl-tmp/Inpainting/BundleFusion/B_imgs_gt/office0/00704.jpg,/root/autodl-tmp/Inpainting/masks/irregular_mask/mask_rates_20_30/0002707.png,0088.png,00704.jpg,0002707.png,0088,00704,0002707,"[256, 256]","[256, 256]","[256, 256]",False,False,0.27276611328125,17876,7.820911167166099,6.312415410765565,0.2081565260887146,0.20926181972026825,8.556299372133573,0.21678312122821808,0.8040356040000916,0.409149169921875,9.106234138460348,0.2081565260887146,False,0,0,352,pred[352] <-> gt[352] <-> mask[352]
353,353,353,results/B_mask_20_30_reliability_inference/line_debug/0088_center.png,/root/autodl-tmp/Inpainting/BundleFusion/B_imgs_gt/office0/00706.jpg,/root/autodl-tmp/Inpainting/masks/irregular_mask/mask_rates_20_30/0002718.png,0088_center.png,00706.jpg,0002718.png,0088_center,00706,0002718,"[256, 256]","[256, 256]","[256, 256]",False,False,0.242889404296875,15918,6.4343726769991285,7.260601856903208,0.0013196006184443831,0.0014296505833044648,6.1994662019591775,0.0010212481720373034,0.8851659297943115,0.2359466552734375,6.262394953240802,0.0012835516827180982,True,0,0,353,pred[353] <-> gt[353] <-> mask[353]
354,354,354,results/B_mask_20_30_reliability_inference/line_debug/0088_reliability.png,/root/autodl-tmp/Inpainting/BundleFusion/B_imgs_gt/office0/00708.jpg,/root/autodl-tmp/Inpainting/masks/irregular_mask/mask_rates_20_30/0002729.png,0088_reliability.png,00708.jpg,0002729.png,0088_reliability,00708,0002729,"[256, 256]","[256, 256]","[256, 256]",False,False,0.2272186279296875,14891,6.754302750121663,8.704908895486906,0.006024710834026337,0.006024710834026337,6.3152338368742935,0.005914626643061638,0.8709720373153687,0.2647552490234375,8.12234904378383,0.006024710834026337,True,0,0,354,pred[354] <-> gt[354] <-> mask[354]
355,355,355,results/B_mask_20_30_reliability_inference/line_debug/0088_soft.png,/root/autodl-tmp/Inpainting/BundleFusion/B_imgs_gt/office0/00710.jpg,/root/autodl-tmp/Inpainting/masks/irregular_mask/mask_rates_20_30/0002731.png,0088_soft.png,00710.jpg,0002731.png,0088_soft,00710,0002731,"[256, 256]","[256, 256]","[256, 256]",False,False,0.2988128662109375,19583,6.882570111863348,6.918835372696352,0.006258316338062286,0.006279003340750933,6.8672066895524875,0.0055944062769412994,0.8619208335876465,0.33477783203125,6.352718090231196,0.006258316338062286,True,0,0,355,pred[355] <-> gt[355] <-> mask[355]
356,356,356,results/B_mask_20_30_reliability_inference/frames/0089.png,/root/autodl-tmp/Inpainting/BundleFusion/B_imgs_gt/office0/00712.jpg,/root/autodl-tmp/Inpainting/masks/irregular_mask/mask_rates_20_30/0002739.png,0089.png,00712.jpg,0002739.png,0089,00712,0002739,"[256, 256]","[256, 256]","[256, 256]",False,False,0.2327423095703125,15253,8.541775334287994,10.561011126964326,0.2257855385541916,0.22805435955524445,8.077633505452063,0.1970537155866623,0.8188604116439819,0.364959716796875,9.096038470105098,0.22488094866275787,True,0,0,356,pred[356] <-> gt[356] <-> mask[356]
357,357,357,results/B_mask_20_30_reliability_inference/line_debug/0089_center.png,/root/autodl-tmp/Inpainting/BundleFusion/B_imgs_gt/office0/00714.jpg,/root/autodl-tmp/Inpainting/masks/irregular_mask/mask_rates_20_30/0002742.png,0089_center.png,00714.jpg,0002742.png,0089_center,00714,0002742,"[256, 256]","[256, 256]","[256, 256]",False,False,0.2795257568359375,18319,7.27423501592202,7.5258645513792395,0.0010035807499662042,0.0011416332563385367,7.1804047046208295,0.000996483606286347,0.9007805585861206,0.4002838134765625,7.13801372184072,0.0010130420560017228,True,0,0,357,pred[357] <-> gt[357] <-> mask[357]
358,358,358,results/B_mask_20_30_reliability_inference/line_debug/0089_reliability.png,/root/autodl-tmp/Inpainting/BundleFusion/B_imgs_gt/office0/00716.jpg,/root/autodl-tmp/Inpainting/masks/irregular_mask/mask_rates_20_30/0002743.png,0089_reliability.png,00716.jpg,0002743.png,0089_reliability,00716,0002743,"[256, 256]","[256, 256]","[256, 256]",False,False,0.214630126953125,14066,7.778694914051204,7.597109663820975,0.005607027094811201,0.00524431886151433,7.829669236604638,0.0060074604116380215,0.8599899411201477,0.280914306640625,8.024442371574251,0.00600920245051384,False,0,0,358,pred[358] <-> gt[358] <-> mask[358]
359,359,359,results/B_mask_20_30_reliability_inference/line_debug/0089_soft.png,/root/autodl-tmp/Inpainting/BundleFusion/B_imgs_gt/office0/00718.jpg,/root/autodl-tmp/Inpainting/masks/irregular_mask/mask_rates_20_30/0002750.png,0089_soft.png,00718.jpg,0002750.png,0089_soft,00718,0002750,"[256, 256]","[256, 256]","[256, 256]",False,False,0.20831298828125,13652,8.205602528208859,8.197571070276336,0.008480151183903217,0.007354406174272299,8.20771785684135,0.009251980111002922,0.8501453399658203,0.238616943359375,7.955619483773349,0.006421353202313185,False,0,0,359,pred[359] <-> gt[359] <-> mask[359]
360,360,360,results/B_mask_20_30_reliability_inference/frames/0090.png,/root/autodl-tmp/Inpainting/BundleFusion/B_imgs_gt/office0/00720.jpg,/root/autodl-tmp/Inpainting/masks/irregular_mask/mask_rates_20_30/0002754.png,0090.png,00720.jpg,0002754.png,0090,00720,0002754,"[256, 256]","[256, 256]","[256, 256]",False,False,0.2542877197265625,16665,10.412696157441363,10.989856094923262,0.2519419193267822,0.25482413172721863,10.23220492286531,0.24178610742092133,0.8763559460639954,0.31427001953125,9.595154220674093,0.25194674730300903,True,0,0,360,pred[360] <-> gt[360] <-> mask[360]
361,361,361,results/B_mask_20_30_reliability_inference/line_debug/0090_center.png,/root/autodl-tmp/Inpainting/BundleFusion/B_imgs_gt/office0/00722.jpg,/root/autodl-tmp/Inpainting/masks/irregular_mask/mask_rates_20_30/0002768.png,0090_center.png,00722.jpg,0002768.png,0090_center,00722,0002768,"[256, 256]","[256, 256]","[256, 256]",False,False,0.251739501953125,16498,8.527114377487111,8.70300307883089,0.010077174752950668,0.01135778147727251,8.469504956957099,0.009334939531981945,0.8322739005088806,0.380340576171875,8.588357980290027,0.010115283541381359,True,0,0,361,pred[361] <-> gt[361] <-> mask[361]
362,362,362,results/B_mask_20_30_reliability_inference/line_debug/0090_reliability.png,/root/autodl-tmp/Inpainting/BundleFusion/B_imgs_gt/office0/00724.jpg,/root/autodl-tmp/Inpainting/masks/irregular_mask/mask_rates_20_30/0002770.png,0090_reliability.png,00724.jpg,0002770.png,0090_reliability,00724,0002770,"[256, 256]","[256, 256]","[256, 256]",False,False,0.228302001953125,14962,8.804714277721088,9.830565774526624,0.018093431368470192,0.02931142784655094,8.54248119014709,0.010425918735563755,0.8217989206314087,0.22039794921875,9.766713093225443,0.025089552626013756,True,0,0,362,pred[362] <-> gt[362] <-> mask[362]
363,363,363,results/B_mask_20_30_reliability_inference/line_debug/0090_soft.png,/root/autodl-tmp/Inpainting/BundleFusion/B_imgs_gt/office0/00726.jpg,/root/autodl-tmp/Inpainting/masks/irregular_mask/mask_rates_20_30/0002773.png,0090_soft.png,00726.jpg,0002773.png,0090_soft,00726,0002773,"[256, 256]","[256, 256]","[256, 256]",False,False,0.2429351806640625,15921,9.032228102456813,8.867439818912079,0.022794760763645172,0.02447010762989521,9.08646103154394,0.01923522725701332,0.8300511240959167,0.295684814453125,8.743572603111273,0.022794760763645172,False,0,0,363,pred[363] <-> gt[363] <-> mask[363]
364,364,364,results/B_mask_20_30_reliability_inference/frames/0091.png,/root/autodl-tmp/Inpainting/BundleFusion/B_imgs_gt/office0/00728.jpg,/root/autodl-tmp/Inpainting/masks/irregular_mask/mask_rates_20_30/0002778.png,0091.png,00728.jpg,0002778.png,0091,00728,0002778,"[256, 256]","[256, 256]","[256, 256]",False,False,0.255279541015625,16730,10.907050721564735,10.809036796065751,0.2777657210826874,0.24723897874355316,10.941163856735404,0.2952336072921753,0.7411772012710571,0.2464447021484375,11.429562287876484,0.27645841240882874,False,0,0,364,pred[364] <-> gt[364] <-> mask[364]
365,365,365,results/B_mask_20_30_reliability_inference/line_debug/0091_center.png,/root/autodl-tmp/Inpainting/BundleFusion/B_imgs_gt/office0/00730.jpg,/root/autodl-tmp/Inpainting/masks/irregular_mask/mask_rates_20_30/0002780.png,0091_center.png,00730.jpg,0002780.png,0091_center,00730,0002780,"[256, 256]","[256, 256]","[256, 256]",False,False,0.2079620361328125,13629,8.956709852441339,12.74086702977627,0.01985965482890606,0.026241211220622063,8.339509470801012,0.010698135010898113,0.7686269283294678,0.291656494140625,10.85809610706377,0.02207617461681366,True,0,0,365,pred[365] <-> gt[365] <-> mask[365]
366,366,366,results/B_mask_20_30_reliability_inference/line_debug/0091_reliability.png,/root/autodl-tmp/Inpainting/BundleFusion/B_imgs_gt/office0/00732.jpg,/root/autodl-tmp/Inpainting/masks/irregular_mask/mask_rates_20_30/0002781.png,0091_reliability.png,00732.jpg,0002781.png,0091_reliability,00732,0002781,"[256, 256]","[256, 256]","[256, 256]",False,False,0.2127685546875,13944,9.269683772614384,8.890819959258906,0.029114102944731712,0.04298121854662895,9.37802065027474,0.029953483492136,0.7731443047523499,0.208709716796875,9.95989065308334,0.04558757320046425,False,0,0,366,pred[366] <-> gt[366] <-> mask[366]
367,367,367,results/B_mask_20_30_reliability_inference/line_debug/0091_soft.png,/root/autodl-tmp/Inpainting/BundleFusion/B_imgs_gt/office0/00734.jpg,/root/autodl-tmp/Inpainting/masks/irregular_mask/mask_rates_20_30/0002787.png,0091_soft.png,00734.jpg,0002787.png,0091_soft,00734,0002787,"[256, 256]","[256, 256]","[256, 256]",False,False,0.2168121337890625,14209,9.482003292175085,11.980809816012501,0.03184233233332634,0.05002034828066826,8.98549948749875,0.015619386918842793,0.7762607336044312,0.2804107666015625,10.186247413160052,0.04324924945831299,True,0,0,367,pred[367] <-> gt[367] <-> mask[367]
368,368,368,results/B_mask_20_30_reliability_inference/frames/0092.png,/root/autodl-tmp/Inpainting/BundleFusion/B_imgs_gt/office0/00736.jpg,/root/autodl-tmp/Inpainting/masks/irregular_mask/mask_rates_20_30/0002797.png,0092.png,00736.jpg,0002797.png,0092,00736,0002797,"[256, 256]","[256, 256]","[256, 256]",False,False,0.211639404296875,13870,11.392221649522332,12.879554634865212,0.2311324030160904,0.2354743927717209,11.066645118638348,0.2330053299665451,0.7321782112121582,0.1571807861328125,11.825475135261176,0.22835396230220795,True,0,0,368,pred[368] <-> gt[368] <-> mask[368]
369,369,369,results/B_mask_20_30_reliability_inference/line_debug/0092_center.png,/root/autodl-tmp/Inpainting/BundleFusion/B_imgs_gt/office0/00738.jpg,/root/autodl-tmp/Inpainting/masks/irregular_mask/mask_rates_20_30/0002802.png,0092_center.png,00738.jpg,0002802.png,0092_center,00738,0002802,"[256, 256]","[256, 256]","[256, 256]",False,False,0.250152587890625,16394,10.618098194965777,11.713713514874122,0.030065029859542847,0.048779845237731934,10.306505522333927,0.021278290078043938,0.7954975366592407,0.2714080810546875,11.608892786944981,0.041434019804000854,True,0,0,369,pred[369] <-> gt[369] <-> mask[369]
370,370,370,results/B_mask_20_30_reliability_inference/line_debug/0092_reliability.png,/root/autodl-tmp/Inpainting/BundleFusion/B_imgs_gt/office0/00740.jpg,/root/autodl-tmp/Inpainting/masks/irregular_mask/mask_rates_20_30/0002807.png,0092_reliability.png,00740.jpg,0002807.png,0092_reliability,00740,0002807,"[256, 256]","[256, 256]","[256, 256]",False,False,0.232025146484375,15206,11.323145055713525,11.378290911988431,0.04539303854107857,0.051038265228271484,11.306620764813712,0.05250552296638489,0.751268208026886,0.3240966796875,10.983233479018606,0.04539303854107857,True,0,0,370,pred[370] <-> gt[370] <-> mask[370]
371,371,371,results/B_mask_20_30_reliability_inference/line_debug/0092_soft.png,/root/autodl-tmp/Inpainting/BundleFusion/B_imgs_gt/office0/00742.jpg,/root/autodl-tmp/Inpainting/masks/irregular_mask/mask_rates_20_30/0002811.png,0092_soft.png,00742.jpg,0002811.png,0092_soft,00742,0002811,"[256, 256]","[256, 256]","[256, 256]",False,False,0.2542877197265625,16665,12.528435725019737,13.683262559278475,0.04951613023877144,0.04854392632842064,12.195724824814869,0.05240431800484657,0.6947206258773804,0.3549652099609375,12.360410118637432,0.04951613023877144,True,0,0,371,pred[371] <-> gt[371] <-> mask[371]
372,372,372,results/B_mask_20_30_reliability_inference/frames/0093.png,/root/autodl-tmp/Inpainting/BundleFusion/B_imgs_gt/office0/00744.jpg,/root/autodl-tmp/Inpainting/masks/irregular_mask/mask_rates_20_30/0002819.png,0093.png,00744.jpg,0002819.png,0093,00744,0002819,"[256, 256]","[256, 256]","[256, 256]",False,False,0.28338623046875,18572,12.617324546599846,11.679281092167916,0.29433152079582214,0.24385149776935577,13.052473242010782,0.30780136585235596,0.6696439385414124,0.31549072265625,13.349979367299438,0.28265559673309326,False,0,0,372,pred[372] <-> gt[372] <-> mask[372]
373,373,373,results/B_mask_20_30_reliability_inference/line_debug/0093_center.png,/root/autodl-tmp/Inpainting/BundleFusion/B_imgs_gt/office0/00746.jpg,/root/autodl-tmp/Inpainting/masks/irregular_mask/mask_rates_20_30/0002820.png,0093_center.png,00746.jpg,0002820.png,0093_center,00746,0002820,"[256, 256]","[256, 256]","[256, 256]",False,False,0.2528533935546875,16571,12.831444795398275,14.83411179478296,0.044022928923368454,0.04587465897202492,12.319824880257633,0.03757430613040924,0.6933271288871765,0.3646087646484375,11.930179276144411,0.044022928923368454,True,0,0,373,pred[373] <-> gt[373] <-> mask[373]
374,374,374,results/B_mask_20_30_reliability_inference/line_debug/0093_reliability.png,/root/autodl-tmp/Inpainting/BundleFusion/B_imgs_gt/office0/00748.jpg,/root/autodl-tmp/Inpainting/masks/irregular_mask/mask_rates_20_30/0002827.png,0093_reliability.png,00748.jpg,0002827.png,0093_reliability,00748,0002827,"[256, 256]","[256, 256]","[256, 256]",False,False,0.2419891357421875,15859,13.29184015421788,15.449566692635264,0.06072523817420006,0.05082133412361145,12.780321551104832,0.05913233757019043,0.6711441278457642,0.2901611328125,13.504061896915797,0.04400525987148285,True,0,0,374,pred[374] <-> gt[374] <-> mask[374]
375,375,375,results/B_mask_20_30_reliability_inference/line_debug/0093_soft.png,/root/autodl-tmp/Inpainting/BundleFusion/B_imgs_gt/office0/00750.jpg,/root/autodl-tmp/Inpainting/masks/irregular_mask/mask_rates_20_30/0002840.png,0093_soft.png,00750.jpg,0002840.png,0093_soft,00750,0002840,"[256, 256]","[256, 256]","[256, 256]",False,False,0.2846221923828125,18653,13.600767239069384,12.31145407643534,0.05590584874153137,0.06518280506134033,14.243278870698067,0.04559643194079399,0.6672643423080444,0.2038726806640625,13.268739945977778,0.06390156596899033,False,0,0,375,pred[375] <-> gt[375] <-> mask[375]
376,376,376,results/B_mask_20_30_reliability_inference/frames/0094.png,/root/autodl-tmp/Inpainting/BundleFusion/B_imgs_gt/office0/00752.jpg,/root/autodl-tmp/Inpainting/masks/irregular_mask/mask_rates_20_30/0002843.png,0094.png,00752.jpg,0002843.png,0094,00752,0002843,"[256, 256]","[256, 256]","[256, 256]",False,False,0.24578857421875,16108,14.507980572775088,14.535181972268173,0.332060307264328,0.387698769569397,14.49915259788983,0.31314200162887573,0.6010878086090088,0.3155517578125,16.985253671004013,0.36255529522895813,True,0,0,376,pred[376] <-> gt[376] <-> mask[376]
377,377,377,results/B_mask_20_30_reliability_inference/line_debug/0094_center.png,/root/autodl-tmp/Inpainting/BundleFusion/B_imgs_gt/office0/00754.jpg,/root/autodl-tmp/Inpainting/masks/irregular_mask/mask_rates_20_30/0002847.png,0094_center.png,00754.jpg,0002847.png,0094_center,00754,0002847,"[256, 256]","[256, 256]","[256, 256]",False,False,0.27130126953125,17780,13.022066599775606,10.722148789019332,0.034365322440862656,0.03824980556964874,14.329459391230495,0.03459833562374115,0.6927477717399597,0.293212890625,12.614848770778408,0.03641732409596443,False,0,0,377,pred[377] <-> gt[377] <-> mask[377]
378,378,378,results/B_mask_20_30_reliability_inference/line_debug/0094_reliability.png,/root/autodl-tmp/Inpainting/BundleFusion/B_imgs_gt/office0/00756.jpg,/root/autodl-tmp/Inpainting/masks/irregular_mask/mask_rates_20_30/0002856.png,0094_reliability.png,00756.jpg,0002856.png,0094_reliability,00756,0002856,"[256, 256]","[256, 256]","[256, 256]",False,False,0.2230682373046875,14619,13.970608322348944,14.613545239148102,0.039389774203300476,0.04092186689376831,13.802328958639418,0.042110804468393326,0.7087233662605286,0.2927703857421875,13.802844275102135,0.039389774203300476,True,0,0,378,pred[378] <-> gt[378] <-> mask[378]
379,379,379,results/B_mask_20_30_reliability_inference/line_debug/0094_soft.png,/root/autodl-tmp/Inpainting/BundleFusion/B_imgs_gt/office0/00758.jpg,/root/autodl-tmp/Inpainting/masks/irregular_mask/mask_rates_20_30/0002872.png,0094_soft.png,00758.jpg,0002872.png,0094_soft,00758,0002872,"[256, 256]","[256, 256]","[256, 256]",False,False,0.2191619873046875,14363,14.113706061044045,14.472382011137428,0.03943653777241707,0.04556332901120186,14.018138897762437,0.041559964418411255,0.7200703024864197,0.2972412109375,12.19008801979237,0.043184131383895874,True,0,0,379,pred[379] <-> gt[379] <-> mask[379]
380,380,380,results/B_mask_20_30_reliability_inference/frames/0095.png,/root/autodl-tmp/Inpainting/BundleFusion/B_imgs_gt/office0/00760.jpg,/root/autodl-tmp/Inpainting/masks/irregular_mask/mask_rates_20_30/0002874.png,0095.png,00760.jpg,0002874.png,0095,00760,0002874,"[256, 256]","[256, 256]","[256, 256]",False,False,0.281829833984375,18470,15.509032255234402,17.21556857542884,0.4058907926082611,0.4058907926082611,14.987817333030037,0.4135424494743347,0.5996429324150085,0.370574951171875,14.76068787673881,0.4058907926082611,True,0,0,380,pred[380] <-> gt[380] <-> mask[380]
381,381,381,results/B_mask_20_30_reliability_inference/line_debug/0095_center.png,/root/autodl-tmp/Inpainting/BundleFusion/B_imgs_gt/office0/00762.jpg,/root/autodl-tmp/Inpainting/masks/irregular_mask/mask_rates_20_30/0002878.png,0095_center.png,00762.jpg,0002878.png,0095_center,00762,0002878,"[256, 256]","[256, 256]","[256, 256]",False,False,0.206329345703125,13522,14.57311472708804,15.618073743972916,0.03386186435818672,0.0412423200905323,14.338141765872557,0.025589745491743088,0.6806168556213379,0.2368316650390625,15.935128400571422,0.03480600565671921,True,0,0,381,pred[381] <-> gt[381] <-> mask[381]
382,382,382,results/B_mask_20_30_reliability_inference/line_debug/0095_reliability.png,/root/autodl-tmp/Inpainting/BundleFusion/B_imgs_gt/office0/00764.jpg,/root/autodl-tmp/Inpainting/masks/irregular_mask/mask_rates_20_30/0002881.png,0095_reliability.png,00764.jpg,0002881.png,0095_reliability,00764,0002881,"[256, 256]","[256, 256]","[256, 256]",False,False,0.28497314453125,18676,14.364993918227709,10.908515995532955,0.04301530122756958,0.049107376486063004,17.245185957204644,0.050855252891778946,0.6559818387031555,0.187103271484375,14.782540381893298,0.04611874744296074,False,0,0,382,pred[382] <-> gt[382] <-> mask[382]
383,383,383,results/B_mask_20_30_reliability_inference/line_debug/0095_soft.png,/root/autodl-tmp/Inpainting/BundleFusion/B_imgs_gt/office0/00766.jpg,/root/autodl-tmp/Inpainting/masks/irregular_mask/mask_rates_20_30/0002883.png,0095_soft.png,00766.jpg,0002883.png,0095_soft,00766,0002883,"[256, 256]","[256, 256]","[256, 256]",False,False,0.2028961181640625,13297,14.080604985309748,15.079072067666699,0.04070918262004852,0.039975959807634354,13.859288723640372,0.03793559968471527,0.6400966048240662,0.4014739990234375,13.939210269953739,0.03971479833126068,True,0,0,383,pred[383] <-> gt[383] <-> mask[383]
384,384,384,results/B_mask_20_30_reliability_inference/frames/0096.png,/root/autodl-tmp/Inpainting/BundleFusion/B_imgs_gt/office0/00768.jpg,/root/autodl-tmp/Inpainting/masks/irregular_mask/mask_rates_20_30/0002885.png,0096.png,00768.jpg,0002885.png,0096,00768,0002885,"[256, 256]","[256, 256]","[256, 256]",False,False,0.236572265625,15504,15.432853512886705,21.986848760259946,0.4158751666545868,0.47555720806121826,14.493858844209162,0.41852420568466187,0.5973023772239685,0.28033447265625,18.660498828606983,0.4716480076313019,True,0,0,384,pred[384] <-> gt[384] <-> mask[384]
385,385,385,results/B_mask_20_30_reliability_inference/line_debug/0096_center.png,/root/autodl-tmp/Inpainting/BundleFusion/B_imgs_gt/office0/00770.jpg,/root/autodl-tmp/Inpainting/masks/irregular_mask/mask_rates_20_30/0002890.png,0096_center.png,00770.jpg,0002890.png,0096_center,00770,0002890,"[256, 256]","[256, 256]","[256, 256]",False,False,0.2162322998046875,14171,12.253542508761306,10.176069005178194,0.02823873795568943,0.03260563686490059,13.058761830551756,0.030917486175894737,0.706139326095581,0.2860870361328125,11.787852764959624,0.029879003763198853,False,0,0,385,pred[385] <-> gt[385] <-> mask[385]
386,386,386,results/B_mask_20_30_reliability_inference/line_debug/0096_reliability.png,/root/autodl-tmp/Inpainting/BundleFusion/B_imgs_gt/office0/00772.jpg,/root/autodl-tmp/Inpainting/masks/irregular_mask/mask_rates_20_30/0002894.png,0096_reliability.png,00772.jpg,0002894.png,0096_reliability,00772,0002894,"[256, 256]","[256, 256]","[256, 256]",False,False,0.213531494140625,13994,12.451916475086868,10.427144777352332,0.034412089735269547,0.04039687290787697,13.215663640954563,0.036932457238435745,0.6976414918899536,0.2946319580078125,11.614255764446463,0.03977779671549797,False,0,0,386,pred[386] <-> gt[386] <-> mask[386]
387,387,387,results/B_mask_20_30_reliability_inference/line_debug/0096_soft.png,/root/autodl-tmp/Inpainting/BundleFusion/B_imgs_gt/office0/00774.jpg,/root/autodl-tmp/Inpainting/masks/irregular_mask/mask_rates_20_30/0002897.png,0096_soft.png,00774.jpg,0002897.png,0096_soft,00774,0002897,"[256, 256]","[256, 256]","[256, 256]",False,False,0.2031707763671875,13315,12.030483984672655,10.470051337898125,0.034550026059150696,0.034550026059150696,12.53772153919363,0.040443066507577896,0.7154743671417236,0.34942626953125,10.650010343967445,0.034550026059150696,False,0,0,387,pred[387] <-> gt[387] <-> mask[387]
388,388,388,results/B_mask_20_30_reliability_inference/frames/0097.png,/root/autodl-tmp/Inpainting/BundleFusion/B_imgs_gt/office0/00776.jpg,/root/autodl-tmp/Inpainting/masks/irregular_mask/mask_rates_20_30/0002917.png,0097.png,00776.jpg,0002917.png,0097,00776,0002917,"[256, 256]","[256, 256]","[256, 256]",False,False,0.24945068359375,16348,14.222249267702967,13.569614781528026,0.32354626059532166,0.30872949957847595,14.462845922530828,0.3360423743724823,0.6431230902671814,0.402313232421875,14.291101807178281,0.3233382999897003,False,0,0,388,pred[388] <-> gt[388] <-> mask[388]
389,389,389,results/B_mask_20_30_reliability_inference/line_debug/0097_center.png,/root/autodl-tmp/Inpainting/BundleFusion/B_imgs_gt/office0/00778.jpg,/root/autodl-tmp/Inpainting/masks/irregular_mask/mask_rates_20_30/0002923.png,0097_center.png,00778.jpg,0002923.png,0097_center,00778,0002923,"[256, 256]","[256, 256]","[256, 256]",False,False,0.251312255859375,16470,11.061598314492358,11.231774765023474,0.027654165402054787,0.017468146979808807,11.005938055503144,0.024216793477535248,0.7637743949890137,0.3423614501953125,10.9134292017915,0.026408933103084564,True,0,0,389,pred[389] <-> gt[389] <-> mask[389]
390,390,390,results/B_mask_20_30_reliability_inference/line_debug/0097_reliability.png,/root/autodl-tmp/Inpainting/BundleFusion/B_imgs_gt/office0/00780.jpg,/root/autodl-tmp/Inpainting/masks/irregular_mask/mask_rates_20_30/0002939.png,0097_reliability.png,00780.jpg,0002939.png,0097_reliability,00780,0002939,"[256, 256]","[256, 256]","[256, 256]",False,False,0.242645263671875,15902,10.547733230833163,9.78667933699575,0.028339743614196777,0.018624747171998024,10.822760290791942,0.03291824832558632,0.7923359870910645,0.37921142578125,9.732680849960689,0.025983160361647606,False,0,0,390,pred[390] <-> gt[390] <-> mask[390]
391,391,391,results/B_mask_20_30_reliability_inference/line_debug/0097_soft.png,/root/autodl-tmp/Inpainting/BundleFusion/B_imgs_gt/office0/00782.jpg,/root/autodl-tmp/Inpainting/masks/irregular_mask/mask_rates_20_30/0002942.png,0097_soft.png,00782.jpg,0002942.png,0097_soft,00782,0002942,"[256, 256]","[256, 256]","[256, 256]",False,False,0.2049560546875,13432,9.72147478304821,9.049164273360365,0.023250887170433998,0.009894556365907192,9.913091814846814,0.026303736492991447,0.8171899914741516,0.32745361328125,8.857305233395046,0.017606692388653755,False,0,0,391,pred[391] <-> gt[391] <-> mask[391]
392,392,392,results/B_mask_20_30_reliability_inference/frames/0098.png,/root/autodl-tmp/Inpainting/BundleFusion/B_imgs_gt/office0/00784.jpg,/root/autodl-tmp/Inpainting/masks/irregular_mask/mask_rates_20_30/0002943.png,0098.png,00784.jpg,0002943.png,0098,00784,0002943,"[256, 256]","[256, 256]","[256, 256]",False,False,0.2896728515625,18984,10.739349915698266,11.291419941124376,0.22843635082244873,0.2043556421995163,10.532921407126551,0.2417815923690796,0.7319726943969727,0.320587158203125,11.436616738115365,0.22093899548053741,True,0,0,392,pred[392] <-> gt[392] <-> mask[392]
393,393,393,results/B_mask_20_30_reliability_inference/line_debug/0098_center.png,/root/autodl-tmp/Inpainting/BundleFusion/B_imgs_gt/office0/00786.jpg,/root/autodl-tmp/Inpainting/masks/irregular_mask/mask_rates_20_30/0002968.png,0098_center.png,00786.jpg,0002968.png,0098_center,00786,0002968,"[256, 256]","[256, 256]","[256, 256]",False,False,0.2821197509765625,18489,8.556663412354874,8.130871024191434,0.009047805331647396,0.00553203746676445,8.736130569072738,0.01240945141762495,0.8339117169380188,0.346466064453125,8.2011479977478,0.009047805331647396,False,0,0,393,pred[393] <-> gt[393] <-> mask[393]
394,394,394,results/B_mask_20_30_reliability_inference/line_debug/0098_reliability.png,/root/autodl-tmp/Inpainting/BundleFusion/B_imgs_gt/office0/00788.jpg,/root/autodl-tmp/Inpainting/masks/irregular_mask/mask_rates_20_30/0002974.png,0098_reliability.png,00788.jpg,0002974.png,0098_reliability,00788,0002974,"[256, 256]","[256, 256]","[256, 256]",False,False,0.251922607421875,16510,8.25106033632403,8.162546987756729,0.008526533842086792,0.008949794806540012,8.281278556203747,0.009251662530004978,0.8323420286178589,0.3265380859375,8.298056227269285,0.00800521019846201,False,0,0,394,pred[394] <-> gt[394] <-> mask[394]
395,395,395,results/B_mask_20_30_reliability_inference/line_debug/0098_soft.png,/root/autodl-tmp/Inpainting/BundleFusion/B_imgs_gt/office0/00790.jpg,/root/autodl-tmp/Inpainting/masks/irregular_mask/mask_rates_20_30/0003006.png,0098_soft.png,00790.jpg,0003006.png,0098_soft,00790,0003006,"[256, 256]","[256, 256]","[256, 256]",False,False,0.271697998046875,17806,7.794478213559762,8.159057184377009,0.00638928497210145,0.0076920222491025925,7.6659428766181374,0.0057033151388168335,0.847463071346283,0.3197479248046875,8.336539464363636,0.006557965651154518,True,0,0,395,pred[395] <-> gt[395] <-> mask[395]
396,396,396,results/B_mask_20_30_reliability_inference/frames/0099.png,/root/autodl-tmp/Inpainting/BundleFusion/B_imgs_gt/office0/00792.jpg,/root/autodl-tmp/Inpainting/masks/irregular_mask/mask_rates_20_30/0003009.png,0099.png,00792.jpg,0003009.png,0099,00792,0003009,"[256, 256]","[256, 256]","[256, 256]",False,False,0.227264404296875,14894,9.2143285869823,11.227373995908358,0.19345416128635406,0.22337855398654938,8.76464745896917,0.17511415481567383,0.7524463534355164,0.24151611328125,9.641306462412182,0.22764146327972412,True,0,0,396,pred[396] <-> gt[396] <-> mask[396]
397,397,397,results/B_mask_20_30_reliability_inference/line_debug/0099_center.png,/root/autodl-tmp/Inpainting/BundleFusion/B_imgs_gt/office0/00794.jpg,/root/autodl-tmp/Inpainting/masks/irregular_mask/mask_rates_20_30/0003010.png,0099_center.png,00794.jpg,0003010.png,0099_center,00794,0003010,"[256, 256]","[256, 256]","[256, 256]",False,False,0.291290283203125,19090,7.169399648287169,7.416842321594183,0.0017325211083516479,0.0018831990892067552,7.07164830563004,0.0015266702976077795,0.8229577541351318,0.339691162109375,7.784665653147575,0.0017325211083516479,True,0,0,397,pred[397] <-> gt[397] <-> mask[397]
398,398,398,results/B_mask_20_30_reliability_inference/line_debug/0099_reliability.png,/root/autodl-tmp/Inpainting/BundleFusion/B_imgs_gt/office0/00796.jpg,/root/autodl-tmp/Inpainting/masks/irregular_mask/mask_rates_20_30/0003014.png,0099_reliability.png,00796.jpg,0003014.png,0099_reliability,00796,0003014,"[256, 256]","[256, 256]","[256, 256]",False,False,0.2687835693359375,17615,7.0102940743377715,7.57817333327055,0.003074226900935173,0.003050212049856782,6.818902380478705,0.002698516473174095,0.832793116569519,0.3661956787109375,6.912580088797671,0.003074226900935173,True,0,0,398,pred[398] <-> gt[398] <-> mask[398]
399,399,399,results/B_mask_20_30_reliability_inference/line_debug/0099_soft.png,/root/autodl-tmp/Inpainting/BundleFusion/B_imgs_gt/office0/00798.jpg,/root/autodl-tmp/Inpainting/masks/irregular_mask/mask_rates_20_30/0003015.png,0099_soft.png,00798.jpg,0003015.png,0099_soft,00798,0003015,"[256, 256]","[256, 256]","[256, 256]",False,False,0.210540771484375,13798,6.840967959002304,8.060993000912166,0.0032843120861798525,0.004972571041435003,6.5661851135305245,0.002541991649195552,0.8458446860313416,0.2314453125,8.023886416718806,0.004056090954691172,True,0,0,399,pred[399] <-> gt[399] <-> mask[399]
400,400,400,results/B_mask_20_30_reliability_inference/frames/0100.png,/root/autodl-tmp/Inpainting/BundleFusion/B_imgs_gt/office0/00800.jpg,/root/autodl-tmp/Inpainting/masks/irregular_mask/mask_rates_20_30/0003016.png,0100.png,00800.jpg,0003016.png,0100,00800,0003016,"[256, 256]","[256, 256]","[256, 256]",False,False,0.2691192626953125,17637,8.231637253962266,8.146826895908049,0.16356976330280304,0.1390668749809265,8.263287593964794,0.17892464995384216,0.7821477055549622,0.24371337890625,8.819153519542912,0.12895072996616364,False,0,0,400,pred[400] <-> gt[400] <-> mask[400]
401,401,401,results/B_mask_20_30_reliability_inference/line_debug/0100_center.png,/root/autodl-tmp/Inpainting/BundleFusion/B_imgs_gt/office0/00802.jpg,/root/autodl-tmp/Inpainting/masks/irregular_mask/mask_rates_20_30/0003024.png,0100_center.png,00802.jpg,0003024.png,0100_center,00802,0003024,"[256, 256]","[256, 256]","[256, 256]",False,False,0.2825775146484375,18519,6.214488623231621,5.954082280260437,0.0009224701789207757,0.0011528907343745232,6.321502020947266,0.0010786307975649834,0.9021133780479431,0.261138916015625,5.854349620857622,0.0010147192515432835,False,0,0,401,pred[401] <-> gt[401] <-> mask[401]
402,402,402,results/B_mask_20_30_reliability_inference/line_debug/0100_reliability.png,/root/autodl-tmp/Inpainting/BundleFusion/B_imgs_gt/office0/00804.jpg,/root/autodl-tmp/Inpainting/masks/irregular_mask/mask_rates_20_30/0003025.png,0100_reliability.png,00804.jpg,0003025.png,0100_reliability,00804,0003025,"[256, 256]","[256, 256]","[256, 256]",False,False,0.2632293701171875,17251,6.096331198002099,5.388940377143506,0.002827046439051628,0.0028199891094118357,6.3798688515756465,0.0034270286560058594,0.8861925601959229,0.3231658935546875,5.582578905610809,0.002827046439051628,False,0,0,402,pred[402] <-> gt[402] <-> mask[402]
403,403,403,results/B_mask_20_30_reliability_inference/line_debug/0100_soft.png,/root/autodl-tmp/Inpainting/BundleFusion/B_imgs_gt/office0/00806.jpg,/root/autodl-tmp/Inpainting/masks/irregular_mask/mask_rates_20_30/0003030.png,0100_soft.png,00806.jpg,0003030.png,0100_soft,00806,0003030,"[256, 256]","[256, 256]","[256, 256]",False,False,0.2628021240234375,17223,5.773961590581008,5.649234046819014,0.0032138600945472717,0.0037680286914110184,5.819305677489046,0.003084988798946142,0.8866316080093384,0.2796783447265625,6.872087240799516,0.0035317919682711363,False,0,0,403,pred[403] <-> gt[403] <-> mask[403]
404,404,404,results/B_mask_20_30_reliability_inference/frames/0101.png,/root/autodl-tmp/Inpainting/BundleFusion/B_imgs_gt/office0/00808.jpg,/root/autodl-tmp/Inpainting/masks/irregular_mask/mask_rates_20_30/0003032.png,0101.png,00808.jpg,0003032.png,0101,00808,0003032,"[256, 256]","[256, 256]","[256, 256]",False,False,0.257415771484375,16870,7.075895828077031,9.271131927915995,0.1792137771844864,0.17152702808380127,6.516218287373484,0.1707819104194641,0.7715110778808594,0.2614593505859375,7.762133819921642,0.17566697299480438,True,0,0,404,pred[404] <-> gt[404] <-> mask[404]
405,405,405,results/B_mask_20_30_reliability_inference/line_debug/0101_center.png,/root/autodl-tmp/Inpainting/BundleFusion/B_imgs_gt/office0/00810.jpg,/root/autodl-tmp/Inpainting/masks/irregular_mask/mask_rates_20_30/0003035.png,0101_center.png,00810.jpg,0003035.png,0101_center,00810,0003035,"[256, 256]","[256, 256]","[256, 256]",False,False,0.2435150146484375,15959,5.400498370045629,6.057152602215038,0.00040722175617702305,0.00041846383828669786,5.208625409663763,0.00040702446131035686,0.9007359743118286,0.3329925537109375,4.820445582088599,0.0003670585574582219,True,0,0,405,pred[405] <-> gt[405] <-> mask[405]
406,406,406,results/B_mask_20_30_reliability_inference/line_debug/0101_reliability.png,/root/autodl-tmp/Inpainting/BundleFusion/B_imgs_gt/office0/00812.jpg,/root/autodl-tmp/Inpainting/masks/irregular_mask/mask_rates_20_30/0003036.png,0101_reliability.png,00812.jpg,0003036.png,0101_reliability,00812,0003036,"[256, 256]","[256, 256]","[256, 256]",False,False,0.2162933349609375,14175,5.3089528513951745,3.776208389048543,0.003918052185326815,0.0028498293831944466,5.848390849792975,0.004597185645252466,0.8616668581962585,0.292449951171875,4.77649209188555,0.003451203228905797,False,0,0,406,pred[406] <-> gt[406] <-> mask[406]
407,407,407,results/B_mask_20_30_reliability_inference/line_debug/0101_soft.png,/root/autodl-tmp/Inpainting/BundleFusion/B_imgs_gt/office0/00814.jpg,/root/autodl-tmp/Inpainting/masks/irregular_mask/mask_rates_20_30/0003040.png,0101_soft.png,00814.jpg,0003040.png,0101_soft,00814,0003040,"[256, 256]","[256, 256]","[256, 256]",False,False,0.2305145263671875,15107,5.171033324157164,5.063701536755222,0.0042997389100492,0.0025749702472239733,5.203710307812624,0.005020094569772482,0.8640100955963135,0.3363800048828125,5.2025750287548655,0.0033371448516845703,False,0,0,407,pred[407] <-> gt[407] <-> mask[407]
408,408,408,results/B_mask_20_30_reliability_inference/frames/0102.png,/root/autodl-tmp/Inpainting/BundleFusion/B_imgs_gt/office0/00816.jpg,/root/autodl-tmp/Inpainting/masks/irregular_mask/mask_rates_20_30/0003047.png,0102.png,00816.jpg,0003047.png,0102,00816,0003047,"[256, 256]","[256, 256]","[256, 256]",False,False,0.2509613037109375,16447,6.6446234083884645,6.164548115934728,0.20768804848194122,0.1556655615568161,6.81811662264435,0.2423020750284195,0.7817291021347046,0.17376708984375,6.825274257813052,0.1865711808204651,False,0,0,408,pred[408] <-> gt[408] <-> mask[408]
409,409,409,results/B_mask_20_30_reliability_inference/line_debug/0102_center.png,/root/autodl-tmp/Inpainting/BundleFusion/B_imgs_gt/office0/00818.jpg,/root/autodl-tmp/Inpainting/masks/irregular_mask/mask_rates_20_30/0003052.png,0102_center.png,00818.jpg,0003052.png,0102_center,00818,0003052,"[256, 256]","[256, 256]","[256, 256]",False,False,0.2972412109375,19480,4.776350575774194,4.694990694894427,0.00010503533849259838,4.8935336963040754e-05,4.811226539812795,0.0008073812932707369,0.8231397867202759,0.3455657958984375,4.584610870745293,0.00014728294627275318,False,0,0,409,pred[409] <-> gt[409] <-> mask[409]
410,410,410,results/B_mask_20_30_reliability_inference/line_debug/0102_reliability.png,/root/autodl-tmp/Inpainting/BundleFusion/B_imgs_gt/office0/00820.jpg,/root/autodl-tmp/Inpainting/masks/irregular_mask/mask_rates_20_30/0003054.png,0102_reliability.png,00820.jpg,0003054.png,0102_reliability,00820,0003054,"[256, 256]","[256, 256]","[256, 256]",False,False,0.2195892333984375,14391,4.596837715359324,3.8273830951071335,0.002384664723649621,0.0023890396114438772,4.840413523502388,0.0030874668154865503,0.8218033313751221,0.329498291015625,3.961819927127391,0.002384664723649621,False,0,0,410,pred[410] <-> gt[410] <-> mask[410]
411,411,411,results/B_mask_20_30_reliability_inference/line_debug/0102_soft.png,/root/autodl-tmp/Inpainting/BundleFusion/B_imgs_gt/office0/00822.jpg,/root/autodl-tmp/Inpainting/masks/irregular_mask/mask_rates_20_30/0003058.png,0102_soft.png,00822.jpg,0003058.png,0102_soft,00822,0003058,"[256, 256]","[256, 256]","[256, 256]",False,False,0.269500732421875,17662,4.381569234486592,4.93996149026879,0.0027155838906764984,0.002968850312754512,4.192435397454188,0.002262752503156662,0.8120115995407104,0.3886566162109375,4.3955555152941095,0.002756440779194236,True,0,0,411,pred[411] <-> gt[411] <-> mask[411]
412,412,412,results/B_mask_20_30_reliability_inference/frames/0103.png,/root/autodl-tmp/Inpainting/BundleFusion/B_imgs_gt/office0/00824.jpg,/root/autodl-tmp/Inpainting/masks/irregular_mask/mask_rates_20_30/0003059.png,0103.png,00824.jpg,0003059.png,0103,00824,0003059,"[256, 256]","[256, 256]","[256, 256]",False,False,0.265899658203125,17426,5.975316644143712,7.250339815158984,0.18998108804225922,0.22573132812976837,5.592487118200287,0.18740816414356232,0.7773345708847046,0.300537109375,6.848277830979452,0.20662598311901093,True,0,0,412,pred[412] <-> gt[412] <-> mask[412]
413,413,413,results/B_mask_20_30_reliability_inference/line_debug/0103_center.png,/root/autodl-tmp/Inpainting/BundleFusion/B_imgs_gt/office0/00826.jpg,/root/autodl-tmp/Inpainting/masks/irregular_mask/mask_rates_20_30/0003067.png,0103_center.png,00826.jpg,0003067.png,0103_center,00826,0003067,"[256, 256]","[256, 256]","[256, 256]",False,False,0.203338623046875,13326,3.9687506633985112,5.558122540071397,0.0010369833325967193,0.001377968699671328,3.6416605372191126,0.0010142707033082843,0.8435323238372803,0.188507080078125,5.3486482660638055,0.001395823317579925,True,0,0,413,pred[413] <-> gt[413] <-> mask[413]
414,414,414,results/B_mask_20_30_reliability_inference/line_debug/0103_reliability.png,/root/autodl-tmp/Inpainting/BundleFusion/B_imgs_gt/office0/00828.jpg,/root/autodl-tmp/Inpainting/masks/irregular_mask/mask_rates_20_30/0003072.png,0103_reliability.png,00828.jpg,0003072.png,0103_reliability,00828,0003072,"[256, 256]","[256, 256]","[256, 256]",False,False,0.2452392578125,16072,3.786620487909444,3.3945626175349872,0.0038629891350865364,0.0038629891350865364,3.9220245709045702,0.0038987998850643635,0.8504568934440613,0.4017486572265625,3.5527865032396466,0.0038629891350865364,False,0,0,414,pred[414] <-> gt[414] <-> mask[414]
415,415,415,results/B_mask_20_30_reliability_inference/line_debug/0103_soft.png,/root/autodl-tmp/Inpainting/BundleFusion/B_imgs_gt/office0/00830.jpg,/root/autodl-tmp/Inpainting/masks/irregular_mask/mask_rates_20_30/0003073.png,0103_soft.png,00830.jpg,0003073.png,0103_soft,00830,0003073,"[256, 256]","[256, 256]","[256, 256]",False,False,0.2075042724609375,13599,3.6212873127551704,4.224385360635069,0.0037385940086096525,0.0039613195694983006,3.4762954999687103,0.004431121051311493,0.8545053601264954,0.3172149658203125,4.404422916432354,0.003785151056945324,True,0,0,415,pred[415] <-> gt[415] <-> mask[415]
416,416,416,results/B_mask_20_30_reliability_inference/frames/0104.png,/root/autodl-tmp/Inpainting/BundleFusion/B_imgs_gt/office0/00832.jpg,/root/autodl-tmp/Inpainting/masks/irregular_mask/mask_rates_20_30/0003084.png,0104.png,00832.jpg,0003084.png,0104,00832,0003084,"[256, 256]","[256, 256]","[256, 256]",False,False,0.23785400390625,15588,5.666957912649715,5.951546006085994,0.1917092651128769,0.19213461875915527,5.581829154127059,0.22246935963630676,0.7662923336029053,0.3048553466796875,6.080023578936924,0.1917092651128769,True,0,0,416,pred[416] <-> gt[416] <-> mask[416]
417,417,417,results/B_mask_20_30_reliability_inference/line_debug/0104_center.png,/root/autodl-tmp/Inpainting/BundleFusion/B_imgs_gt/office0/00834.jpg,/root/autodl-tmp/Inpainting/masks/irregular_mask/mask_rates_20_30/0003087.png,0104_center.png,00834.jpg,0003087.png,0104_center,00834,0003087,"[256, 256]","[256, 256]","[256, 256]",False,False,0.214202880859375,14038,3.5646049319368647,4.21728701698917,0.0009644835372455418,0.0008540709386579692,3.4024765514358544,0.0008837001514621079,0.8345053791999817,0.25701904296875,3.5410819944340037,0.000972108740825206,True,0,0,417,pred[417] <-> gt[417] <-> mask[417]
418,418,418,results/B_mask_20_30_reliability_inference/line_debug/0104_reliability.png,/root/autodl-tmp/Inpainting/BundleFusion/B_imgs_gt/office0/00836.jpg,/root/autodl-tmp/Inpainting/masks/irregular_mask/mask_rates_20_30/0003102.png,0104_reliability.png,00836.jpg,0003102.png,0104_reliability,00836,0003102,"[256, 256]","[256, 256]","[256, 256]",False,False,0.2842559814453125,18629,3.7013256543244326,4.870458191887853,0.0036716137547045946,0.004020500462502241,3.312219244617507,0.003042550291866064,0.8239961862564087,0.3137969970703125,4.251457519902788,0.0037804606836289167,True,0,0,418,pred[418] <-> gt[418] <-> mask[418]
419,419,419,results/B_mask_20_30_reliability_inference/line_debug/0104_soft.png,/root/autodl-tmp/Inpainting/BundleFusion/B_imgs_gt/office0/00838.jpg,/root/autodl-tmp/Inpainting/masks/irregular_mask/mask_rates_20_30/0003103.png,0104_soft.png,00838.jpg,0003103.png,0104_soft,00838,0003103,"[256, 256]","[256, 256]","[256, 256]",False,False,0.2910919189453125,19077,3.702200349102709,3.59240652779914,0.003530214773491025,0.0032172799110412598,3.748100125765523,0.003713468788191676,0.8173436522483826,0.420318603515625,3.374594318145059,0.003530214773491025,False,0,0,419,pred[419] <-> gt[419] <-> mask[419]
420,420,420,results/B_mask_20_30_reliability_inference/frames/0105.png,/root/autodl-tmp/Inpainting/BundleFusion/B_imgs_gt/office0/00840.jpg,/root/autodl-tmp/Inpainting/masks/irregular_mask/mask_rates_20_30/0003104.png,0105.png,00840.jpg,0003104.png,0105,00840,0003104,"[256, 256]","[256, 256]","[256, 256]",False,False,0.2633056640625,17256,6.1953187955142655,5.667795193915655,0.24257250130176544,0.24675337970256805,6.400567158695507,0.28774163126945496,0.7348179817199707,0.3879241943359375,6.305528946763377,0.24257250130176544,False,0,0,420,pred[420] <-> gt[420] <-> mask[420]
421,421,421,results/B_mask_20_30_reliability_inference/line_debug/0105_center.png,/root/autodl-tmp/Inpainting/BundleFusion/B_imgs_gt/office0/00842.jpg,/root/autodl-tmp/Inpainting/masks/irregular_mask/mask_rates_20_30/0003105.png,0105_center.png,00842.jpg,0003105.png,0105_center,00842,0003105,"[256, 256]","[256, 256]","[256, 256]",False,False,0.269500732421875,17662,3.649111898848721,5.445574094416774,0.0009323248523287475,0.0009146215743385255,3.1376618702139174,0.0007259942358359694,0.8355911374092102,0.2644500732421875,4.972351252614854,0.0009219557978212833,True,0,0,421,pred[421] <-> gt[421] <-> mask[421]
422,422,422,results/B_mask_20_30_reliability_inference/line_debug/0105_reliability.png,/root/autodl-tmp/Inpainting/BundleFusion/B_imgs_gt/office0/00844.jpg,/root/autodl-tmp/Inpainting/masks/irregular_mask/mask_rates_20_30/0003115.png,0105_reliability.png,00844.jpg,0003115.png,0105_reliability,00844,0003115,"[256, 256]","[256, 256]","[256, 256]",False,False,0.267181396484375,17510,3.9066118401034884,4.795046062596562,0.0033792986068874598,0.0032839153427630663,3.6231338159619946,0.0033255957532674074,0.8496832847595215,0.30108642578125,4.419077446723186,0.0033247608225792646,True,0,0,422,pred[422] <-> gt[422] <-> mask[422]
423,423,423,results/B_mask_20_30_reliability_inference/line_debug/0105_soft.png,/root/autodl-tmp/Inpainting/BundleFusion/B_imgs_gt/office0/00846.jpg,/root/autodl-tmp/Inpainting/masks/irregular_mask/mask_rates_20_30/0003119.png,0105_soft.png,00846.jpg,0003119.png,0105_soft,00846,0003119,"[256, 256]","[256, 256]","[256, 256]",False,False,0.28375244140625,18596,4.147606990794444,4.6304042023333505,0.0031785934697836637,0.002886969828978181,3.970258313393434,0.003279367694631219,0.8537120819091797,0.30633544921875,4.372015783778878,0.00323278340511024,True,0,0,423,pred[423] <-> gt[423] <-> mask[423]
424,424,424,results/B_mask_20_30_reliability_inference/frames/0106.png,/root/autodl-tmp/Inpainting/BundleFusion/B_imgs_gt/office0/00848.jpg,/root/autodl-tmp/Inpainting/masks/irregular_mask/mask_rates_20_30/0003121.png,0106.png,00848.jpg,0003121.png,0106,00848,0003121,"[256, 256]","[256, 256]","[256, 256]",False,False,0.277862548828125,18210,7.284360002529311,9.394321075135595,0.2880898118019104,0.3076787292957306,6.684679451622467,0.22797255218029022,0.7358693480491638,0.347869873046875,7.238472697406955,0.2899950444698334,True,0,0,424,pred[424] <-> gt[424] <-> mask[424]
425,425,425,results/B_mask_20_30_reliability_inference/line_debug/0106_center.png,/root/autodl-tmp/Inpainting/BundleFusion/B_imgs_gt/office0/00850.jpg,/root/autodl-tmp/Inpainting/masks/irregular_mask/mask_rates_20_30/0003122.png,0106_center.png,00850.jpg,0003122.png,0106_center,00850,0003122,"[256, 256]","[256, 256]","[256, 256]",False,False,0.2723388671875,17848,4.2568269754212205,5.641326736167825,0.0015164269134402275,0.0018894365057349205,3.83436120719006,0.0015239408239722252,0.8691601157188416,0.2662811279296875,5.693803102267388,0.001707532093860209,True,0,0,425,pred[425] <-> gt[425] <-> mask[425]
426,426,426,results/B_mask_20_30_reliability_inference/line_debug/0106_reliability.png,/root/autodl-tmp/Inpainting/BundleFusion/B_imgs_gt/office0/00852.jpg,/root/autodl-tmp/Inpainting/masks/irregular_mask/mask_rates_20_30/0003124.png,0106_reliability.png,00852.jpg,0003124.png,0106_reliability,00852,0003124,"[256, 256]","[256, 256]","[256, 256]",False,False,0.2017669677734375,13223,4.59327390340537,3.8743677049075753,0.004137508105486631,0.0030817005317658186,4.79553295144046,0.004864808171987534,0.847427487373352,0.28759765625,4.952987780053672,0.0025275726802647114,False,0,0,426,pred[426] <-> gt[426] <-> mask[426]
427,427,427,results/B_mask_20_30_reliability_inference/line_debug/0106_soft.png,/root/autodl-tmp/Inpainting/BundleFusion/B_imgs_gt/office0/00854.jpg,/root/autodl-tmp/Inpainting/masks/irregular_mask/mask_rates_20_30/0003136.png,0106_soft.png,00854.jpg,0003136.png,0106_soft,00854,0003136,"[256, 256]","[256, 256]","[256, 256]",False,False,0.284393310546875,18638,4.799250832315389,6.331564709011717,0.00426845857873559,0.004408529028296471,4.314240645310604,0.004040565807372332,0.844469428062439,0.327545166015625,5.940778760152449,0.004400217439979315,True,0,0,427,pred[427] <-> gt[427] <-> mask[427]
428,428,428,results/B_mask_20_30_reliability_inference/frames/0107.png,/root/autodl-tmp/Inpainting/BundleFusion/B_imgs_gt/office0/00856.jpg,/root/autodl-tmp/Inpainting/masks/irregular_mask/mask_rates_20_30/0003137.png,0107.png,00856.jpg,0003137.png,0107,00856,0003137,"[256, 256]","[256, 256]","[256, 256]",False,False,0.22723388671875,14892,7.987883798519043,9.616592936221958,0.3063642680644989,0.327562540769577,7.605822934444926,0.31804752349853516,0.7142077684402466,0.2676239013671875,9.23475248991819,0.31671860814094543,True,0,0,428,pred[428] <-> gt[428] <-> mask[428]
429,429,429,results/B_mask_20_30_reliability_inference/line_debug/0107_center.png,/root/autodl-tmp/Inpainting/BundleFusion/B_imgs_gt/office0/00858.jpg,/root/autodl-tmp/Inpainting/masks/irregular_mask/mask_rates_20_30/0003138.png,0107_center.png,00858.jpg,0003138.png,0107_center,00858,0003138,"[256, 256]","[256, 256]","[256, 256]",False,False,0.2759857177734375,18087,5.126782519633513,4.981172079421779,0.004579221364110708,0.004579221364110708,5.183599353208836,0.005865619983524084,0.8832535147666931,0.294830322265625,5.371435840436014,0.004579221364110708,False,0,0,429,pred[429] <-> gt[429] <-> mask[429]
430,430,430,results/B_mask_20_30_reliability_inference/line_debug/0107_reliability.png,/root/autodl-tmp/Inpainting/BundleFusion/B_imgs_gt/office0/00860.jpg,/root/autodl-tmp/Inpainting/masks/irregular_mask/mask_rates_20_30/0003140.png,0107_reliability.png,00860.jpg,0003140.png,0107_reliability,00860,0003140,"[256, 256]","[256, 256]","[256, 256]",False,False,0.2151031494140625,14097,5.666114679773453,7.9588852096792015,0.012360748834908009,0.013731781393289566,5.203466671732031,0.009135245345532894,0.81092369556427,0.2817840576171875,5.596683538996013,0.01358098816126585,True,0,0,430,pred[430] <-> gt[430] <-> mask[430]
431,431,431,results/B_mask_20_30_reliability_inference/line_debug/0107_soft.png,/root/autodl-tmp/Inpainting/BundleFusion/B_imgs_gt/office0/00862.jpg,/root/autodl-tmp/Inpainting/masks/irregular_mask/mask_rates_20_30/0003158.png,0107_soft.png,00862.jpg,0003158.png,0107_soft,00862,0003158,"[256, 256]","[256, 256]","[256, 256]",False,False,0.2306671142578125,15117,5.958177527578985,6.119210510185496,0.01727120392024517,0.003692169673740864,5.911037043642706,0.022923577576875687,0.7974698543548584,0.2973480224609375,5.486309707052443,0.006040794309228659,True,0,0,431,pred[431] <-> gt[431] <-> mask[431]
432,432,432,results/B_mask_20_30_reliability_inference/frames/0108.png,/root/autodl-tmp/Inpainting/BundleFusion/B_imgs_gt/office0/00864.jpg,/root/autodl-tmp/Inpainting/masks/irregular_mask/mask_rates_20_30/0003164.png,0108.png,00864.jpg,0003164.png,0108,00864,0003164,"[256, 256]","[256, 256]","[256, 256]",False,False,0.2324676513671875,15235,9.270823991892609,12.10204764891616,0.3189432919025421,0.34793582558631897,8.682528895836834,0.2671199142932892,0.7246342897415161,0.238037109375,10.62804690578566,0.3254612982273102,True,0,0,432,pred[432] <-> gt[432] <-> mask[432]
433,433,433,results/B_mask_20_30_reliability_inference/line_debug/0108_center.png,/root/autodl-tmp/Inpainting/BundleFusion/B_imgs_gt/office0/00866.jpg,/root/autodl-tmp/Inpainting/masks/irregular_mask/mask_rates_20_30/0003168.png,0108_center.png,00866.jpg,0003168.png,0108_center,00866,0003168,"[256, 256]","[256, 256]","[256, 256]",False,False,0.278656005859375,18262,6.728124749020093,7.190138678616038,0.022536924108862877,0.02347026951611042,6.562030998995868,0.018859777599573135,0.803141713142395,0.355377197265625,7.590359686235127,0.022536924108862877,True,0,0,433,pred[433] <-> gt[433] <-> mask[433]
434,434,434,results/B_mask_20_30_reliability_inference/line_debug/0108_reliability.png,/root/autodl-tmp/Inpainting/BundleFusion/B_imgs_gt/office0/00868.jpg,/root/autodl-tmp/Inpainting/masks/irregular_mask/mask_rates_20_30/0003178.png,0108_reliability.png,00868.jpg,0003178.png,0108_reliability,00868,0003178,"[256, 256]","[256, 256]","[256, 256]",False,False,0.2111663818359375,13839,7.237114872769597,9.528899017062177,0.030570298433303833,0.03235919773578644,6.784802338581395,0.02963617444038391,0.7775992155075073,0.3230438232421875,8.517523675490457,0.031551580876111984,True,0,0,434,pred[434] <-> gt[434] <-> mask[434]
435,435,435,results/B_mask_20_30_reliability_inference/line_debug/0108_soft.png,/root/autodl-tmp/Inpainting/BundleFusion/B_imgs_gt/office0/00870.jpg,/root/autodl-tmp/Inpainting/masks/irregular_mask/mask_rates_20_30/0003180.png,0108_soft.png,00870.jpg,0003180.png,0108_soft,00870,0003180,"[256, 256]","[256, 256]","[256, 256]",False,False,0.25146484375,16480,7.581387230195914,11.114383863058524,0.0336027592420578,0.045761749148368835,6.8368132936679205,0.02737720124423504,0.7506545782089233,0.35406494140625,8.568460196036492,0.039580170065164566,True,0,0,435,pred[435] <-> gt[435] <-> mask[435]
436,436,436,results/B_mask_20_30_reliability_inference/frames/0109.png,/root/autodl-tmp/Inpainting/BundleFusion/B_imgs_gt/office0/00872.jpg,/root/autodl-tmp/Inpainting/masks/irregular_mask/mask_rates_20_30/0003200.png,0109.png,00872.jpg,0003200.png,0109,00872,0003200,"[256, 256]","[256, 256]","[256, 256]",False,False,0.2847900390625,18664,10.970397091787436,9.968005883371617,0.3831624984741211,0.39171481132507324,11.444302621245164,0.4197827875614166,0.7596794962882996,0.3956146240234375,10.6611468899703,0.38485240936279297,False,0,0,436,pred[436] <-> gt[436] <-> mask[436]
437,437,437,results/B_mask_20_30_reliability_inference/line_debug/0109_center.png,/root/autodl-tmp/Inpainting/BundleFusion/B_imgs_gt/office0/00874.jpg,/root/autodl-tmp/Inpainting/masks/irregular_mask/mask_rates_20_30/0003202.png,0109_center.png,00874.jpg,0003202.png,0109_center,00874,0003202,"[256, 256]","[256, 256]","[256, 256]",False,False,0.2278594970703125,14933,8.687176770161274,7.119135715868461,0.03489221632480621,0.013174203224480152,9.283617540092756,0.04267815873026848,0.7902920246124268,0.243438720703125,6.751768923587949,0.031576525419950485,False,0,0,437,pred[437] <-> gt[437] <-> mask[437]
438,438,438,results/B_mask_20_30_reliability_inference/line_debug/0109_reliability.png,/root/autodl-tmp/Inpainting/BundleFusion/B_imgs_gt/office0/00876.jpg,/root/autodl-tmp/Inpainting/masks/irregular_mask/mask_rates_20_30/0003217.png,0109_reliability.png,00876.jpg,0003217.png,0109_reliability,00876,0003217,"[256, 256]","[256, 256]","[256, 256]",False,False,0.2246551513671875,14723,9.112796325941412,10.194215217399599,0.04935099184513092,0.060789983719587326,8.843919059430188,0.04553155228495598,0.7985143661499023,0.2608642578125,8.903093250515376,0.05155118182301521,True,0,0,438,pred[438] <-> gt[438] <-> mask[438]
439,439,439,results/B_mask_20_30_reliability_inference/line_debug/0109_soft.png,/root/autodl-tmp/Inpainting/BundleFusion/B_imgs_gt/office0/00878.jpg,/root/autodl-tmp/Inpainting/masks/irregular_mask/mask_rates_20_30/0003220.png,0109_soft.png,00878.jpg,0003220.png,0109_soft,00878,0003220,"[256, 256]","[256, 256]","[256, 256]",False,False,0.2665252685546875,17467,9.5708187800286,12.028884194535827,0.05317546799778938,0.05406038090586662,8.937293912431185,0.034330759197473526,0.7835025787353516,0.255584716796875,11.090541025914636,0.05227046087384224,True,0,0,439,pred[439] <-> gt[439] <-> mask[439]
440,440,440,results/B_mask_20_30_reliability_inference/frames/0110.png,/root/autodl-tmp/Inpainting/BundleFusion/B_imgs_gt/office0/00880.jpg,/root/autodl-tmp/Inpainting/masks/irregular_mask/mask_rates_20_30/0003247.png,0110.png,00880.jpg,0003247.png,0110,00880,0003247,"[256, 256]","[256, 256]","[256, 256]",False,False,0.2791748046875,18296,11.180672406600504,14.612444040111725,0.3833959400653839,0.41514572501182556,10.347225230246753,0.3359108865261078,0.7979306578636169,0.3011016845703125,11.026242847197445,0.39213743805885315,True,0,0,440,pred[440] <-> gt[440] <-> mask[440]
441,441,441,results/B_mask_20_30_reliability_inference/line_debug/0110_center.png,/root/autodl-tmp/Inpainting/BundleFusion/B_imgs_gt/office0/00882.jpg,/root/autodl-tmp/Inpainting/masks/irregular_mask/mask_rates_20_30/0003256.png,0110_center.png,00882.jpg,0003256.png,0110_center,00882,0003256,"[256, 256]","[256, 256]","[256, 256]",False,False,0.28326416015625,18564,10.319724342660168,10.755028238530072,0.05498114228248596,0.06265754252672195,10.159036990398004,0.03228490799665451,0.8060176372528076,0.3612518310546875,9.125773564090267,0.057199206203222275,True,0,0,441,pred[441] <-> gt[441] <-> mask[441]
442,442,442,results/B_mask_20_30_reliability_inference/line_debug/0110_reliability.png,/root/autodl-tmp/Inpainting/BundleFusion/B_imgs_gt/office0/00884.jpg,/root/autodl-tmp/Inpainting/masks/irregular_mask/mask_rates_20_30/0003257.png,0110_reliability.png,00884.jpg,0003257.png,0110_reliability,00884,0003257,"[256, 256]","[256, 256]","[256, 256]",False,False,0.2961273193359375,19407,10.584535493157464,8.123731872197222,0.08782447129487991,0.0813811793923378,12.263977452382942,0.10635551810264587,0.7844871878623962,0.3928985595703125,11.523477437992804,0.08654998987913132,False,0,0,442,pred[442] <-> gt[442] <-> mask[442]
443,443,443,results/B_mask_20_30_reliability_inference/line_debug/0110_soft.png,/root/autodl-tmp/Inpainting/BundleFusion/B_imgs_gt/office0/00886.jpg,/root/autodl-tmp/Inpainting/masks/irregular_mask/mask_rates_20_30/0003260.png,0110_soft.png,00886.jpg,0003260.png,0110_soft,00886,0003260,"[256, 256]","[256, 256]","[256, 256]",False,False,0.2984161376953125,19557,10.429636034011596,8.437494385991622,0.09370273351669312,0.09370273351669312,11.664937916513978,0.11578001081943512,0.7806872725486755,0.476165771484375,10.54521055086771,0.09370273351669312,False,0,0,443,pred[443] <-> gt[443] <-> mask[443]
444,444,444,results/B_mask_20_30_reliability_inference/frames/0111.png,/root/autodl-tmp/Inpainting/BundleFusion/B_imgs_gt/office0/00888.jpg,/root/autodl-tmp/Inpainting/masks/irregular_mask/mask_rates_20_30/0003268.png,0111.png,00888.jpg,0003268.png,0111,00888,0003268,"[256, 256]","[256, 256]","[256, 256]",False,False,0.2895965576171875,18979,11.838869206087747,10.519803206389737,0.3983694016933441,0.5002322793006897,12.517554243863309,0.3641469478607178,0.8123310208320618,0.2440643310546875,11.866915304698988,0.46591150760650635,False,0,0,444,pred[444] <-> gt[444] <-> mask[444]
445,445,445,results/B_mask_20_30_reliability_inference/line_debug/0111_center.png,/root/autodl-tmp/Inpainting/BundleFusion/B_imgs_gt/office0/00890.jpg,/root/autodl-tmp/Inpainting/masks/irregular_mask/mask_rates_20_30/0003270.png,0111_center.png,00890.jpg,0003270.png,0111_center,00890,0003270,"[256, 256]","[256, 256]","[256, 256]",False,False,0.264373779296875,17326,8.73660721290584,8.843988486340276,0.046113234013319016,0.035042986273765564,8.698654860318515,0.04631533846259117,0.8445968627929688,0.36749267578125,8.759312977432824,0.04056442901492119,True,0,0,445,pred[445] <-> gt[445] <-> mask[445]
446,446,446,results/B_mask_20_30_reliability_inference/line_debug/0111_reliability.png,/root/autodl-tmp/Inpainting/BundleFusion/B_imgs_gt/office0/00892.jpg,/root/autodl-tmp/Inpainting/masks/irregular_mask/mask_rates_20_30/0003272.png,0111_reliability.png,00892.jpg,0003272.png,0111_reliability,00892,0003272,"[256, 256]","[256, 256]","[256, 256]",False,False,0.2138671875,14016,9.218129222110372,9.9307429134607,0.06531542539596558,0.06304439157247543,9.04291539904639,0.06404611468315125,0.831730306148529,0.3140869140625,12.489332713484188,0.06531542539596558,True,0,0,446,pred[446] <-> gt[446] <-> mask[446]
447,447,447,results/B_mask_20_30_reliability_inference/line_debug/0111_soft.png,/root/autodl-tmp/Inpainting/BundleFusion/B_imgs_gt/office0/00894.jpg,/root/autodl-tmp/Inpainting/masks/irregular_mask/mask_rates_20_30/0003280.png,0111_soft.png,00894.jpg,0003280.png,0111_soft,00894,0003280,"[256, 256]","[256, 256]","[256, 256]",False,False,0.251617431640625,16490,9.7337029080276,8.753655721733868,0.07337439805269241,0.057037603110075,10.120035336276242,0.0796520933508873,0.8164249062538147,0.3007659912109375,8.661181192408733,0.05630110576748848,False,0,0,447,pred[447] <-> gt[447] <-> mask[447]
448,448,448,results/B_mask_20_30_reliability_inference/frames/0112.png,/root/autodl-tmp/Inpainting/BundleFusion/B_imgs_gt/office0/00896.jpg,/root/autodl-tmp/Inpainting/masks/irregular_mask/mask_rates_20_30/0003282.png,0112.png,00896.jpg,0003282.png,0112,00896,0003282,"[256, 256]","[256, 256]","[256, 256]",False,False,0.2444610595703125,16021,11.290345857782345,13.857712121232783,0.33612528443336487,0.30216601490974426,10.704534478078948,0.3492680490016937,0.7845423221588135,0.1911468505859375,11.088808158300624,0.2707577049732208,True,0,0,448,pred[448] <-> gt[448] <-> mask[448]
449,449,449,results/B_mask_20_30_reliability_inference/line_debug/0112_center.png,/root/autodl-tmp/Inpainting/BundleFusion/B_imgs_gt/office0/00898.jpg,/root/autodl-tmp/Inpainting/masks/irregular_mask/mask_rates_20_30/0003286.png,0112_center.png,00898.jpg,0003286.png,0112_center,00898,0003286,"[256, 256]","[256, 256]","[256, 256]",False,False,0.26202392578125,17172,11.162739249999195,8.753865064391581,0.06083763763308525,0.06262452155351639,12.489382077288177,0.07407619804143906,0.7626681327819824,0.3321533203125,11.409664288350609,0.06224201247096062,False,0,0,449,pred[449] <-> gt[449] <-> mask[449]
450,450,450,results/B_mask_20_30_reliability_inference/line_debug/0112_reliability.png,/root/autodl-tmp/Inpainting/BundleFusion/B_imgs_gt/office0/00900.jpg,/root/autodl-tmp/Inpainting/masks/irregular_mask/mask_rates_20_30/0003295.png,0112_reliability.png,00900.jpg,0003295.png,0112_reliability,00900,0003295,"[256, 256]","[256, 256]","[256, 256]",False,False,0.249969482421875,16382,12.598400776698801,11.317045449450454,0.09086304903030396,0.09425333887338638,13.125907083494228,0.09144096076488495,0.7254849672317505,0.281707763671875,14.583293590442336,0.08532478660345078,False,0,0,450,pred[450] <-> gt[450] <-> mask[450]
451,451,451,results/B_mask_20_30_reliability_inference/line_debug/0112_soft.png,/root/autodl-tmp/Inpainting/BundleFusion/B_imgs_gt/office0/00902.jpg,/root/autodl-tmp/Inpainting/masks/irregular_mask/mask_rates_20_30/0003296.png,0112_soft.png,00902.jpg,0003296.png,0112_soft,00902,0003296,"[256, 256]","[256, 256]","[256, 256]",False,False,0.284210205078125,18626,13.273228014959265,12.25201062093884,0.09167908877134323,0.07957369834184647,13.756242888884639,0.11218371242284775,0.7149877548217773,0.2262725830078125,14.447692420196221,0.0981956496834755,False,0,0,451,pred[451] <-> gt[451] <-> mask[451]
452,452,452,results/B_mask_20_30_reliability_inference/frames/0113.png,/root/autodl-tmp/Inpainting/BundleFusion/B_imgs_gt/office0/00904.jpg,/root/autodl-tmp/Inpainting/masks/irregular_mask/mask_rates_20_30/0003316.png,0113.png,00904.jpg,0003316.png,0113,00904,0003316,"[256, 256]","[256, 256]","[256, 256]",False,False,0.20440673828125,13396,10.166266510406851,12.319684668761845,0.30927348136901855,0.3491021692752838,9.750593221434755,0.30856800079345703,0.7693153023719788,0.21270751953125,12.608106188352837,0.3463515341281891,True,0,0,452,pred[452] <-> gt[452] <-> mask[452]
453,453,453,results/B_mask_20_30_reliability_inference/line_debug/0113_center.png,/root/autodl-tmp/Inpainting/BundleFusion/B_imgs_gt/office0/00906.jpg,/root/autodl-tmp/Inpainting/masks/irregular_mask/mask_rates_20_30/0003328.png,0113_center.png,00906.jpg,0003328.png,0113_center,00906,0003328,"[256, 256]","[256, 256]","[256, 256]",False,False,0.2099456787109375,13759,11.735338928585403,16.146307182897438,0.05992969498038292,0.06055055931210518,11.055350060782068,0.042669761925935745,0.7471306324005127,0.3648223876953125,13.649591356980093,0.05992969498038292,True,0,0,453,pred[453] <-> gt[453] <-> mask[453]
454,454,454,results/B_mask_20_30_reliability_inference/line_debug/0113_reliability.png,/root/autodl-tmp/Inpainting/BundleFusion/B_imgs_gt/office0/00908.jpg,/root/autodl-tmp/Inpainting/masks/irregular_mask/mask_rates_20_30/0003340.png,0113_reliability.png,00908.jpg,0003340.png,0113_reliability,00908,0003340,"[256, 256]","[256, 256]","[256, 256]",False,False,0.291229248046875,19086,10.543591987918843,11.584570224071605,0.08870550245046616,0.08774858713150024,10.179001904359033,0.08847644925117493,0.7709671854972839,0.2779541015625,9.425134728478659,0.0858783945441246,True,0,0,454,pred[454] <-> gt[454] <-> mask[454]
455,455,455,results/B_mask_20_30_reliability_inference/line_debug/0113_soft.png,/root/autodl-tmp/Inpainting/BundleFusion/B_imgs_gt/office0/00910.jpg,/root/autodl-tmp/Inpainting/masks/irregular_mask/mask_rates_20_30/0003346.png,0113_soft.png,00910.jpg,0003346.png,0113_soft,00910,0003346,"[256, 256]","[256, 256]","[256, 256]",False,False,0.239715576171875,15710,9.332141127175337,9.231018295765693,0.08162366598844528,0.07903362065553665,9.364519974440723,0.08997173607349396,0.7837628722190857,0.2654876708984375,7.802930733252648,0.07628843188285828,False,0,0,455,pred[455] <-> gt[455] <-> mask[455]
456,456,456,results/B_mask_20_30_reliability_inference/frames/0114.png,/root/autodl-tmp/Inpainting/BundleFusion/B_imgs_gt/office0/00912.jpg,/root/autodl-tmp/Inpainting/masks/irregular_mask/mask_rates_20_30/0003350.png,0114.png,00912.jpg,0003350.png,0114,00912,0003350,"[256, 256]","[256, 256]","[256, 256]",False,False,0.2312164306640625,15153,12.552269921743171,13.595737085003837,0.4322730600833893,0.45749321579933167,12.281889885079558,0.4166731536388397,0.7652994990348816,0.204925537109375,12.613230800882988,0.43738535046577454,True,0,0,456,pred[456] <-> gt[456] <-> mask[456]
457,457,457,results/B_mask_20_30_reliability_inference/line_debug/0114_center.png,/root/autodl-tmp/Inpainting/BundleFusion/B_imgs_gt/office0/00914.jpg,/root/autodl-tmp/Inpainting/masks/irregular_mask/mask_rates_20_30/0003365.png,0114_center.png,00914.jpg,0003365.png,0114_center,00914,0003365,"[256, 256]","[256, 256]","[256, 256]",False,False,0.2578277587890625,16897,7.576677913855539,10.501610672624473,0.024722427129745483,0.02131570689380169,6.893891219723902,0.021619802340865135,0.8371139168739319,0.3662872314453125,8.044210170047197,0.02216304838657379,True,0,0,457,pred[457] <-> gt[457] <-> mask[457]
458,458,458,results/B_mask_20_30_reliability_inference/line_debug/0114_reliability.png,/root/autodl-tmp/Inpainting/BundleFusion/B_imgs_gt/office0/00916.jpg,/root/autodl-tmp/Inpainting/masks/irregular_mask/mask_rates_20_30/0003371.png,0114_reliability.png,00916.jpg,0003371.png,0114_reliability,00916,0003371,"[256, 256]","[256, 256]","[256, 256]",False,False,0.245513916015625,16090,7.410675063423538,6.799161597926048,0.04884191229939461,0.019277917221188545,7.6297915321251955,0.06345614045858383,0.8271455764770508,0.3157958984375,7.622272246715398,0.03169724717736244,False,0,0,458,pred[458] <-> gt[458] <-> mask[458]
459,459,459,results/B_mask_20_30_reliability_inference/line_debug/0114_soft.png,/root/autodl-tmp/Inpainting/BundleFusion/B_imgs_gt/office0/00918.jpg,/root/autodl-tmp/Inpainting/masks/irregular_mask/mask_rates_20_30/0003372.png,0114_soft.png,00918.jpg,0003372.png,0114_soft,00918,0003372,"[256, 256]","[256, 256]","[256, 256]",False,False,0.2148284912109375,14079,7.247779345721362,6.817353708813544,0.04565510153770447,0.043405015021562576,7.373379523969563,0.054460540413856506,0.825503408908844,0.3299560546875,6.174317328307173,0.045596372336149216,False,0,0,459,pred[459] <-> gt[459] <-> mask[459]
460,460,460,results/B_mask_20_30_reliability_inference/frames/0115.png,/root/autodl-tmp/Inpainting/BundleFusion/B_imgs_gt/office0/00920.jpg,/root/autodl-tmp/Inpainting/masks/irregular_mask/mask_rates_20_30/0003378.png,0115.png,00920.jpg,0003378.png,0115,00920,0003378,"[256, 256]","[256, 256]","[256, 256]",False,False,0.20855712890625,13668,11.18392071417958,15.489057940112048,0.4393366277217865,0.5278908610343933,10.51795704202036,0.400762677192688,0.7567479610443115,0.2291107177734375,12.919723418888688,0.5127108693122864,True,0,0,460,pred[460] <-> gt[460] <-> mask[460]
461,461,461,results/B_mask_20_30_reliability_inference/line_debug/0115_center.png,/root/autodl-tmp/Inpainting/BundleFusion/B_imgs_gt/office0/00922.jpg,/root/autodl-tmp/Inpainting/masks/irregular_mask/mask_rates_20_30/0003384.png,0115_center.png,00922.jpg,0003384.png,0115_center,00922,0003384,"[256, 256]","[256, 256]","[256, 256]",False,False,0.2834930419921875,18579,6.416624672732077,5.770464173966985,0.017021337524056435,0.0052603972144424915,6.701420083968229,0.02503081224858761,0.8739345073699951,0.2968902587890625,5.227841251170516,0.007329987362027168,False,0,0,461,pred[461] <-> gt[461] <-> mask[461]
462,462,462,results/B_mask_20_30_reliability_inference/line_debug/0115_reliability.png,/root/autodl-tmp/Inpainting/BundleFusion/B_imgs_gt/office0/00924.jpg,/root/autodl-tmp/Inpainting/masks/irregular_mask/mask_rates_20_30/0003390.png,0115_reliability.png,00924.jpg,0003390.png,0115_reliability,00924,0003390,"[256, 256]","[256, 256]","[256, 256]",False,False,0.2585296630859375,16943,6.3410926679909,5.5250165347152835,0.02999820001423359,0.014273135922849178,6.665980791268554,0.03515872731804848,0.827255368232727,0.26806640625,6.305063493442731,0.015338747762143612,False,0,0,462,pred[462] <-> gt[462] <-> mask[462]
463,463,463,results/B_mask_20_30_reliability_inference/line_debug/0115_soft.png,/root/autodl-tmp/Inpainting/BundleFusion/B_imgs_gt/office0/00926.jpg,/root/autodl-tmp/Inpainting/masks/irregular_mask/mask_rates_20_30/0003410.png,0115_soft.png,00926.jpg,0003410.png,0115_soft,00926,0003410,"[256, 256]","[256, 256]","[256, 256]",False,False,0.2637939453125,17288,6.153897310404913,5.142985887396346,0.027613574638962746,0.020872944965958595,6.582192676871489,0.032464005053043365,0.8290891647338867,0.4285888671875,5.5541473310882425,0.027613574638962746,False,0,0,463,pred[463] <-> gt[463] <-> mask[463]
464,464,464,results/B_mask_20_30_reliability_inference/frames/0116.png,/root/autodl-tmp/Inpainting/BundleFusion/B_imgs_gt/office0/00928.jpg,/root/autodl-tmp/Inpainting/masks/irregular_mask/mask_rates_20_30/0003411.png,0116.png,00928.jpg,0003411.png,0116,00928,0003411,"[256, 256]","[256, 256]","[256, 256]",False,False,0.276031494140625,18090,9.653400643960586,8.713299337819599,0.35430657863616943,0.3617832362651825,10.073245634155414,0.34297817945480347,0.7806764841079712,0.342376708984375,9.423575992170928,0.35430657863616943,False,0,0,464,pred[464] <-> gt[464] <-> mask[464]
465,465,465,results/B_mask_20_30_reliability_inference/line_debug/0116_center.png,/root/autodl-tmp/Inpainting/BundleFusion/B_imgs_gt/office0/00930.jpg,/root/autodl-tmp/Inpainting/masks/irregular_mask/mask_rates_20_30/0003412.png,0116_center.png,00930.jpg,0003412.png,0116_center,00930,0003412,"[256, 256]","[256, 256]","[256, 256]",False,False,0.2076873779296875,13611,5.149574473243578,3.194089696601799,0.010410943999886513,0.005780134815722704,5.850689338385228,0.013223331421613693,0.7942732572555542,0.1693572998046875,4.7448612680517375,0.0065732691437006,False,0,0,465,pred[465] <-> gt[465] <-> mask[465]
466,466,466,results/B_mask_20_30_reliability_inference/line_debug/0116_reliability.png,/root/autodl-tmp/Inpainting/BundleFusion/B_imgs_gt/office0/00932.jpg,/root/autodl-tmp/Inpainting/masks/irregular_mask/mask_rates_20_30/0003426.png,0116_reliability.png,00932.jpg,0003426.png,0116_reliability,00932,0003426,"[256, 256]","[256, 256]","[256, 256]",False,False,0.283172607421875,18558,4.800575025643213,5.561109713098126,0.013046915642917156,0.013046915642917156,4.533363461821509,0.010710448957979679,0.7920107841491699,0.3697509765625,4.250732423056014,0.013046915642917156,True,0,0,466,pred[466] <-> gt[466] <-> mask[466]
467,467,467,results/B_mask_20_30_reliability_inference/line_debug/0116_soft.png,/root/autodl-tmp/Inpainting/BundleFusion/B_imgs_gt/office0/00934.jpg,/root/autodl-tmp/Inpainting/masks/irregular_mask/mask_rates_20_30/0003441.png,0116_soft.png,00934.jpg,0003441.png,0116_soft,00934,0003441,"[256, 256]","[256, 256]","[256, 256]",False,False,0.2470703125,16192,4.467813043427596,4.4110234517596645,0.014258009381592274,0.01119967084378004,4.4866107837790015,0.016636662185192108,0.7887893915176392,0.2849884033203125,4.074477575964815,0.013650516979396343,False,0,0,467,pred[467] <-> gt[467] <-> mask[467]
468,468,468,results/B_mask_20_30_reliability_inference/frames/0117.png,/root/autodl-tmp/Inpainting/BundleFusion/B_imgs_gt/office0/00936.jpg,/root/autodl-tmp/Inpainting/masks/irregular_mask/mask_rates_20_30/0003447.png,0117.png,00936.jpg,0003447.png,0117,00936,0003447,"[256, 256]","[256, 256]","[256, 256]",False,False,0.2861328125,18752,7.812128302243804,8.48177291471347,0.30792662501335144,0.32455265522003174,7.57025236022916,0.26563769578933716,0.7500169277191162,0.28314208984375,8.511330987567227,0.3097974956035614,True,0,0,468,pred[468] <-> gt[468] <-> mask[468]
469,469,469,results/B_mask_20_30_reliability_inference/line_debug/0117_center.png,/root/autodl-tmp/Inpainting/BundleFusion/B_imgs_gt/office0/00938.jpg,/root/autodl-tmp/Inpainting/masks/irregular_mask/mask_rates_20_30/0003449.png,0117_center.png,00938.jpg,0003449.png,0117_center,00938,0003449,"[256, 256]","[256, 256]","[256, 256]",False,False,0.2211456298828125,14493,4.17782307825395,3.5622116750530193,0.010809502564370632,0.010874025523662567,4.369793457550447,0.012966186739504337,0.8166192770004272,0.2784576416015625,4.0504776374087035,0.010809502564370632,False,0,0,469,pred[469] <-> gt[469] <-> mask[469]
470,470,470,results/B_mask_20_30_reliability_inference/line_debug/0117_reliability.png,/root/autodl-tmp/Inpainting/BundleFusion/B_imgs_gt/office0/00940.jpg,/root/autodl-tmp/Inpainting/masks/irregular_mask/mask_rates_20_30/0003461.png,0117_reliability.png,00940.jpg,0003461.png,0117_reliability,00940,0003461,"[256, 256]","[256, 256]","[256, 256]",False,False,0.261199951171875,17118,4.23494530120529,4.98286281195412,0.017022965475916862,0.018409261479973793,3.9985879329286544,0.012794612906873226,0.8178197145462036,0.35516357421875,3.9819369405365057,0.017022965475916862,True,0,0,470,pred[470] <-> gt[470] <-> mask[470]
471,471,471,results/B_mask_20_30_reliability_inference/line_debug/0117_soft.png,/root/autodl-tmp/Inpainting/BundleFusion/B_imgs_gt/office0/00942.jpg,/root/autodl-tmp/Inpainting/masks/irregular_mask/mask_rates_20_30/0003463.png,0117_soft.png,00942.jpg,0003463.png,0117_soft,00942,0003463,"[256, 256]","[256, 256]","[256, 256]",False,False,0.2548370361328125,16701,4.174977428809758,2.8009161149252044,0.017993228510022163,0.01554910559207201,4.766207532880511,0.018670013174414635,0.8318548798561096,0.322509765625,3.629033749168885,0.018201753497123718,False,0,0,471,pred[471] <-> gt[471] <-> mask[471]
472,472,472,results/B_mask_20_30_reliability_inference/frames/0118.png,/root/autodl-tmp/Inpainting/BundleFusion/B_imgs_gt/office0/00944.jpg,/root/autodl-tmp/Inpainting/masks/irregular_mask/mask_rates_20_30/0003464.png,0118.png,00944.jpg,0003464.png,0118,00944,0003464,"[256, 256]","[256, 256]","[256, 256]",False,False,0.2127532958984375,13943,8.004055285902883,7.5229883827068535,0.3053080141544342,0.31663835048675537,8.143760769590354,0.31017738580703735,0.8130926489830017,0.26287841796875,8.936913412373329,0.31608518958091736,False,0,0,472,pred[472] <-> gt[472] <-> mask[472]
473,473,473,results/B_mask_20_30_reliability_inference/line_debug/0118_center.png,/root/autodl-tmp/Inpainting/BundleFusion/B_imgs_gt/office0/00946.jpg,/root/autodl-tmp/Inpainting/masks/irregular_mask/mask_rates_20_30/0003468.png,0118_center.png,00946.jpg,0003468.png,0118_center,00946,0003468,"[256, 256]","[256, 256]","[256, 256]",False,False,0.2434539794921875,15955,3.9622492535098806,2.1145773440596964,0.00890081375837326,0.00588594377040863,4.774809079268002,0.011492839083075523,0.8439788818359375,0.2512054443359375,3.302137325403207,0.008454234339296818,False,0,0,473,pred[473] <-> gt[473] <-> mask[473]
474,474,474,results/B_mask_20_30_reliability_inference/line_debug/0118_reliability.png,/root/autodl-tmp/Inpainting/BundleFusion/B_imgs_gt/office0/00948.jpg,/root/autodl-tmp/Inpainting/masks/irregular_mask/mask_rates_20_30/0003494.png,0118_reliability.png,00948.jpg,0003494.png,0118_reliability,00948,0003494,"[256, 256]","[256, 256]","[256, 256]",False,False,0.256866455078125,16834,4.144061029867742,2.857396025981329,0.014604630880057812,0.013973820023238659,4.695242133219861,0.01668953150510788,0.8241672515869141,0.286956787109375,3.050760458241067,0.014267832972109318,False,0,0,474,pred[474] <-> gt[474] <-> mask[474]
475,475,475,results/B_mask_20_30_reliability_inference/line_debug/0118_soft.png,/root/autodl-tmp/Inpainting/BundleFusion/B_imgs_gt/office0/00950.jpg,/root/autodl-tmp/Inpainting/masks/irregular_mask/mask_rates_20_30/0003502.png,0118_soft.png,00950.jpg,0003502.png,0118_soft,00950,0003502,"[256, 256]","[256, 256]","[256, 256]",False,False,0.2679443359375,17560,4.118197922587181,3.828357405992546,0.013439764268696308,0.01348515972495079,4.22931426044188,0.01405598409473896,0.8222857713699341,0.3348846435546875,4.477553464618144,0.013439764268696308,False,0,0,475,pred[475] <-> gt[475] <-> mask[475]
476,476,476,results/B_mask_20_30_reliability_inference/frames/0119.png,/root/autodl-tmp/Inpainting/BundleFusion/B_imgs_gt/office0/00952.jpg,/root/autodl-tmp/Inpainting/masks/irregular_mask/mask_rates_20_30/0003514.png,0119.png,00952.jpg,0003514.png,0119,00952,0003514,"[256, 256]","[256, 256]","[256, 256]",False,False,0.268035888671875,17566,8.85058475659173,8.026383433665652,0.3077102601528168,0.2973312437534332,9.196341830986587,0.3283868134021759,0.8194178342819214,0.271209716796875,8.45738996332623,0.2938002049922943,False,0,0,476,pred[476] <-> gt[476] <-> mask[476]
477,477,477,results/B_mask_20_30_reliability_inference/line_debug/0119_center.png,/root/autodl-tmp/Inpainting/BundleFusion/B_imgs_gt/office0/00954.jpg,/root/autodl-tmp/Inpainting/masks/irregular_mask/mask_rates_20_30/0003515.png,0119_center.png,00954.jpg,0003515.png,0119_center,00954,0003515,"[256, 256]","[256, 256]","[256, 256]",False,False,0.23956298828125,15700,4.124992567652697,3.3386083518124714,0.009665162302553654,0.00919817853718996,4.405439323124072,0.01109287515282631,0.8592454195022583,0.4136199951171875,4.1831672480828495,0.009665162302553654,False,0,0,477,pred[477] <-> gt[477] <-> mask[477]
478,478,478,results/B_mask_20_30_reliability_inference/line_debug/0119_reliability.png,/root/autodl-tmp/Inpainting/BundleFusion/B_imgs_gt/office0/00956.jpg,/root/autodl-tmp/Inpainting/masks/irregular_mask/mask_rates_20_30/0003522.png,0119_reliability.png,00956.jpg,0003522.png,0119_reliability,00956,0003522,"[256, 256]","[256, 256]","[256, 256]",False,False,0.2503662109375,16408,3.9184497248017807,2.672214115951816,0.015646755695343018,0.002615446224808693,4.429457142267902,0.020242512226104736,0.8388900756835938,0.2881622314453125,3.065878160820732,0.009708183817565441,False,0,0,478,pred[478] <-> gt[478] <-> mask[478]
479,479,479,results/B_mask_20_30_reliability_inference/line_debug/0119_soft.png,/root/autodl-tmp/Inpainting/BundleFusion/B_imgs_gt/office0/00958.jpg,/root/autodl-tmp/Inpainting/masks/irregular_mask/mask_rates_20_30/0003547.png,0119_soft.png,00958.jpg,0003547.png,0119_soft,00958,0003547,"[256, 256]","[256, 256]","[256, 256]",False,False,0.29864501953125,19572,3.8382126923545874,3.0366594835877003,0.013208538293838501,0.002452295506373048,4.230222275820501,0.018072787672281265,0.8389004468917847,0.175445556640625,2.5951908890786517,0.0026652913074940443,False,0,0,479,pred[479] <-> gt[479] <-> mask[479]
480,480,480,results/B_mask_20_30_reliability_inference/frames/0120.png,/root/autodl-tmp/Inpainting/BundleFusion/B_imgs_gt/office0/00960.jpg,/root/autodl-tmp/Inpainting/masks/irregular_mask/mask_rates_20_30/0003554.png,0120.png,00960.jpg,0003554.png,0120,00960,0003554,"[256, 256]","[256, 256]","[256, 256]",False,False,0.2132568359375,13976,9.114862978719604,9.415287816274626,0.33345332741737366,0.3164505660533905,9.036885722715791,0.33106908202171326,0.7949308156967163,0.284759521484375,9.219446435582368,0.3328253924846649,True,0,0,480,pred[480] <-> gt[480] <-> mask[480]
481,481,481,results/B_mask_20_30_reliability_inference/line_debug/0120_center.png,/root/autodl-tmp/Inpainting/BundleFusion/B_imgs_gt/office0/00962.jpg,/root/autodl-tmp/Inpainting/masks/irregular_mask/mask_rates_20_30/0003555.png,0120_center.png,00962.jpg,0003555.png,0120_center,00962,0003555,"[256, 256]","[256, 256]","[256, 256]",False,False,0.2118682861328125,13885,3.421620595195043,2.6367226579888863,0.004551215562969446,0.0031266454607248306,3.659273697840957,0.005231755319982767,0.8313704133033752,0.1758575439453125,4.464821209961086,0.0036870602052658796,False,0,0,481,pred[481] <-> gt[481] <-> mask[481]
482,482,482,results/B_mask_20_30_reliability_inference/line_debug/0120_reliability.png,/root/autodl-tmp/Inpainting/BundleFusion/B_imgs_gt/office0/00964.jpg,/root/autodl-tmp/Inpainting/masks/irregular_mask/mask_rates_20_30/0003564.png,0120_reliability.png,00964.jpg,0003564.png,0120_reliability,00964,0003564,"[256, 256]","[256, 256]","[256, 256]",False,False,0.2176971435546875,14267,3.448001960998976,3.853229013826015,0.013339738361537457,0.013529408723115921,3.341650880931395,0.01137931551784277,0.8072173595428467,0.26824951171875,4.291475027523349,0.013506299816071987,True,0,0,482,pred[482] <-> gt[482] <-> mask[482]
483,483,483,results/B_mask_20_30_reliability_inference/line_debug/0120_soft.png,/root/autodl-tmp/Inpainting/BundleFusion/B_imgs_gt/office0/00966.jpg,/root/autodl-tmp/Inpainting/masks/irregular_mask/mask_rates_20_30/0003566.png,0120_soft.png,00966.jpg,0003566.png,0120_soft,00966,0003566,"[256, 256]","[256, 256]","[256, 256]",False,False,0.2217559814453125,14533,3.83774652314043,7.412101228151428,0.014420132152736187,0.029466545209288597,3.1938218157523552,0.006312962155789137,0.8147328495979309,0.2049102783203125,4.2758491480564045,0.02016718126833439,True,0,0,483,pred[483] <-> gt[483] <-> mask[483]
484,484,484,results/B_mask_20_30_reliability_inference/frames/0121.png,/root/autodl-tmp/Inpainting/BundleFusion/B_imgs_gt/office0/00968.jpg,/root/autodl-tmp/Inpainting/masks/irregular_mask/mask_rates_20_30/0003568.png,0121.png,00968.jpg,0003568.png,0121,00968,0003568,"[256, 256]","[256, 256]","[256, 256]",False,False,0.2947845458984375,19319,9.007782678881874,10.913994271519186,0.39427193999290466,0.3888150751590729,8.406455559102055,0.3479008972644806,0.739316463470459,0.3404693603515625,10.320038935792358,0.39427193999290466,True,0,0,484,pred[484] <-> gt[484] <-> mask[484]
485,485,485,results/B_mask_20_30_reliability_inference/line_debug/0121_center.png,/root/autodl-tmp/Inpainting/BundleFusion/B_imgs_gt/office0/00970.jpg,/root/autodl-tmp/Inpainting/masks/irregular_mask/mask_rates_20_30/0003582.png,0121_center.png,00970.jpg,0003582.png,0121_center,00970,0003582,"[256, 256]","[256, 256]","[256, 256]",False,False,0.235382080078125,15426,4.41282426283513,6.568665981670714,0.008593297563493252,0.007238535210490227,3.918885754124596,0.0075892736203968525,0.8098918199539185,0.1853790283203125,4.352675522707154,0.007731697056442499,True,0,0,485,pred[485] <-> gt[485] <-> mask[485]
486,486,486,results/B_mask_20_30_reliability_inference/line_debug/0121_reliability.png,/root/autodl-tmp/Inpainting/BundleFusion/B_imgs_gt/office0/00972.jpg,/root/autodl-tmp/Inpainting/masks/irregular_mask/mask_rates_20_30/0003598.png,0121_reliability.png,00972.jpg,0003598.png,0121_reliability,00972,0003598,"[256, 256]","[256, 256]","[256, 256]",False,False,0.236572265625,15504,4.764745501660932,5.074874441836954,0.01759733073413372,0.015414024703204632,4.672970282691624,0.018447285518050194,0.8280411958694458,0.3231658935546875,4.058136567943417,0.01766221970319748,True,0,0,486,pred[486] <-> gt[486] <-> mask[486]
487,487,487,results/B_mask_20_30_reliability_inference/line_debug/0121_soft.png,/root/autodl-tmp/Inpainting/BundleFusion/B_imgs_gt/office0/00974.jpg,/root/autodl-tmp/Inpainting/masks/irregular_mask/mask_rates_20_30/0003612.png,0121_soft.png,00974.jpg,0003612.png,0121_soft,00974,0003612,"[256, 256]","[256, 256]","[256, 256]",False,False,0.277252197265625,18170,5.106968493817979,3.681762091166734,0.01686987839639187,0.016916312277317047,5.807678212777068,0.02215571701526642,0.8175487518310547,0.2017364501953125,4.599453952348994,0.017673367634415627,False,0,0,487,pred[487] <-> gt[487] <-> mask[487]
488,488,488,results/B_mask_20_30_reliability_inference/frames/0122.png,/root/autodl-tmp/Inpainting/BundleFusion/B_imgs_gt/office0/00976.jpg,/root/autodl-tmp/Inpainting/masks/irregular_mask/mask_rates_20_30/0003626.png,0122.png,00976.jpg,0003626.png,0122,00976,0003626,"[256, 256]","[256, 256]","[256, 256]",False,False,0.2501068115234375,16391,8.842541284307035,8.35974039620135,0.28863048553466797,0.22950543463230133,9.016288034059007,0.32274359464645386,0.8289816975593567,0.308074951171875,9.351011814182367,0.25506165623664856,False,0,0,488,pred[488] <-> gt[488] <-> mask[488]
489,489,489,results/B_mask_20_30_reliability_inference/line_debug/0122_center.png,/root/autodl-tmp/Inpainting/BundleFusion/B_imgs_gt/office0/00978.jpg,/root/autodl-tmp/Inpainting/masks/irregular_mask/mask_rates_20_30/0003632.png,0122_center.png,00978.jpg,0003632.png,0122_center,00978,0003632,"[256, 256]","[256, 256]","[256, 256]",False,False,0.2213287353515625,14505,6.547091258942982,6.4092729308784335,0.018698373809456825,0.017986880615353584,6.587075957752338,0.01582096517086029,0.8036884069442749,0.2946624755859375,6.714187647018054,0.018576553091406822,False,0,0,489,pred[489] <-> gt[489] <-> mask[489]
490,490,490,results/B_mask_20_30_reliability_inference/line_debug/0122_reliability.png,/root/autodl-tmp/Inpainting/BundleFusion/B_imgs_gt/office0/00980.jpg,/root/autodl-tmp/Inpainting/masks/irregular_mask/mask_rates_20_30/0003635.png,0122_reliability.png,00980.jpg,0003635.png,0122_reliability,00980,0003635,"[256, 256]","[256, 256]","[256, 256]",False,False,0.2361907958984375,15479,7.649482507198786,6.54099764734959,0.03428027406334877,0.03428027406334877,8.058656457272344,0.032585058361291885,0.7780842185020447,0.2035064697265625,9.924254773673225,0.03428027406334877,False,0,0,490,pred[490] <-> gt[490] <-> mask[490]
491,491,491,results/B_mask_20_30_reliability_inference/line_debug/0122_soft.png,/root/autodl-tmp/Inpainting/BundleFusion/B_imgs_gt/office0/00982.jpg,/root/autodl-tmp/Inpainting/masks/irregular_mask/mask_rates_20_30/0003637.png,0122_soft.png,00982.jpg,0003637.png,0122_soft,00982,0003637,"[256, 256]","[256, 256]","[256, 256]",False,False,0.287384033203125,18834,8.349066341507172,7.945612402896024,0.03533865511417389,0.03658885136246681,8.523005260293422,0.034406110644340515,0.7671806216239929,0.342559814453125,8.165892389957314,0.032445717602968216,False,0,0,491,pred[491] <-> gt[491] <-> mask[491]
492,492,492,results/B_mask_20_30_reliability_inference/frames/0123.png,/root/autodl-tmp/Inpainting/BundleFusion/B_imgs_gt/office0/00984.jpg,/root/autodl-tmp/Inpainting/masks/irregular_mask/mask_rates_20_30/0003645.png,0123.png,00984.jpg,0003645.png,0123,00984,0003645,"[256, 256]","[256, 256]","[256, 256]",False,False,0.270050048828125,17698,10.449673109802726,9.562525299622841,0.26008889079093933,0.26008889079093933,10.829981465238303,0.2567982077598572,0.8155096769332886,0.332672119140625,9.91340676991841,0.26008889079093933,False,0,0,492,pred[492] <-> gt[492] <-> mask[492]
493,493,493,results/B_mask_20_30_reliability_inference/line_debug/0123_center.png,/root/autodl-tmp/Inpainting/BundleFusion/B_imgs_gt/office0/00986.jpg,/root/autodl-tmp/Inpainting/masks/irregular_mask/mask_rates_20_30/0003649.png,0123_center.png,00986.jpg,0003649.png,0123_center,00986,0003649,"[256, 256]","[256, 256]","[256, 256]",False,False,0.219940185546875,14414,9.014807269218611,9.08924641062616,0.02501581609249115,0.019137727096676826,8.994048527605038,0.02437705174088478,0.7953471541404724,0.278533935546875,9.919217076469614,0.022817939519882202,True,0,0,493,pred[493] <-> gt[493] <-> mask[493]
494,494,494,results/B_mask_20_30_reliability_inference/line_debug/0123_reliability.png,/root/autodl-tmp/Inpainting/BundleFusion/B_imgs_gt/office0/00988.jpg,/root/autodl-tmp/Inpainting/masks/irregular_mask/mask_rates_20_30/0003661.png,0123_reliability.png,00988.jpg,0003661.png,0123_reliability,00988,0003661,"[256, 256]","[256, 256]","[256, 256]",False,False,0.25933837890625,16996,8.956291017576342,8.452542899374086,0.0378488190472126,0.03346041589975357,9.147458619361654,0.039739400148391724,0.7814780473709106,0.3803863525390625,8.522402403091625,0.038691118359565735,False,0,0,494,pred[494] <-> gt[494] <-> mask[494]
495,495,495,results/B_mask_20_30_reliability_inference/line_debug/0123_soft.png,/root/autodl-tmp/Inpainting/BundleFusion/B_imgs_gt/office0/00990.jpg,/root/autodl-tmp/Inpainting/masks/irregular_mask/mask_rates_20_30/0003670.png,0123_soft.png,00990.jpg,0003670.png,0123_soft,00990,0003670,"[256, 256]","[256, 256]","[256, 256]",False,False,0.2657318115234375,17415,8.630518523806705,7.336287747793909,0.038561105728149414,0.04401184991002083,9.213623855254147,0.045310329645872116,0.7801511883735657,0.305999755859375,9.519234275263885,0.03968174755573273,False,0,0,495,pred[495] <-> gt[495] <-> mask[495]
496,496,496,results/B_mask_20_30_reliability_inference/frames/0124.png,/root/autodl-tmp/Inpainting/BundleFusion/B_imgs_gt/office0/00992.jpg,/root/autodl-tmp/Inpainting/masks/irregular_mask/mask_rates_20_30/0003675.png,0124.png,00992.jpg,0003675.png,0124,00992,0003675,"[256, 256]","[256, 256]","[256, 256]",False,False,0.2939300537109375,19263,10.027519114661548,9.092526110179003,0.23213261365890503,0.26127567887306213,10.485103439365089,0.22839054465293884,0.8133670091629028,0.2096710205078125,11.482437088876868,0.26369330286979675,False,0,0,496,pred[496] <-> gt[496] <-> mask[496]
497,497,497,results/B_mask_20_30_reliability_inference/line_debug/0124_center.png,/root/autodl-tmp/Inpainting/BundleFusion/B_imgs_gt/office0/00994.jpg,/root/autodl-tmp/Inpainting/masks/irregular_mask/mask_rates_20_30/0003708.png,0124_center.png,00994.jpg,0003708.png,0124_center,00994,0003708,"[256, 256]","[256, 256]","[256, 256]",False,False,0.2623443603515625,17193,7.9421341779510835,7.498780718850913,0.02557951956987381,0.030266812071204185,8.111395659794706,0.019770516082644463,0.7962656617164612,0.260833740234375,7.362836198274074,0.031094128265976906,False,0,0,497,pred[497] <-> gt[497] <-> mask[497]
498,498,498,results/B_mask_20_30_reliability_inference/line_debug/0124_reliability.png,/root/autodl-tmp/Inpainting/BundleFusion/B_imgs_gt/office0/00996.jpg,/root/autodl-tmp/Inpainting/masks/irregular_mask/mask_rates_20_30/0003713.png,0124_reliability.png,00996.jpg,0003713.png,0124_reliability,00996,0003713,"[256, 256]","[256, 256]","[256, 256]",False,False,0.2734375,17920,7.834593813793158,9.757033074095371,0.036468397825956345,0.033596161752939224,7.286134208100027,0.03712167218327522,0.7771025896072388,0.35101318359375,9.556546983930852,0.036468397825956345,True,0,0,498,pred[498] <-> gt[498] <-> mask[498]
499,499,499,results/B_mask_20_30_reliability_inference/line_debug/0124_soft.png,/root/autodl-tmp/Inpainting/BundleFusion/B_imgs_gt/office0/00998.jpg,/root/autodl-tmp/Inpainting/masks/irregular_mask/mask_rates_20_30/0003723.png,0124_soft.png,00998.jpg,0003723.png,0124_soft,00998,0003723,"[256, 256]","[256, 256]","[256, 256]",False,False,0.2008819580078125,13165,7.403787509108605,8.105933284879562,0.03759922459721565,0.04128628596663475,7.2437952679879345,0.03725457563996315,0.7589622139930725,0.251739501953125,9.360159280270446,0.03692900761961937,True,0,0,499,pred[499] <-> gt[499] <-> mask[499]
500,500,500,results/B_mask_20_30_reliability_inference/frames/0125.png,/root/autodl-tmp/Inpainting/BundleFusion/B_imgs_gt/office0/01000.jpg,/root/autodl-tmp/Inpainting/masks/irregular_mask/mask_rates_20_30/0003728.png,0125.png,01000.jpg,0003728.png,0125,01000,0003728,"[256, 256]","[256, 256]","[256, 256]",False,False,0.21435546875,14048,9.097016477225564,11.314772190152492,0.2566086947917938,0.2412724494934082,8.647276028099942,0.25760960578918457,0.790774405002594,0.208709716796875,8.438245461611855,0.2324652075767517,True,0,0,500,pred[500] <-> gt[500] <-> mask[500]
501,501,501,results/B_mask_20_30_reliability_inference/line_debug/0125_center.png,/root/autodl-tmp/Inpainting/BundleFusion/B_imgs_gt/office0/01002.jpg,/root/autodl-tmp/Inpainting/masks/irregular_mask/mask_rates_20_30/0003729.png,0125_center.png,01002.jpg,0003729.png,0125_center,01002,0003729,"[256, 256]","[256, 256]","[256, 256]",False,False,0.298492431640625,19562,6.978178719882702,6.3180865269966,0.02303270995616913,0.023723997175693512,7.2926318926312605,0.02299203909933567,0.8510926961898804,0.3410797119140625,7.012389630330151,0.02303270995616913,False,0,0,501,pred[501] <-> gt[501] <-> mask[501]
502,502,502,results/B_mask_20_30_reliability_inference/line_debug/0125_reliability.png,/root/autodl-tmp/Inpainting/BundleFusion/B_imgs_gt/office0/01004.jpg,/root/autodl-tmp/Inpainting/masks/irregular_mask/mask_rates_20_30/0003738.png,0125_reliability.png,01004.jpg,0003738.png,0125_reliability,01004,0003738,"[256, 256]","[256, 256]","[256, 256]",False,False,0.2727813720703125,17877,6.780124369926317,11.023465120498276,0.0392371229827404,0.03812335804104805,5.8672946545879885,0.02899729274213314,0.7748662233352661,0.3291168212890625,9.097364091890435,0.03940974548459053,True,0,0,502,pred[502] <-> gt[502] <-> mask[502]
503,503,503,results/B_mask_20_30_reliability_inference/line_debug/0125_soft.png,/root/autodl-tmp/Inpainting/BundleFusion/B_imgs_gt/office0/01006.jpg,/root/autodl-tmp/Inpainting/masks/irregular_mask/mask_rates_20_30/0003740.png,0125_soft.png,01006.jpg,0003740.png,0125_soft,01006,0003740,"[256, 256]","[256, 256]","[256, 256]",False,False,0.201568603515625,13210,6.68921772084961,10.275296184031546,0.039916206151247025,0.05068838223814964,6.112933619197718,0.029632005840539932,0.7809944152832031,0.253265380859375,7.030025398646714,0.04489114508032799,True,0,0,503,pred[503] <-> gt[503] <-> mask[503]
504,504,504,results/B_mask_20_30_reliability_inference/frames/0126.png,/root/autodl-tmp/Inpainting/BundleFusion/B_imgs_gt/office0/01008.jpg,/root/autodl-tmp/Inpainting/masks/irregular_mask/mask_rates_20_30/0003751.png,0126.png,01008.jpg,0003751.png,0126,01008,0003751,"[256, 256]","[256, 256]","[256, 256]",False,False,0.2706298828125,17736,8.827158389704818,11.783410760624648,0.2589012682437897,0.2337549477815628,8.096578189740862,0.24168027937412262,0.76624995470047,0.2905426025390625,8.962171069451609,0.24387216567993164,True,0,0,504,pred[504] <-> gt[504] <-> mask[504]
505,505,505,results/B_mask_20_30_reliability_inference/line_debug/0126_center.png,/root/autodl-tmp/Inpainting/BundleFusion/B_imgs_gt/office0/01010.jpg,/root/autodl-tmp/Inpainting/masks/irregular_mask/mask_rates_20_30/0003757.png,0126_center.png,01010.jpg,0003757.png,0126_center,01010,0003757,"[256, 256]","[256, 256]","[256, 256]",False,False,0.2319793701171875,15203,6.645812930556419,11.62319986939175,0.02344675362110138,0.028335774317383766,5.83221840402672,0.020081929862499237,0.819740891456604,0.2146453857421875,4.905019146661024,0.02170022390782833,True,0,0,505,pred[505] <-> gt[505] <-> mask[505]
506,506,506,results/B_mask_20_30_reliability_inference/line_debug/0126_reliability.png,/root/autodl-tmp/Inpainting/BundleFusion/B_imgs_gt/office0/01012.jpg,/root/autodl-tmp/Inpainting/masks/irregular_mask/mask_rates_20_30/0003759.png,0126_reliability.png,01012.jpg,0003759.png,0126_reliability,01012,0003759,"[256, 256]","[256, 256]","[256, 256]",False,False,0.29248046875,19168,7.365153585922517,7.181717068153044,0.03899286687374115,0.042372677475214005,7.443308125828642,0.041169483214616776,0.7716655731201172,0.362640380859375,6.088175877495473,0.039029788225889206,False,0,0,506,pred[506] <-> gt[506] <-> mask[506]
507,507,507,results/B_mask_20_30_reliability_inference/line_debug/0126_soft.png,/root/autodl-tmp/Inpainting/BundleFusion/B_imgs_gt/office0/01014.jpg,/root/autodl-tmp/Inpainting/masks/irregular_mask/mask_rates_20_30/0003780.png,0126_soft.png,01014.jpg,0003780.png,0126_soft,01014,0003780,"[256, 256]","[256, 256]","[256, 256]",False,False,0.252166748046875,16526,7.487724906582259,7.976767463487732,0.0378883071243763,0.054940711706876755,7.334502542673454,0.0330037884414196,0.7722313404083252,0.235626220703125,8.257813336404938,0.045823175460100174,True,0,0,507,pred[507] <-> gt[507] <-> mask[507]
508,508,508,results/B_mask_20_30_reliability_inference/frames/0127.png,/root/autodl-tmp/Inpainting/BundleFusion/B_imgs_gt/office0/01016.jpg,/root/autodl-tmp/Inpainting/masks/irregular_mask/mask_rates_20_30/0003790.png,0127.png,01016.jpg,0003790.png,0127,01016,0003790,"[256, 256]","[256, 256]","[256, 256]",False,False,0.256011962890625,16778,8.797959554594705,9.707123949801845,0.26344186067581177,0.23706603050231934,8.52447982675032,0.2774296700954437,0.7536296844482422,0.2652587890625,10.728950717549735,0.24065284430980682,True,0,0,508,pred[508] <-> gt[508] <-> mask[508]
509,509,509,results/B_mask_20_30_reliability_inference/line_debug/0127_center.png,/root/autodl-tmp/Inpainting/BundleFusion/B_imgs_gt/office0/01018.jpg,/root/autodl-tmp/Inpainting/masks/irregular_mask/mask_rates_20_30/0003817.png,0127_center.png,01018.jpg,0003817.png,0127_center,01018,0003817,"[256, 256]","[256, 256]","[256, 256]",False,False,0.261016845703125,17106,7.136040155100936,7.28331724500625,0.022394923493266106,0.02250308357179165,7.085190972957031,0.027232671156525612,0.775684654712677,0.3961181640625,7.068981542566432,0.022394923493266106,True,0,0,509,pred[509] <-> gt[509] <-> mask[509]
510,510,510,results/B_mask_20_30_reliability_inference/line_debug/0127_reliability.png,/root/autodl-tmp/Inpainting/BundleFusion/B_imgs_gt/office0/01020.jpg,/root/autodl-tmp/Inpainting/masks/irregular_mask/mask_rates_20_30/0003821.png,0127_reliability.png,01020.jpg,0003821.png,0127_reliability,01020,0003821,"[256, 256]","[256, 256]","[256, 256]",False,False,0.266265869140625,17450,6.714815772640643,9.310155655321536,0.03797261789441109,0.03776797279715538,6.058072109152903,0.03539588302373886,0.7752329707145691,0.37322998046875,8.554508685456533,0.03658849000930786,True,0,0,510,pred[510] <-> gt[510] <-> mask[510]
511,511,511,results/B_mask_20_30_reliability_inference/line_debug/0127_soft.png,/root/autodl-tmp/Inpainting/BundleFusion/B_imgs_gt/office0/01022.jpg,/root/autodl-tmp/Inpainting/masks/irregular_mask/mask_rates_20_30/0003833.png,0127_soft.png,01022.jpg,0003833.png,0127_soft,01022,0003833,"[256, 256]","[256, 256]","[256, 256]",False,False,0.274383544921875,17982,7.017773100072747,7.195465070597096,0.04140493646264076,0.03942238911986351,6.952430858374424,0.041888367384672165,0.7692685723304749,0.364013671875,8.688328629749345,0.04140493646264076,True,0,0,511,pred[511] <-> gt[511] <-> mask[511]
512,512,512,results/B_mask_20_30_reliability_inference/frames/0128.png,/root/autodl-tmp/Inpainting/BundleFusion/B_imgs_gt/office0/01024.jpg,/root/autodl-tmp/Inpainting/masks/irregular_mask/mask_rates_20_30/0003838.png,0128.png,01024.jpg,0003838.png,0128,01024,0003838,"[256, 256]","[256, 256]","[256, 256]",False,False,0.2993316650390625,19617,9.723525223221717,9.778595230352563,0.30037596821784973,0.34813234210014343,9.700210382389919,0.2952709496021271,0.7365117073059082,0.1981658935546875,11.74553810584612,0.32593536376953125,True,0,0,512,pred[512] <-> gt[512] <-> mask[512]
513,513,513,results/B_mask_20_30_reliability_inference/line_debug/0128_center.png,/root/autodl-tmp/Inpainting/BundleFusion/B_imgs_gt/office0/01026.jpg,/root/autodl-tmp/Inpainting/masks/irregular_mask/mask_rates_20_30/0003857.png,0128_center.png,01026.jpg,0003857.png,0128_center,01026,0003857,"[256, 256]","[256, 256]","[256, 256]",False,False,0.242706298828125,15906,7.499793059163514,10.202794679149928,0.023428520187735558,0.022503763437271118,6.8984973642271665,0.020959870889782906,0.7430891990661621,0.3343048095703125,10.962745828106996,0.023428520187735558,True,0,0,513,pred[513] <-> gt[513] <-> mask[513]
514,514,514,results/B_mask_20_30_reliability_inference/line_debug/0128_reliability.png,/root/autodl-tmp/Inpainting/BundleFusion/B_imgs_gt/office0/01028.jpg,/root/autodl-tmp/Inpainting/masks/irregular_mask/mask_rates_20_30/0003864.png,0128_reliability.png,01028.jpg,0003864.png,0128_reliability,01028,0003864,"[256, 256]","[256, 256]","[256, 256]",False,False,0.25634765625,16800,7.646572871166865,8.944232862814843,0.04289412498474121,0.05799994245171547,7.276149057465274,0.03644194453954697,0.7443432807922363,0.288604736328125,10.190561647406378,0.052463021129369736,True,0,0,514,pred[514] <-> gt[514] <-> mask[514]
515,515,515,results/B_mask_20_30_reliability_inference/line_debug/0128_soft.png,/root/autodl-tmp/Inpainting/BundleFusion/B_imgs_gt/office0/01030.jpg,/root/autodl-tmp/Inpainting/masks/irregular_mask/mask_rates_20_30/0003884.png,0128_soft.png,01030.jpg,0003884.png,0128_soft,01030,0003884,"[256, 256]","[256, 256]","[256, 256]",False,False,0.270904541015625,17754,7.41709343511471,9.728309033023386,0.04562683776021004,0.045045655220746994,6.797540697925806,0.044921670109033585,0.7603499889373779,0.3045501708984375,8.171778645853099,0.04359172284603119,True,0,0,515,pred[515] <-> gt[515] <-> mask[515]
516,516,516,results/B_mask_20_30_reliability_inference/frames/0129.png,/root/autodl-tmp/Inpainting/BundleFusion/B_imgs_gt/office0/01032.jpg,/root/autodl-tmp/Inpainting/masks/irregular_mask/mask_rates_20_30/0003896.png,0129.png,01032.jpg,0003896.png,0129,01032,0003896,"[256, 256]","[256, 256]","[256, 256]",False,False,0.2320556640625,15208,9.974683598785147,11.677302416431885,0.30161336064338684,0.3150123059749603,9.568645746271919,0.2770023047924042,0.7436935305595398,0.288604736328125,12.404612869633791,0.30161336064338684,True,0,0,516,pred[516] <-> gt[516] <-> mask[516]
517,517,517,results/B_mask_20_30_reliability_inference/line_debug/0129_center.png,/root/autodl-tmp/Inpainting/BundleFusion/B_imgs_gt/office0/01034.jpg,/root/autodl-tmp/Inpainting/masks/irregular_mask/mask_rates_20_30/0003901.png,0129_center.png,01034.jpg,0003901.png,0129_center,01034,0003901,"[256, 256]","[256, 256]","[256, 256]",False,False,0.201263427734375,13190,7.726659908910383,9.17045844469757,0.02513556182384491,0.030102701857686043,7.427680225892319,0.021520152688026428,0.7795436382293701,0.2386932373046875,8.43125189279758,0.02464347891509533,True,0,0,517,pred[517] <-> gt[517] <-> mask[517]
518,518,518,results/B_mask_20_30_reliability_inference/line_debug/0129_reliability.png,/root/autodl-tmp/Inpainting/BundleFusion/B_imgs_gt/office0/01036.jpg,/root/autodl-tmp/Inpainting/masks/irregular_mask/mask_rates_20_30/0003907.png,0129_reliability.png,01036.jpg,0003907.png,0129_reliability,01036,0003907,"[256, 256]","[256, 256]","[256, 256]",False,False,0.2198944091796875,14411,8.74575714599144,7.460715630212805,0.04558192566037178,0.042241036891937256,9.189155754087793,0.05359292030334473,0.7516151666641235,0.27606201171875,8.206790626257373,0.04960007593035698,False,0,0,518,pred[518] <-> gt[518] <-> mask[518]
519,519,519,results/B_mask_20_30_reliability_inference/line_debug/0129_soft.png,/root/autodl-tmp/Inpainting/BundleFusion/B_imgs_gt/office0/01038.jpg,/root/autodl-tmp/Inpainting/masks/irregular_mask/mask_rates_20_30/0003910.png,0129_soft.png,01038.jpg,0003910.png,0129_soft,01038,0003910,"[256, 256]","[256, 256]","[256, 256]",False,False,0.2190399169921875,14355,8.714857216238169,10.332159952245522,0.04720320180058479,0.047713711857795715,8.3517414716391,0.046180855482816696,0.7393302321434021,0.21893310546875,9.119404316798036,0.04661440849304199,True,0,0,519,pred[519] <-> gt[519] <-> mask[519]
520,520,520,results/B_mask_20_30_reliability_inference/frames/0130.png,/root/autodl-tmp/Inpainting/BundleFusion/B_imgs_gt/office0/01040.jpg,/root/autodl-tmp/Inpainting/masks/irregular_mask/mask_rates_20_30/0003923.png,0130.png,01040.jpg,0003923.png,0130,01040,0003923,"[256, 256]","[256, 256]","[256, 256]",False,False,0.2491455078125,16328,9.818114157535833,10.677080011989329,0.2733360826969147,0.2746795117855072,9.566918382687506,0.2892923057079315,0.6778219938278198,0.370513916015625,9.096241334448145,0.2733360826969147,True,0,0,520,pred[520] <-> gt[520] <-> mask[520]
521,521,521,results/B_mask_20_30_reliability_inference/line_debug/0130_center.png,/root/autodl-tmp/Inpainting/BundleFusion/B_imgs_gt/office0/01042.jpg,/root/autodl-tmp/Inpainting/masks/irregular_mask/mask_rates_20_30/0003927.png,0130_center.png,01042.jpg,0003927.png,0130_center,01042,0003927,"[256, 256]","[256, 256]","[256, 256]",False,False,0.2162017822265625,14169,9.112443429098624,9.437095230292579,0.032943349331617355,0.045406922698020935,9.027002674492312,0.034581661224365234,0.7504687309265137,0.293121337890625,8.044871460157,0.03880627825856209,True,0,0,521,pred[521] <-> gt[521] <-> mask[521]
522,522,522,results/B_mask_20_30_reliability_inference/line_debug/0130_reliability.png,/root/autodl-tmp/Inpainting/BundleFusion/B_imgs_gt/office0/01044.jpg,/root/autodl-tmp/Inpainting/masks/irregular_mask/mask_rates_20_30/0003928.png,0130_reliability.png,01044.jpg,0003928.png,0130_reliability,01044,0003928,"[256, 256]","[256, 256]","[256, 256]",False,False,0.217681884765625,14266,9.64079803453923,8.90449200280515,0.05737225338816643,0.0506628192961216,9.87001268844679,0.06575508415699005,0.7177531719207764,0.1964263916015625,9.783722611630147,0.051942065358161926,False,0,0,522,pred[522] <-> gt[522] <-> mask[522]
523,523,523,results/B_mask_20_30_reliability_inference/line_debug/0130_soft.png,/root/autodl-tmp/Inpainting/BundleFusion/B_imgs_gt/office0/01046.jpg,/root/autodl-tmp/Inpainting/masks/irregular_mask/mask_rates_20_30/0003933.png,0130_soft.png,01046.jpg,0003933.png,0130_soft,01046,0003933,"[256, 256]","[256, 256]","[256, 256]",False,False,0.2463226318359375,16143,9.61640854726358,9.658423393516703,0.05962272360920906,0.04955650493502617,9.602764591968905,0.0653604194521904,0.7145064473152161,0.302215576171875,8.25861587673536,0.060614943504333496,True,0,0,523,pred[523] <-> gt[523] <-> mask[523]
524,524,524,results/B_mask_20_30_reliability_inference/frames/0131.png,/root/autodl-tmp/Inpainting/BundleFusion/B_imgs_gt/office0/01048.jpg,/root/autodl-tmp/Inpainting/masks/irregular_mask/mask_rates_20_30/0003944.png,0131.png,01048.jpg,0003944.png,0131,01048,0003944,"[256, 256]","[256, 256]","[256, 256]",False,False,0.2684783935546875,17595,10.888979365839049,11.676085181142017,0.29485341906547546,0.28457340598106384,10.632491353107035,0.28345832228660583,0.6209210157394409,0.312286376953125,8.91473894540208,0.29162171483039856,True,0,0,524,pred[524] <-> gt[524] <-> mask[524]
525,525,525,results/B_mask_20_30_reliability_inference/line_debug/0131_center.png,/root/autodl-tmp/Inpainting/BundleFusion/B_imgs_gt/office0/01050.jpg,/root/autodl-tmp/Inpainting/masks/irregular_mask/mask_rates_20_30/0003950.png,0131_center.png,01050.jpg,0003950.png,0131_center,01050,0003950,"[256, 256]","[256, 256]","[256, 256]",False,False,0.2399444580078125,15725,8.589372174474052,9.575638963202133,0.03499331325292587,0.03608526661992073,8.319405312492332,0.03479136899113655,0.6938116550445557,0.3430633544921875,7.615489804632933,0.03516454994678497,True,0,0,525,pred[525] <-> gt[525] <-> mask[525]
526,526,526,results/B_mask_20_30_reliability_inference/line_debug/0131_reliability.png,/root/autodl-tmp/Inpainting/BundleFusion/B_imgs_gt/office0/01052.jpg,/root/autodl-tmp/Inpainting/masks/irregular_mask/mask_rates_20_30/0003953.png,0131_reliability.png,01052.jpg,0003953.png,0131_reliability,01052,0003953,"[256, 256]","[256, 256]","[256, 256]",False,False,0.26702880859375,17500,9.291566915302866,9.048311459117924,0.052389103919267654,0.05504520609974861,9.383686161126203,0.04784516245126724,0.6703490614891052,0.42486572265625,8.893793107195817,0.052389103919267654,False,0,0,526,pred[526] <-> gt[526] <-> mask[526]
527,527,527,results/B_mask_20_30_reliability_inference/line_debug/0131_soft.png,/root/autodl-tmp/Inpainting/BundleFusion/B_imgs_gt/office0/01054.jpg,/root/autodl-tmp/Inpainting/masks/irregular_mask/mask_rates_20_30/0003954.png,0131_soft.png,01054.jpg,0003954.png,0131_soft,01054,0003954,"[256, 256]","[256, 256]","[256, 256]",False,False,0.2861328125,18752,9.481521483315543,7.958966510151294,0.05461019277572632,0.05393247306346893,10.281863114484224,0.05194249004125595,0.6716623306274414,0.4161376953125,9.062037632283083,0.05461019277572632,False,0,0,527,pred[527] <-> gt[527] <-> mask[527]
528,528,528,results/B_mask_20_30_reliability_inference/frames/0132.png,/root/autodl-tmp/Inpainting/BundleFusion/B_imgs_gt/office0/01056.jpg,/root/autodl-tmp/Inpainting/masks/irregular_mask/mask_rates_20_30/0003964.png,0132.png,01056.jpg,0003964.png,0132,01056,0003964,"[256, 256]","[256, 256]","[256, 256]",False,False,0.2520904541015625,16521,10.50422712869076,10.925490921361,0.2726440131664276,0.21604160964488983,10.370970644487127,0.2981255054473877,0.655744731426239,0.3661651611328125,9.102007220306332,0.2512102425098419,True,0,0,528,pred[528] <-> gt[528] <-> mask[528]
529,529,529,results/B_mask_20_30_reliability_inference/line_debug/0132_center.png,/root/autodl-tmp/Inpainting/BundleFusion/B_imgs_gt/office0/01058.jpg,/root/autodl-tmp/Inpainting/masks/irregular_mask/mask_rates_20_30/0003969.png,0132_center.png,01058.jpg,0003969.png,0132_center,01058,0003969,"[256, 256]","[256, 256]","[256, 256]",False,False,0.2855072021484375,18711,10.369821534652559,8.799322209467967,0.03716425597667694,0.03761287406086922,11.200467897037722,0.03667159005999565,0.6860681772232056,0.371368408203125,10.55137222890725,0.03716425597667694,False,0,0,529,pred[529] <-> gt[529] <-> mask[529]
530,530,530,results/B_mask_20_30_reliability_inference/line_debug/0132_reliability.png,/root/autodl-tmp/Inpainting/BundleFusion/B_imgs_gt/office0/01060.jpg,/root/autodl-tmp/Inpainting/masks/irregular_mask/mask_rates_20_30/0003976.png,0132_reliability.png,01060.jpg,0003976.png,0132_reliability,01060,0003976,"[256, 256]","[256, 256]","[256, 256]",False,False,0.2251434326171875,14755,11.04879159565093,10.477141076874856,0.053795263171195984,0.05983765795826912,11.230048626967408,0.053281575441360474,0.6878169775009155,0.2453765869140625,11.657354655984825,0.057725656777620316,False,0,0,530,pred[530] <-> gt[530] <-> mask[530]
531,531,531,results/B_mask_20_30_reliability_inference/line_debug/0132_soft.png,/root/autodl-tmp/Inpainting/BundleFusion/B_imgs_gt/office0/01062.jpg,/root/autodl-tmp/Inpainting/masks/irregular_mask/mask_rates_20_30/0003980.png,0132_soft.png,01062.jpg,0003980.png,0132_soft,01062,0003980,"[256, 256]","[256, 256]","[256, 256]",False,False,0.2758636474609375,18079,11.057902381118206,8.54187099769868,0.05505828559398651,0.037409424781799316,12.600691760347146,0.06325139850378036,0.6795661449432373,0.3064727783203125,11.86895742452771,0.05021245405077934,False,0,0,531,pred[531] <-> gt[531] <-> mask[531]
532,532,532,results/B_mask_20_30_reliability_inference/frames/0133.png,/root/autodl-tmp/Inpainting/BundleFusion/B_imgs_gt/office0/01064.jpg,/root/autodl-tmp/Inpainting/masks/irregular_mask/mask_rates_20_30/0003991.png,0133.png,01064.jpg,0003991.png,0133,01064,0003991,"[256, 256]","[256, 256]","[256, 256]",False,False,0.2122344970703125,13909,11.902138049459168,9.711138716151078,0.33561551570892334,0.3115212023258209,12.746956544213761,0.3669217824935913,0.6261547803878784,0.2610321044921875,10.970200924770843,0.3150440752506256,False,0,0,532,pred[532] <-> gt[532] <-> mask[532]
533,533,533,results/B_mask_20_30_reliability_inference/line_debug/0133_center.png,/root/autodl-tmp/Inpainting/BundleFusion/B_imgs_gt/office0/01066.jpg,/root/autodl-tmp/Inpainting/masks/irregular_mask/mask_rates_20_30/0003992.png,0133_center.png,01066.jpg,0003992.png,0133_center,01066,0003992,"[256, 256]","[256, 256]","[256, 256]",False,False,0.2159576416015625,14153,10.660359180764107,9.858860623236673,0.03529244661331177,0.03149614855647087,10.909840030578255,0.03445218503475189,0.6969159841537476,0.2501068115234375,8.88195923276597,0.03397233784198761,False,0,0,533,pred[533] <-> gt[533] <-> mask[533]
534,534,534,results/B_mask_20_30_reliability_inference/line_debug/0133_reliability.png,/root/autodl-tmp/Inpainting/BundleFusion/B_imgs_gt/office0/01068.jpg,/root/autodl-tmp/Inpainting/masks/irregular_mask/mask_rates_20_30/0003997.png,0133_reliability.png,01068.jpg,0003997.png,0133_reliability,01068,0003997,"[256, 256]","[256, 256]","[256, 256]",False,False,0.260498046875,17072,10.61852405035401,10.451672789797204,0.038080912083387375,0.04136979952454567,10.678860404031472,0.03871102258563042,0.6808649897575378,0.32745361328125,11.02799520362964,0.038080912083387375,False,0,0,534,pred[534] <-> gt[534] <-> mask[534]
535,535,535,results/B_mask_20_30_reliability_inference/line_debug/0133_soft.png,/root/autodl-tmp/Inpainting/BundleFusion/B_imgs_gt/office0/01070.jpg,/root/autodl-tmp/Inpainting/masks/irregular_mask/mask_rates_20_30/0003998.png,0133_soft.png,01070.jpg,0003998.png,0133_soft,01070,0003998,"[256, 256]","[256, 256]","[256, 256]",False,False,0.2190093994140625,14353,10.41475586866808,9.405611607167932,0.035015784204006195,0.033981043845415115,10.745614445074645,0.033049605786800385,0.6829409599304199,0.2982635498046875,10.239753862876915,0.036283377557992935,False,0,0,535,pred[535] <-> gt[535] <-> mask[535]
536,536,536,results/B_mask_20_30_reliability_inference/frames/0134.png,/root/autodl-tmp/Inpainting/BundleFusion/B_imgs_gt/office0/01072.jpg,/root/autodl-tmp/Inpainting/masks/irregular_mask/mask_rates_20_30/0004008.png,0134.png,01072.jpg,0004008.png,0134,01072,0004008,"[256, 256]","[256, 256]","[256, 256]",False,False,0.294281005859375,19286,11.475316146431489,10.684430968871549,0.33785900473594666,0.33228597044944763,11.853006207824702,0.3503260314464569,0.6188561916351318,0.3721923828125,10.720230634376291,0.33785900473594666,False,0,0,536,pred[536] <-> gt[536] <-> mask[536]
537,537,537,results/B_mask_20_30_reliability_inference/line_debug/0134_center.png,/root/autodl-tmp/Inpainting/BundleFusion/B_imgs_gt/office0/01074.jpg,/root/autodl-tmp/Inpainting/masks/irregular_mask/mask_rates_20_30/0004009.png,0134_center.png,01074.jpg,0004009.png,0134_center,01074,0004009,"[256, 256]","[256, 256]","[256, 256]",False,False,0.2230072021484375,14615,10.40511790303423,9.116988187320445,0.0297688115388155,0.029141530394554138,10.858352778689369,0.03274483233690262,0.6960514783859253,0.3084716796875,10.57210937791545,0.0297688115388155,False,0,0,537,pred[537] <-> gt[537] <-> mask[537]
538,538,538,results/B_mask_20_30_reliability_inference/line_debug/0134_reliability.png,/root/autodl-tmp/Inpainting/BundleFusion/B_imgs_gt/office0/01076.jpg,/root/autodl-tmp/Inpainting/masks/irregular_mask/mask_rates_20_30/0004016.png,0134_reliability.png,01076.jpg,0004016.png,0134_reliability,01076,0004016,"[256, 256]","[256, 256]","[256, 256]",False,False,0.2121124267578125,13901,10.958809277092316,8.92958250534915,0.039605721831321716,0.030460679903626442,11.717795454600004,0.043645430356264114,0.6737464070320129,0.334381103515625,10.918234439752055,0.03783218935132027,False,0,0,538,pred[538] <-> gt[538] <-> mask[538]
539,539,539,results/B_mask_20_30_reliability_inference/line_debug/0134_soft.png,/root/autodl-tmp/Inpainting/BundleFusion/B_imgs_gt/office0/01078.jpg,/root/autodl-tmp/Inpainting/masks/irregular_mask/mask_rates_20_30/0004027.png,0134_soft.png,01078.jpg,0004027.png,0134_soft,01078,0004027,"[256, 256]","[256, 256]","[256, 256]",False,False,0.2269439697265625,14873,11.11235080417488,8.843651776187867,0.04308699071407318,0.04513326287269592,12.08906432972686,0.040491778403520584,0.671006977558136,0.325958251953125,9.912490513914156,0.04308699071407318,False,0,0,539,pred[539] <-> gt[539] <-> mask[539]
540,540,540,results/B_mask_20_30_reliability_inference/frames/0135.png,/root/autodl-tmp/Inpainting/BundleFusion/B_imgs_gt/office0/01080.jpg,/root/autodl-tmp/Inpainting/masks/irregular_mask/mask_rates_20_30/0004048.png,0135.png,01080.jpg,0004048.png,0135,01080,0004048,"[256, 256]","[256, 256]","[256, 256]",False,False,0.21026611328125,13780,11.038116257333101,10.201591584655137,0.3116004765033722,0.33294394612312317,11.290955585821813,0.3000409007072449,0.6310943365097046,0.1817626953125,10.511893524615012,0.3191719353199005,False,0,0,540,pred[540] <-> gt[540] <-> mask[540]
541,541,541,results/B_mask_20_30_reliability_inference/line_debug/0135_center.png,/root/autodl-tmp/Inpainting/BundleFusion/B_imgs_gt/office0/01082.jpg,/root/autodl-tmp/Inpainting/masks/irregular_mask/mask_rates_20_30/0004058.png,0135_center.png,01082.jpg,0004058.png,0135_center,01082,0004058,"[256, 256]","[256, 256]","[256, 256]",False,False,0.28460693359375,18652,11.28703338495763,10.65464098792998,0.031000427901744843,0.032248739153146744,11.566672196908856,0.025755276903510094,0.7010821104049683,0.47186279296875,11.055203184358621,0.031000427901744843,False,0,0,541,pred[541] <-> gt[541] <-> mask[541]
542,542,542,results/B_mask_20_30_reliability_inference/line_debug/0135_reliability.png,/root/autodl-tmp/Inpainting/BundleFusion/B_imgs_gt/office0/01084.jpg,/root/autodl-tmp/Inpainting/masks/irregular_mask/mask_rates_20_30/0004061.png,0135_reliability.png,01084.jpg,0004061.png,0135_reliability,01084,0004061,"[256, 256]","[256, 256]","[256, 256]",False,False,0.2501678466796875,16395,10.855473004186768,9.606941134958298,0.04887957498431206,0.04218059778213501,11.367056040301902,0.04985791817307472,0.6983822584152222,0.22296142578125,11.049720739598861,0.04512505233287811,False,0,0,542,pred[542] <-> gt[542] <-> mask[542]
543,543,543,results/B_mask_20_30_reliability_inference/line_debug/0135_soft.png,/root/autodl-tmp/Inpainting/BundleFusion/B_imgs_gt/office0/01086.jpg,/root/autodl-tmp/Inpainting/masks/irregular_mask/mask_rates_20_30/0004062.png,0135_soft.png,01086.jpg,0004062.png,0135_soft,01086,0004062,"[256, 256]","[256, 256]","[256, 256]",False,False,0.2503814697265625,16409,10.241054504336205,9.727796599799088,0.047617267817258835,0.047741640359163284,10.426952349448118,0.05321553349494934,0.7128649353981018,0.2686767578125,11.701927321797106,0.049745772033929825,False,0,0,543,pred[543] <-> gt[543] <-> mask[543]
544,544,544,results/B_mask_20_30_reliability_inference/frames/0136.png,/root/autodl-tmp/Inpainting/BundleFusion/B_imgs_gt/office0/01088.jpg,/root/autodl-tmp/Inpainting/masks/irregular_mask/mask_rates_20_30/0004064.png,0136.png,01088.jpg,0004064.png,0136,01088,0004064,"[256, 256]","[256, 256]","[256, 256]",False,False,0.2294769287109375,15039,9.970462895631437,8.716260749239327,0.3390650749206543,0.3352762758731842,10.426656762522358,0.31991034746170044,0.6556072235107422,0.2614593505859375,8.989497543407,0.34044790267944336,False,0,0,544,pred[544] <-> gt[544] <-> mask[544]
545,545,545,results/B_mask_20_30_reliability_inference/line_debug/0136_center.png,/root/autodl-tmp/Inpainting/BundleFusion/B_imgs_gt/office0/01090.jpg,/root/autodl-tmp/Inpainting/masks/irregular_mask/mask_rates_20_30/0004067.png,0136_center.png,01090.jpg,0004067.png,0136_center,01090,0004067,"[256, 256]","[256, 256]","[256, 256]",False,False,0.275848388671875,18078,8.725017189573096,8.24631456924461,0.020043963566422462,0.019133998081088066,8.922206895404582,0.021508952602744102,0.7589631080627441,0.2227783203125,9.007697206676232,0.018322808668017387,False,0,0,545,pred[545] <-> gt[545] <-> mask[545]
546,546,546,results/B_mask_20_30_reliability_inference/line_debug/0136_reliability.png,/root/autodl-tmp/Inpainting/BundleFusion/B_imgs_gt/office0/01092.jpg,/root/autodl-tmp/Inpainting/masks/irregular_mask/mask_rates_20_30/0004086.png,0136_reliability.png,01092.jpg,0004086.png,0136_reliability,01092,0004086,"[256, 256]","[256, 256]","[256, 256]",False,False,0.2542572021484375,16663,8.300255820375392,6.603112599868038,0.019090404734015465,0.017561323940753937,9.073095111740644,0.0224006287753582,0.7357689142227173,0.285797119140625,7.777986196075699,0.018934158608317375,False,0,0,546,pred[546] <-> gt[546] <-> mask[546]
547,547,547,results/B_mask_20_30_reliability_inference/line_debug/0136_soft.png,/root/autodl-tmp/Inpainting/BundleFusion/B_imgs_gt/office0/01094.jpg,/root/autodl-tmp/Inpainting/masks/irregular_mask/mask_rates_20_30/0004109.png,0136_soft.png,01094.jpg,0004109.png,0136_soft,01094,0004109,"[256, 256]","[256, 256]","[256, 256]",False,False,0.2765045166015625,18121,8.116930124082655,9.140644400055871,0.016165895387530327,0.019631048664450645,7.7816603152308925,0.011309517547488213,0.7469524145126343,0.3421783447265625,8.4195762387966,0.017640134319663048,True,0,0,547,pred[547] <-> gt[547] <-> mask[547]
548,548,548,results/B_mask_20_30_reliability_inference/frames/0137.png,/root/autodl-tmp/Inpainting/BundleFusion/B_imgs_gt/office0/01096.jpg,/root/autodl-tmp/Inpainting/masks/irregular_mask/mask_rates_20_30/0004113.png,0137.png,01096.jpg,0004113.png,0137,01096,0004113,"[256, 256]","[256, 256]","[256, 256]",False,False,0.2280426025390625,14945,8.929806795390066,8.637123583988492,0.2783088684082031,0.21570958197116852,9.020181302993473,0.31346651911735535,0.7405231595039368,0.2419891357421875,7.596992811001462,0.22910551726818085,False,0,0,548,pred[548] <-> gt[548] <-> mask[548]
549,549,549,results/B_mask_20_30_reliability_inference/line_debug/0137_center.png,/root/autodl-tmp/Inpainting/BundleFusion/B_imgs_gt/office0/01098.jpg,/root/autodl-tmp/Inpainting/masks/irregular_mask/mask_rates_20_30/0004114.png,0137_center.png,01098.jpg,0004114.png,0137_center,01098,0004114,"[256, 256]","[256, 256]","[256, 256]",False,False,0.234527587890625,15370,7.84488137593467,7.02757859957555,0.005497897043824196,0.00430170027539134,8.129529251479209,0.006683449260890484,0.8018049597740173,0.198028564453125,7.030806352886713,0.006909606512635946,False,0,0,549,pred[549] <-> gt[549] <-> mask[549]
550,550,550,results/B_mask_20_30_reliability_inference/line_debug/0137_reliability.png,/root/autodl-tmp/Inpainting/BundleFusion/B_imgs_gt/office0/01100.jpg,/root/autodl-tmp/Inpainting/masks/irregular_mask/mask_rates_20_30/0004116.png,0137_reliability.png,01100.jpg,0004116.png,0137_reliability,01100,0004116,"[256, 256]","[256, 256]","[256, 256]",False,False,0.2688140869140625,17617,8.089193237028429,7.254473431401234,0.01249875407665968,0.012155897915363312,8.441453108246169,0.01340889185667038,0.7457354068756104,0.3433990478515625,7.514537787913351,0.01249875407665968,False,0,0,550,pred[550] <-> gt[550] <-> mask[550]
551,551,551,results/B_mask_20_30_reliability_inference/line_debug/0137_soft.png,/root/autodl-tmp/Inpainting/BundleFusion/B_imgs_gt/office0/01102.jpg,/root/autodl-tmp/Inpainting/masks/irregular_mask/mask_rates_20_30/0004117.png,0137_soft.png,01102.jpg,0004117.png,0137_soft,01102,0004117,"[256, 256]","[256, 256]","[256, 256]",False,False,0.2235565185546875,14651,8.218244728428349,7.769880832238147,0.013898465782403946,0.019593408331274986,8.356413883490779,0.012345447205007076,0.7423262596130371,0.2894287109375,7.683445999810229,0.017061807215213776,False,0,0,551,pred[551] <-> gt[551] <-> mask[551]
552,552,552,results/B_mask_20_30_reliability_inference/frames/0138.png,/root/autodl-tmp/Inpainting/BundleFusion/B_imgs_gt/office0/01104.jpg,/root/autodl-tmp/Inpainting/masks/irregular_mask/mask_rates_20_30/0004118.png,0138.png,01104.jpg,0004118.png,0138,01104,0004118,"[256, 256]","[256, 256]","[256, 256]",False,False,0.29803466796875,19532,9.308845287254087,8.500601128824623,0.30122509598731995,0.33471179008483887,9.703403309476107,0.2835257351398468,0.7438811659812927,0.21051025390625,9.006391462477277,0.3258078098297119,False,0,0,552,pred[552] <-> gt[552] <-> mask[552]
553,553,553,results/B_mask_20_30_reliability_inference/line_debug/0138_center.png,/root/autodl-tmp/Inpainting/BundleFusion/B_imgs_gt/office0/01106.jpg,/root/autodl-tmp/Inpainting/masks/irregular_mask/mask_rates_20_30/0004122.png,0138_center.png,01106.jpg,0004122.png,0138_center,01106,0004122,"[256, 256]","[256, 256]","[256, 256]",False,False,0.298583984375,19568,8.378614582504587,7.450766470922305,0.004434346687048674,0.0052709802985191345,8.84290951921071,0.005306271370500326,0.7969040274620056,0.204010009765625,7.061922694169289,0.004214612767100334,False,0,0,553,pred[553] <-> gt[553] <-> mask[553]
554,554,554,results/B_mask_20_30_reliability_inference/line_debug/0138_reliability.png,/root/autodl-tmp/Inpainting/BundleFusion/B_imgs_gt/office0/01108.jpg,/root/autodl-tmp/Inpainting/masks/irregular_mask/mask_rates_20_30/0004125.png,0138_reliability.png,01108.jpg,0004125.png,0138_reliability,01108,0004125,"[256, 256]","[256, 256]","[256, 256]",False,False,0.2631683349609375,17247,8.519271746245183,7.921302978936358,0.007388407830148935,0.007408068981021643,8.754501897249982,0.008755187503993511,0.7810481786727905,0.3502349853515625,8.471620492071875,0.007388407830148935,False,0,0,554,pred[554] <-> gt[554] <-> mask[554]
555,555,555,results/B_mask_20_30_reliability_inference/line_debug/0138_soft.png,/root/autodl-tmp/Inpainting/BundleFusion/B_imgs_gt/office0/01110.jpg,/root/autodl-tmp/Inpainting/masks/irregular_mask/mask_rates_20_30/0004126.png,0138_soft.png,01110.jpg,0004126.png,0138_soft,01110,0004126,"[256, 256]","[256, 256]","[256, 256]",False,False,0.2322540283203125,15221,9.01168514183299,7.993848134793213,0.009547814726829529,0.009561323560774326,9.37331642100809,0.01084485650062561,0.7616883516311646,0.273529052734375,7.7619699212371955,0.00897966232150793,False,0,0,555,pred[555] <-> gt[555] <-> mask[555]
556,556,556,results/B_mask_20_30_reliability_inference/frames/0139.png,/root/autodl-tmp/Inpainting/BundleFusion/B_imgs_gt/office0/01112.jpg,/root/autodl-tmp/Inpainting/masks/irregular_mask/mask_rates_20_30/0004135.png,0139.png,01112.jpg,0004135.png,0139,01112,0004135,"[256, 256]","[256, 256]","[256, 256]",False,False,0.2435455322265625,15961,8.892653565026384,9.047100755756611,0.35722336173057556,0.34820058941841125,8.844074279698035,0.3745328187942505,0.7064107060432434,0.3451690673828125,9.34929281836014,0.35895469784736633,True,0,0,556,pred[556] <-> gt[556] <-> mask[556]
557,557,557,results/B_mask_20_30_reliability_inference/line_debug/0139_center.png,/root/autodl-tmp/Inpainting/BundleFusion/B_imgs_gt/office0/01114.jpg,/root/autodl-tmp/Inpainting/masks/irregular_mask/mask_rates_20_30/0004137.png,0139_center.png,01114.jpg,0004137.png,0139_center,01114,0004137,"[256, 256]","[256, 256]","[256, 256]",False,False,0.259490966796875,17006,10.00064358869896,7.780916390899112,0.018359333276748657,0.023150354623794556,11.157117982908435,0.020139841362833977,0.7666658759117126,0.282073974609375,11.0079274980387,0.021102875471115112,False,0,0,557,pred[557] <-> gt[557] <-> mask[557]
558,558,558,results/B_mask_20_30_reliability_inference/line_debug/0139_reliability.png,/root/autodl-tmp/Inpainting/BundleFusion/B_imgs_gt/office0/01116.jpg,/root/autodl-tmp/Inpainting/masks/irregular_mask/mask_rates_20_30/0004143.png,0139_reliability.png,01116.jpg,0004143.png,0139_reliability,01116,0004143,"[256, 256]","[256, 256]","[256, 256]",False,False,0.2218475341796875,14539,10.785772997279528,16.96958969370958,0.043227147310972214,0.06593800336122513,9.934828707803486,0.026993006467819214,0.7316059470176697,0.283843994140625,12.367701419914734,0.051930446177721024,True,0,0,558,pred[558] <-> gt[558] <-> mask[558]
559,559,559,results/B_mask_20_30_reliability_inference/line_debug/0139_soft.png,/root/autodl-tmp/Inpainting/BundleFusion/B_imgs_gt/office0/01118.jpg,/root/autodl-tmp/Inpainting/masks/irregular_mask/mask_rates_20_30/0004146.png,0139_soft.png,01118.jpg,0004146.png,0139_soft,01118,0004146,"[256, 256]","[256, 256]","[256, 256]",False,False,0.2965545654296875,19435,11.161546943274377,10.553937643458017,0.043877944350242615,0.05419020727276802,11.44557168505229,0.03641751781105995,0.7212748527526855,0.354400634765625,11.00972432830689,0.049497321248054504,False,0,0,559,pred[559] <-> gt[559] <-> mask[559]
560,560,560,results/B_mask_20_30_reliability_inference/frames/0140.png,/root/autodl-tmp/Inpainting/BundleFusion/B_imgs_gt/office0/01120.jpg,/root/autodl-tmp/Inpainting/masks/irregular_mask/mask_rates_20_30/0004152.png,0140.png,01120.jpg,0004152.png,0140,01120,0004152,"[256, 256]","[256, 256]","[256, 256]",False,False,0.23541259765625,15428,6.746185849664579,6.674709113281956,0.27747464179992676,0.21294288337230682,6.768431802347664,0.30322036147117615,0.7050143480300903,0.270843505859375,5.174358097369616,0.21632052958011627,False,0,0,560,pred[560] <-> gt[560] <-> mask[560]
561,561,561,results/B_mask_20_30_reliability_inference/line_debug/0140_center.png,/root/autodl-tmp/Inpainting/BundleFusion/B_imgs_gt/office0/01122.jpg,/root/autodl-tmp/Inpainting/masks/irregular_mask/mask_rates_20_30/0004159.png,0140_center.png,01122.jpg,0004159.png,0140_center,01122,0004159,"[256, 256]","[256, 256]","[256, 256]",False,False,0.232208251953125,15218,10.583542067338666,11.242456581563996,0.022685104981064796,0.023135460913181305,10.40247051139695,0.02354469709098339,0.760377049446106,0.45184326171875,10.708700989573787,0.022685104981064796,True,0,0,561,pred[561] <-> gt[561] <-> mask[561]
562,562,562,results/B_mask_20_30_reliability_inference/line_debug/0140_reliability.png,/root/autodl-tmp/Inpainting/BundleFusion/B_imgs_gt/office0/01124.jpg,/root/autodl-tmp/Inpainting/masks/irregular_mask/mask_rates_20_30/0004160.png,0140_reliability.png,01124.jpg,0004160.png,0140_reliability,01124,0004160,"[256, 256]","[256, 256]","[256, 256]",False,False,0.2783966064453125,18245,10.9024141351441,9.54712202135619,0.03767424821853638,0.035823237150907516,11.56399544363522,0.03342822566628456,0.7320253849029541,0.245086669921875,9.153292153285317,0.03767424821853638,False,0,0,562,pred[562] <-> gt[562] <-> mask[562]
563,563,563,results/B_mask_20_30_reliability_inference/line_debug/0140_soft.png,/root/autodl-tmp/Inpainting/BundleFusion/B_imgs_gt/office0/01126.jpg,/root/autodl-tmp/Inpainting/masks/irregular_mask/mask_rates_20_30/0004166.png,0140_soft.png,01126.jpg,0004166.png,0140_soft,01126,0004166,"[256, 256]","[256, 256]","[256, 256]",False,False,0.293426513671875,19230,10.345280130663102,13.368506780243232,0.03613653406500816,0.04144671931862831,9.523685249176223,0.03085957281291485,0.7473850846290588,0.383758544921875,11.925927138579123,0.03709325194358826,True,0,0,563,pred[563] <-> gt[563] <-> mask[563]
564,564,564,results/B_mask_20_30_reliability_inference/frames/0141.png,/root/autodl-tmp/Inpainting/BundleFusion/B_imgs_gt/office0/01128.jpg,/root/autodl-tmp/Inpainting/masks/irregular_mask/mask_rates_20_30/0004168.png,0141.png,01128.jpg,0004168.png,0141,01128,0004168,"[256, 256]","[256, 256]","[256, 256]",False,False,0.2013092041015625,13193,7.489293961469259,7.405465187697017,0.2920462489128113,0.2751864194869995,7.5106807124188855,0.29071784019470215,0.7100042104721069,0.2830810546875,6.965220143391897,0.2580053508281708,False,0,0,564,pred[564] <-> gt[564] <-> mask[564]
565,565,565,results/B_mask_20_30_reliability_inference/line_debug/0141_center.png,/root/autodl-tmp/Inpainting/BundleFusion/B_imgs_gt/office0/01130.jpg,/root/autodl-tmp/Inpainting/masks/irregular_mask/mask_rates_20_30/0004169.png,0141_center.png,01130.jpg,0004169.png,0141_center,01130,0004169,"[256, 256]","[256, 256]","[256, 256]",False,False,0.2386627197265625,15641,8.767350533564013,8.779743754427082,0.014467720873653889,0.01520631741732359,8.763473135458241,0.011455995962023735,0.7524550557136536,0.2725830078125,8.365382045246406,0.01564776711165905,True,0,0,565,pred[565] <-> gt[565] <-> mask[565]
566,566,566,results/B_mask_20_30_reliability_inference/line_debug/0141_reliability.png,/root/autodl-tmp/Inpainting/BundleFusion/B_imgs_gt/office0/01132.jpg,/root/autodl-tmp/Inpainting/masks/irregular_mask/mask_rates_20_30/0004180.png,0141_reliability.png,01132.jpg,0004180.png,0141_reliability,01132,0004180,"[256, 256]","[256, 256]","[256, 256]",False,False,0.212432861328125,13922,8.836156505603567,11.484591708444878,0.02351018227636814,0.026367926970124245,8.331787884331032,0.022449083626270294,0.762730062007904,0.2305755615234375,10.397100637622154,0.024012932553887367,True,0,0,566,pred[566] <-> gt[566] <-> mask[566]
567,567,567,results/B_mask_20_30_reliability_inference/line_debug/0141_soft.png,/root/autodl-tmp/Inpainting/BundleFusion/B_imgs_gt/office0/01134.jpg,/root/autodl-tmp/Inpainting/masks/irregular_mask/mask_rates_20_30/0004184.png,0141_soft.png,01134.jpg,0004184.png,0141_soft,01134,0004184,"[256, 256]","[256, 256]","[256, 256]",False,False,0.284454345703125,18642,8.515056454856975,7.785561402918546,0.018718866631388664,0.018619881942868233,8.842903569767484,0.018091365694999695,0.7478061318397522,0.37664794921875,9.30155385945634,0.018718866631388664,False,0,0,567,pred[567] <-> gt[567] <-> mask[567]
568,568,568,results/B_mask_20_30_reliability_inference/frames/0142.png,/root/autodl-tmp/Inpainting/BundleFusion/B_imgs_gt/office0/01136.jpg,/root/autodl-tmp/Inpainting/masks/irregular_mask/mask_rates_20_30/0004193.png,0142.png,01136.jpg,0004193.png,0142,01136,0004193,"[256, 256]","[256, 256]","[256, 256]",False,False,0.2260894775390625,14817,8.272165798990953,9.100377154814204,0.2541625499725342,0.23596210777759552,8.05728881300449,0.2504631578922272,0.7051328420639038,0.26708984375,6.991281575666578,0.2503513693809509,True,0,0,568,pred[568] <-> gt[568] <-> mask[568]
569,569,569,results/B_mask_20_30_reliability_inference/line_debug/0142_center.png,/root/autodl-tmp/Inpainting/BundleFusion/B_imgs_gt/office0/01138.jpg,/root/autodl-tmp/Inpainting/masks/irregular_mask/mask_rates_20_30/0004197.png,0142_center.png,01138.jpg,0004197.png,0142_center,01138,0004197,"[256, 256]","[256, 256]","[256, 256]",False,False,0.2430419921875,15928,7.7325269772056355,8.008010594475364,0.0070963576436042786,0.0070963576436042786,7.6476571458357645,0.006243100389838219,0.751246988773346,0.372955322265625,7.378149280375295,0.0070963576436042786,True,0,0,569,pred[569] <-> gt[569] <-> mask[569]
570,570,570,results/B_mask_20_30_reliability_inference/line_debug/0142_reliability.png,/root/autodl-tmp/Inpainting/BundleFusion/B_imgs_gt/office0/01140.jpg,/root/autodl-tmp/Inpainting/masks/irregular_mask/mask_rates_20_30/0004203.png,0142_reliability.png,01140.jpg,0004203.png,0142_reliability,01140,0004203,"[256, 256]","[256, 256]","[256, 256]",False,False,0.2020263671875,13240,7.5148982476984685,7.265221354858433,0.012748725712299347,0.007727040443569422,7.580454535932908,0.013419520109891891,0.74764084815979,0.153656005859375,6.870011722500378,0.008152843452990055,False,0,0,570,pred[570] <-> gt[570] <-> mask[570]
571,571,571,results/B_mask_20_30_reliability_inference/line_debug/0142_soft.png,/root/autodl-tmp/Inpainting/BundleFusion/B_imgs_gt/office0/01142.jpg,/root/autodl-tmp/Inpainting/masks/irregular_mask/mask_rates_20_30/0004214.png,0142_soft.png,01142.jpg,0004214.png,0142_soft,01142,0004214,"[256, 256]","[256, 256]","[256, 256]",False,False,0.2108917236328125,13821,7.040619747710675,6.6285987580178425,0.013038749806582928,0.007158415857702494,7.157690482314046,0.015073616988956928,0.7794440984725952,0.3130035400390625,7.0524410556083375,0.013248310424387455,False,0,0,571,pred[571] <-> gt[571] <-> mask[571]
572,572,572,results/B_mask_20_30_reliability_inference/frames/0143.png,/root/autodl-tmp/Inpainting/BundleFusion/B_imgs_gt/office0/01144.jpg,/root/autodl-tmp/Inpainting/masks/irregular_mask/mask_rates_20_30/0004218.png,0143.png,01144.jpg,0004218.png,0143,01144,0004218,"[256, 256]","[256, 256]","[256, 256]",False,False,0.2420501708984375,15863,9.658576302258844,10.399297311179513,0.35255077481269836,0.32532012462615967,9.44637104228243,0.34130385518074036,0.7215750217437744,0.1707305908203125,8.754830794109923,0.3844555616378784,True,0,0,572,pred[572] <-> gt[572] <-> mask[572]
573,573,573,results/B_mask_20_30_reliability_inference/line_debug/0143_center.png,/root/autodl-tmp/Inpainting/BundleFusion/B_imgs_gt/office0/01146.jpg,/root/autodl-tmp/Inpainting/masks/irregular_mask/mask_rates_20_30/0004231.png,0143_center.png,01146.jpg,0004231.png,0143_center,01146,0004231,"[256, 256]","[256, 256]","[256, 256]",False,False,0.2900238037109375,19007,6.185955788373791,6.174243577774202,0.0007086992263793945,0.0007069727871567011,6.190749830399659,-5.036000584368594e-05,0.8051301836967468,0.3870849609375,5.953428701404868,0.0007086992263793945,False,0,0,573,pred[573] <-> gt[573] <-> mask[573]
574,574,574,results/B_mask_20_30_reliability_inference/line_debug/0143_reliability.png,/root/autodl-tmp/Inpainting/BundleFusion/B_imgs_gt/office0/01148.jpg,/root/autodl-tmp/Inpainting/masks/irregular_mask/mask_rates_20_30/0004236.png,0143_reliability.png,01148.jpg,0004236.png,0143_reliability,01148,0004236,"[256, 256]","[256, 256]","[256, 256]",False,False,0.277191162109375,18166,6.319274573725196,7.132835537357781,0.010649670846760273,0.006566452328115702,6.04369220260213,0.011732843704521656,0.7988625764846802,0.1291961669921875,6.899684130838945,0.006462836172431707,True,0,0,574,pred[574] <-> gt[574] <-> mask[574]
575,575,575,results/B_mask_20_30_reliability_inference/line_debug/0143_soft.png,/root/autodl-tmp/Inpainting/BundleFusion/B_imgs_gt/office0/01150.jpg,/root/autodl-tmp/Inpainting/masks/irregular_mask/mask_rates_20_30/0004240.png,0143_soft.png,01150.jpg,0004240.png,0143_soft,01150,0004240,"[256, 256]","[256, 256]","[256, 256]",False,False,0.2598419189453125,17029,6.2402219638573,6.091752522760968,0.009567325003445148,0.009859651327133179,6.293570968608121,0.009781362488865852,0.8043220639228821,0.388031005859375,6.262158499690573,0.009567325003445148,False,0,0,575,pred[575] <-> gt[575] <-> mask[575]
576,576,576,results/B_mask_20_30_reliability_inference/frames/0144.png,/root/autodl-tmp/Inpainting/BundleFusion/B_imgs_gt/office0/01152.jpg,/root/autodl-tmp/Inpainting/masks/irregular_mask/mask_rates_20_30/0004255.png,0144.png,01152.jpg,0004255.png,0144,01152,0004255,"[256, 256]","[256, 256]","[256, 256]",False,False,0.20819091796875,13644,9.145789741301616,10.728999321957007,0.3883483409881592,0.4355520009994507,8.810255594797244,0.383123517036438,0.7331251502037048,0.294921875,10.310995175458583,0.4368082284927368,True,0,0,576,pred[576] <-> gt[576] <-> mask[576]
577,577,577,results/B_mask_20_30_reliability_inference/line_debug/0144_center.png,/root/autodl-tmp/Inpainting/BundleFusion/B_imgs_gt/office0/01154.jpg,/root/autodl-tmp/Inpainting/masks/irregular_mask/mask_rates_20_30/0004256.png,0144_center.png,01154.jpg,0004256.png,0144_center,01154,0004256,"[256, 256]","[256, 256]","[256, 256]",False,False,0.2955474853515625,19369,5.582442353735077,5.602257184533252,0.0012246283004060388,0.0011045454302802682,5.574156092769607,0.001406466355547309,0.8536808490753174,0.2724609375,5.351581716504943,0.0012178662000223994,True,0,0,577,pred[577] <-> gt[577] <-> mask[577]
578,578,578,results/B_mask_20_30_reliability_inference/line_debug/0144_reliability.png,/root/autodl-tmp/Inpainting/BundleFusion/B_imgs_gt/office0/01156.jpg,/root/autodl-tmp/Inpainting/masks/irregular_mask/mask_rates_20_30/0004268.png,0144_reliability.png,01156.jpg,0004268.png,0144_reliability,01156,0004268,"[256, 256]","[256, 256]","[256, 256]",False,False,0.22906494140625,15012,5.574106546761125,4.688799376076732,0.0053447275422513485,0.005832567345350981,5.87614847465497,0.005335185211151838,0.8664950132369995,0.3253631591796875,5.614889410740156,0.00556443864479661,False,0,0,578,pred[578] <-> gt[578] <-> mask[578]
579,579,579,results/B_mask_20_30_reliability_inference/line_debug/0144_soft.png,/root/autodl-tmp/Inpainting/BundleFusion/B_imgs_gt/office0/01158.jpg,/root/autodl-tmp/Inpainting/masks/irregular_mask/mask_rates_20_30/0004276.png,0144_soft.png,01158.jpg,0004276.png,0144_soft,01158,0004276,"[256, 256]","[256, 256]","[256, 256]",False,False,0.2564849853515625,16809,5.535753690184969,7.1920678892195635,0.005604076664894819,0.00598057359457016,5.084944925092538,0.005291202571243048,0.859300971031189,0.411895751953125,6.3064765914095124,0.005691779311746359,True,0,0,579,pred[579] <-> gt[579] <-> mask[579]
580,580,580,results/B_mask_20_30_reliability_inference/frames/0145.png,/root/autodl-tmp/Inpainting/BundleFusion/B_imgs_gt/office0/01160.jpg,/root/autodl-tmp/Inpainting/masks/irregular_mask/mask_rates_20_30/0004284.png,0145.png,01160.jpg,0004284.png,0145,01160,0004284,"[256, 256]","[256, 256]","[256, 256]",False,False,0.2621612548828125,17181,7.59087620805442,6.949129698137433,0.3845481872558594,0.36087754368782043,7.843828541573057,0.410682737827301,0.7497596740722656,0.4203643798828125,7.790375967248314,0.37048426270484924,False,0,0,580,pred[580] <-> gt[580] <-> mask[580]
581,581,581,results/B_mask_20_30_reliability_inference/line_debug/0145_center.png,/root/autodl-tmp/Inpainting/BundleFusion/B_imgs_gt/office0/01162.jpg,/root/autodl-tmp/Inpainting/masks/irregular_mask/mask_rates_20_30/0004286.png,0145_center.png,01162.jpg,0004286.png,0145_center,01162,0004286,"[256, 256]","[256, 256]","[256, 256]",False,False,0.2609710693359375,17103,5.679427508281069,6.6590930217774735,0.0011994958622381091,0.0015638540498912334,5.380268861421272,0.0006736976210959256,0.8415958285331726,0.3750762939453125,6.552231194348796,0.0012094383127987385,True,0,0,581,pred[581] <-> gt[581] <-> mask[581]
582,582,582,results/B_mask_20_30_reliability_inference/line_debug/0145_reliability.png,/root/autodl-tmp/Inpainting/BundleFusion/B_imgs_gt/office0/01164.jpg,/root/autodl-tmp/Inpainting/masks/irregular_mask/mask_rates_20_30/0004288.png,0145_reliability.png,01164.jpg,0004288.png,0145_reliability,01164,0004288,"[256, 256]","[256, 256]","[256, 256]",False,False,0.28143310546875,18444,5.843454011457233,6.754100063671822,0.005630422383546829,0.005689783021807671,5.5330635966391375,0.005652840249240398,0.8366750478744507,0.4707183837890625,6.087910863205056,0.005630422383546829,True,0,0,582,pred[582] <-> gt[582] <-> mask[582]
583,583,583,results/B_mask_20_30_reliability_inference/line_debug/0145_soft.png,/root/autodl-tmp/Inpainting/BundleFusion/B_imgs_gt/office0/01166.jpg,/root/autodl-tmp/Inpainting/masks/irregular_mask/mask_rates_20_30/0004311.png,0145_soft.png,01166.jpg,0004311.png,0145_soft,01166,0004311,"[256, 256]","[256, 256]","[256, 256]",False,False,0.2568206787109375,16831,5.75925242033379,5.4444975828090305,0.005221849773079157,0.0035723159089684486,5.873552192077418,0.005756725557148457,0.8348730802536011,0.32086181640625,5.1612607733942415,0.004084179177880287,False,0,0,583,pred[583] <-> gt[583] <-> mask[583]
584,584,584,results/B_mask_20_30_reliability_inference/frames/0146.png,/root/autodl-tmp/Inpainting/BundleFusion/B_imgs_gt/office0/01168.jpg,/root/autodl-tmp/Inpainting/masks/irregular_mask/mask_rates_20_30/0004313.png,0146.png,01168.jpg,0004313.png,0146,01168,0004313,"[256, 256]","[256, 256]","[256, 256]",False,False,0.2775421142578125,18189,8.847339364612793,9.344757323705677,0.42980992794036865,0.3986999988555908,8.670438455371752,0.40417638421058655,0.7090048789978027,0.32843017578125,10.10435529153657,0.4121842384338379,True,0,0,584,pred[584] <-> gt[584] <-> mask[584]
585,585,585,results/B_mask_20_30_reliability_inference/line_debug/0146_center.png,/root/autodl-tmp/Inpainting/BundleFusion/B_imgs_gt/office0/01170.jpg,/root/autodl-tmp/Inpainting/masks/irregular_mask/mask_rates_20_30/0004315.png,0146_center.png,01170.jpg,0004315.png,0146_center,01170,0004315,"[256, 256]","[256, 256]","[256, 256]",False,False,0.204376220703125,13394,5.084017142933134,3.962029728290241,0.000358481309376657,0.0008197471033781767,5.42599966030509,0.0001251353824045509,0.8300684690475464,0.1804962158203125,4.974858441570968,0.0004670009948313236,False,0,0,585,pred[585] <-> gt[585] <-> mask[585]
586,586,586,results/B_mask_20_30_reliability_inference/line_debug/0146_reliability.png,/root/autodl-tmp/Inpainting/BundleFusion/B_imgs_gt/office0/01172.jpg,/root/autodl-tmp/Inpainting/masks/irregular_mask/mask_rates_20_30/0004317.png,0146_reliability.png,01172.jpg,0004317.png,0146_reliability,01172,0004317,"[256, 256]","[256, 256]","[256, 256]",False,False,0.2425537109375,15896,4.836997168538685,4.270081750874017,0.0038089677691459656,0.0031549774575978518,5.035383093183774,0.003940235357731581,0.8383108973503113,0.306671142578125,4.222136005451709,0.0034713230561465025,False,0,0,586,pred[586] <-> gt[586] <-> mask[586]
587,587,587,results/B_mask_20_30_reliability_inference/line_debug/0146_soft.png,/root/autodl-tmp/Inpainting/BundleFusion/B_imgs_gt/office0/01174.jpg,/root/autodl-tmp/Inpainting/masks/irregular_mask/mask_rates_20_30/0004324.png,0146_soft.png,01174.jpg,0004324.png,0146_soft,01174,0004324,"[256, 256]","[256, 256]","[256, 256]",False,False,0.2537078857421875,16627,4.6471746030867696,4.880633331277622,0.003728895215317607,0.0031180058140307665,4.570583527329214,0.004342736676335335,0.8430257439613342,0.3037872314453125,4.640448261162647,0.0026503705885261297,True,0,0,587,pred[587] <-> gt[587] <-> mask[587]
588,588,588,results/B_mask_20_30_reliability_inference/frames/0147.png,/root/autodl-tmp/Inpainting/BundleFusion/B_imgs_gt/office0/01176.jpg,/root/autodl-tmp/Inpainting/masks/irregular_mask/mask_rates_20_30/0004330.png,0147.png,01176.jpg,0004330.png,0147,01176,0004330,"[256, 256]","[256, 256]","[256, 256]",False,False,0.237457275390625,15562,9.320876485709162,10.943418959958006,0.48485633730888367,0.5534161329269409,8.91849376501691,0.4540904760360718,0.7308127880096436,0.26904296875,10.713023260378382,0.5733614563941956,True,0,0,588,pred[588] <-> gt[588] <-> mask[588]
589,589,589,results/B_mask_20_30_reliability_inference/line_debug/0147_center.png,/root/autodl-tmp/Inpainting/BundleFusion/B_imgs_gt/office0/01178.jpg,/root/autodl-tmp/Inpainting/masks/irregular_mask/mask_rates_20_30/0004337.png,0147_center.png,01178.jpg,0004337.png,0147_center,01178,0004337,"[256, 256]","[256, 256]","[256, 256]",False,False,0.2300262451171875,15075,4.469762443191792,4.377260958334857,0.0007397590088658035,0.0007397590088658035,4.497783321388258,0.0007420068723149598,0.8587668538093567,0.328521728515625,4.932567236658868,0.0007397590088658035,False,0,0,589,pred[589] <-> gt[589] <-> mask[589]
590,590,590,results/B_mask_20_30_reliability_inference/line_debug/0147_reliability.png,/root/autodl-tmp/Inpainting/BundleFusion/B_imgs_gt/office0/01180.jpg,/root/autodl-tmp/Inpainting/masks/irregular_mask/mask_rates_20_30/0004347.png,0147_reliability.png,01180.jpg,0004347.png,0147_reliability,01180,0004347,"[256, 256]","[256, 256]","[256, 256]",False,False,0.266082763671875,17438,4.470160551426184,4.355307893269549,0.00269394856877625,0.002978111384436488,4.512562575431712,0.0028263733256608248,0.8614132404327393,0.24908447265625,6.787689297531909,0.002719627460464835,False,0,0,590,pred[590] <-> gt[590] <-> mask[590]
591,591,591,results/B_mask_20_30_reliability_inference/line_debug/0147_soft.png,/root/autodl-tmp/Inpainting/BundleFusion/B_imgs_gt/office0/01182.jpg,/root/autodl-tmp/Inpainting/masks/irregular_mask/mask_rates_20_30/0004368.png,0147_soft.png,01182.jpg,0004368.png,0147_soft,01182,0004368,"[256, 256]","[256, 256]","[256, 256]",False,False,0.274017333984375,17958,4.334039745045794,5.41485484736431,0.002607861766591668,0.002715146169066429,3.9871257617225058,0.0026942016556859016,0.8663451075553894,0.348236083984375,3.78409603246068,0.002607861766591668,True,0,0,591,pred[591] <-> gt[591] <-> mask[591]
592,592,592,results/B_mask_20_30_reliability_inference/frames/0148.png,/root/autodl-tmp/Inpainting/BundleFusion/B_imgs_gt/office0/01184.jpg,/root/autodl-tmp/Inpainting/masks/irregular_mask/mask_rates_20_30/0004372.png,0148.png,01184.jpg,0004372.png,0148,01184,0004372,"[256, 256]","[256, 256]","[256, 256]",False,False,0.2018280029296875,13227,9.252808101098612,10.607722607991292,0.5331141948699951,0.6642458438873291,8.968037871853113,0.4840773642063141,0.7017371654510498,0.2958221435546875,11.067316533624185,0.6314671635627747,True,0,0,592,pred[592] <-> gt[592] <-> mask[592]
593,593,593,results/B_mask_20_30_reliability_inference/line_debug/0148_center.png,/root/autodl-tmp/Inpainting/BundleFusion/B_imgs_gt/office0/01186.jpg,/root/autodl-tmp/Inpainting/masks/irregular_mask/mask_rates_20_30/0004382.png,0148_center.png,01186.jpg,0004382.png,0148_center,01186,0004382,"[256, 256]","[256, 256]","[256, 256]",False,False,0.2165679931640625,14193,4.631713568224052,3.9118789294094425,0.0008410201407968998,0.0008240849711000919,4.8537215324873735,0.0009926417842507362,0.8722869753837585,0.253570556640625,5.252117868031453,0.0008416720665991306,False,0,0,593,pred[593] <-> gt[593] <-> mask[593]
594,594,594,results/B_mask_20_30_reliability_inference/line_debug/0148_reliability.png,/root/autodl-tmp/Inpainting/BundleFusion/B_imgs_gt/office0/01188.jpg,/root/autodl-tmp/Inpainting/masks/irregular_mask/mask_rates_20_30/0004383.png,0148_reliability.png,01188.jpg,0004383.png,0148_reliability,01188,0004383,"[256, 256]","[256, 256]","[256, 256]",False,False,0.2312164306640625,15153,4.5858434461147155,2.6153351065602743,0.0029283680487424135,0.0035214449744671583,5.4091310183881545,0.003216029843315482,0.8929157853126526,0.2434539794921875,3.832025687294526,0.0031996641773730516,False,0,0,594,pred[594] <-> gt[594] <-> mask[594]
595,595,595,results/B_mask_20_30_reliability_inference/line_debug/0148_soft.png,/root/autodl-tmp/Inpainting/BundleFusion/B_imgs_gt/office0/01190.jpg,/root/autodl-tmp/Inpainting/masks/irregular_mask/mask_rates_20_30/0004385.png,0148_soft.png,01190.jpg,0004385.png,0148_soft,01190,0004385,"[256, 256]","[256, 256]","[256, 256]",False,False,0.284759521484375,18662,4.977336267850897,4.133615216498092,0.0034452390391379595,0.0037484827917069197,5.3648860577348065,0.0032791499979794025,0.8794762492179871,0.2504425048828125,3.7575239572760095,0.0035077806096524,False,0,0,595,pred[595] <-> gt[595] <-> mask[595]
596,596,596,results/B_mask_20_30_reliability_inference/frames/0149.png,/root/autodl-tmp/Inpainting/BundleFusion/B_imgs_gt/office0/01192.jpg,/root/autodl-tmp/Inpainting/masks/irregular_mask/mask_rates_20_30/0004390.png,0149.png,01192.jpg,0004390.png,0149,01192,0004390,"[256, 256]","[256, 256]","[256, 256]",False,False,0.2547760009765625,16697,9.558450529858561,10.407152925630456,0.5529221892356873,0.6409521698951721,9.302576379650157,0.5166135430335999,0.6560905575752258,0.336090087890625,10.492118877390212,0.5944303870201111,True,0,0,596,pred[596] <-> gt[596] <-> mask[596]
597,597,597,results/B_mask_20_30_reliability_inference/line_debug/0149_center.png,/root/autodl-tmp/Inpainting/BundleFusion/B_imgs_gt/office0/01194.jpg,/root/autodl-tmp/Inpainting/masks/irregular_mask/mask_rates_20_30/0004405.png,0149_center.png,01194.jpg,0004405.png,0149_center,01194,0004405,"[256, 256]","[256, 256]","[256, 256]",False,False,0.294403076171875,19294,5.250083230450815,4.59379979839457,0.0009194750455208123,0.001129286945797503,5.556224499578097,0.0008362818625755608,0.8869285583496094,0.38702392578125,5.600810224939443,0.0010855719447135925,False,0,0,597,pred[597] <-> gt[597] <-> mask[597]
598,598,598,results/B_mask_20_30_reliability_inference/line_debug/0149_reliability.png,/root/autodl-tmp/Inpainting/BundleFusion/B_imgs_gt/office0/01196.jpg,/root/autodl-tmp/Inpainting/masks/irregular_mask/mask_rates_20_30/0004414.png,0149_reliability.png,01196.jpg,0004414.png,0149_reliability,01196,0004414,"[256, 256]","[256, 256]","[256, 256]",False,False,0.210357666015625,13786,5.430997630206681,8.35770614075672,0.0033518474083393812,0.0033518474083393812,4.8978711900428475,0.0020019207149744034,0.8664339184761047,0.2849578857421875,6.428305130397851,0.0033518474083393812,True,0,0,598,pred[598] <-> gt[598] <-> mask[598]
599,599,599,results/B_mask_20_30_reliability_inference/line_debug/0149_soft.png,/root/autodl-tmp/Inpainting/BundleFusion/B_imgs_gt/office0/01198.jpg,/root/autodl-tmp/Inpainting/masks/irregular_mask/mask_rates_20_30/0004416.png,0149_soft.png,01198.jpg,0004416.png,0149_soft,01198,0004416,"[256, 256]","[256, 256]","[256, 256]",False,False,0.2983245849609375,19551,5.59954917748402,3.4856241029999473,0.0038600957486778498,0.0038600957486778498,6.9460418226335285,0.004315205384045839,0.8581638336181641,0.253509521484375,5.811270833873046,0.0038600957486778498,False,0,0,599,pred[599] <-> gt[599] <-> mask[599]
600,600,600,results/B_mask_20_30_reliability_inference/frames/0150.png,/root/autodl-tmp/Inpainting/BundleFusion/B_imgs_gt/office0/01200.jpg,/root/autodl-tmp/Inpainting/masks/irregular_mask/mask_rates_20_30/0004428.png,0150.png,01200.jpg,0004428.png,0150,01200,0004428,"[256, 256]","[256, 256]","[256, 256]",False,False,0.2845916748046875,18651,10.326459286787399,10.256267750144888,0.5779610276222229,0.6005780696868896,10.354700267093024,0.5684288740158081,0.6127492189407349,0.406585693359375,9.965884235837954,0.5908099412918091,False,0,0,600,pred[600] <-> gt[600] <-> mask[600]
601,601,601,results/B_mask_20_30_reliability_inference/line_debug/0150_center.png,/root/autodl-tmp/Inpainting/BundleFusion/B_imgs_gt/office0/01202.jpg,/root/autodl-tmp/Inpainting/masks/irregular_mask/mask_rates_20_30/0004435.png,0150_center.png,01202.jpg,0004435.png,0150_center,01202,0004435,"[256, 256]","[256, 256]","[256, 256]",False,False,0.2296600341796875,15051,5.830250501257337,5.899784515484933,0.0008596230181865394,0.000855985505040735,5.809734791108568,0.0011166927870362997,0.8664489388465881,0.2768402099609375,4.799541804633742,0.0008596230181865394,True,0,0,601,pred[601] <-> gt[601] <-> mask[601]
602,602,602,results/B_mask_20_30_reliability_inference/line_debug/0150_reliability.png,/root/autodl-tmp/Inpainting/BundleFusion/B_imgs_gt/office0/01204.jpg,/root/autodl-tmp/Inpainting/masks/irregular_mask/mask_rates_20_30/0004436.png,0150_reliability.png,01204.jpg,0004436.png,0150_reliability,01204,0004436,"[256, 256]","[256, 256]","[256, 256]",False,False,0.2096405029296875,13739,6.182008830346842,7.786234211112809,0.005007863510400057,0.005343541037291288,5.840059699262831,0.004478455521166325,0.8450785279273987,0.4214935302734375,6.985924533874907,0.005007863510400057,True,0,0,602,pred[602] <-> gt[602] <-> mask[602]
603,603,603,results/B_mask_20_30_reliability_inference/line_debug/0150_soft.png,/root/autodl-tmp/Inpainting/BundleFusion/B_imgs_gt/office0/01206.jpg,/root/autodl-tmp/Inpainting/masks/irregular_mask/mask_rates_20_30/0004439.png,0150_soft.png,01206.jpg,0004439.png,0150_soft,01206,0004439,"[256, 256]","[256, 256]","[256, 256]",False,False,0.2474212646484375,16215,6.5733995033748585,7.659222559402944,0.004681530874222517,0.0042855083011090755,6.268504788195517,0.005420951638370752,0.8558276295661926,0.3656005859375,7.438138019055777,0.004740459378808737,True,0,0,603,pred[603] <-> gt[603] <-> mask[603]
604,604,604,results/B_mask_20_30_reliability_inference/frames/0151.png,/root/autodl-tmp/Inpainting/BundleFusion/B_imgs_gt/office0/01208.jpg,/root/autodl-tmp/Inpainting/masks/irregular_mask/mask_rates_20_30/0004442.png,0151.png,01208.jpg,0004442.png,0151,01208,0004442,"[256, 256]","[256, 256]","[256, 256]",False,False,0.2592010498046875,16987,10.659983796457444,11.137314238294465,0.5401740074157715,0.5616722702980042,10.504631659160871,0.5383179783821106,0.6007728576660156,0.3165435791015625,10.357730358633146,0.5478553771972656,True,0,0,604,pred[604] <-> gt[604] <-> mask[604]
605,605,605,results/B_mask_20_30_reliability_inference/line_debug/0151_center.png,/root/autodl-tmp/Inpainting/BundleFusion/B_imgs_gt/office0/01210.jpg,/root/autodl-tmp/Inpainting/masks/irregular_mask/mask_rates_20_30/0004455.png,0151_center.png,01210.jpg,0004455.png,0151_center,01210,0004455,"[256, 256]","[256, 256]","[256, 256]",False,False,0.251617431640625,16490,7.593649486400139,8.356143954451799,0.0033682731445878744,0.0033682731445878744,7.364674009941661,0.003850755048915744,0.8238365054130554,0.2967681884765625,8.450279464687672,0.0033682731445878744,True,0,0,605,pred[605] <-> gt[605] <-> mask[605]
606,606,606,results/B_mask_20_30_reliability_inference/line_debug/0151_reliability.png,/root/autodl-tmp/Inpainting/BundleFusion/B_imgs_gt/office0/01212.jpg,/root/autodl-tmp/Inpainting/masks/irregular_mask/mask_rates_20_30/0004470.png,0151_reliability.png,01212.jpg,0004470.png,0151_reliability,01212,0004470,"[256, 256]","[256, 256]","[256, 256]",False,False,0.2224273681640625,14577,8.23547135434032,8.42015779226491,0.0059265210293233395,0.004991829860955477,8.18405436969024,0.005762997083365917,0.817347526550293,0.2384490966796875,8.499777803551083,0.006229750346392393,True,0,0,606,pred[606] <-> gt[606] <-> mask[606]
607,607,607,results/B_mask_20_30_reliability_inference/line_debug/0151_soft.png,/root/autodl-tmp/Inpainting/BundleFusion/B_imgs_gt/office0/01214.jpg,/root/autodl-tmp/Inpainting/masks/irregular_mask/mask_rates_20_30/0004475.png,0151_soft.png,01214.jpg,0004475.png,0151_soft,01214,0004475,"[256, 256]","[256, 256]","[256, 256]",False,False,0.27447509765625,17988,8.955174694792813,8.935829853854676,0.006887922529131174,0.006345935165882111,8.96251556645747,0.0075788418762385845,0.8029530048370361,0.3701019287109375,8.704005100886933,0.006954172160476446,False,0,0,607,pred[607] <-> gt[607] <-> mask[607]
608,608,608,results/B_mask_20_30_reliability_inference/frames/0152.png,/root/autodl-tmp/Inpainting/BundleFusion/B_imgs_gt/office0/01216.jpg,/root/autodl-tmp/Inpainting/masks/irregular_mask/mask_rates_20_30/0004484.png,0152.png,01216.jpg,0004484.png,0152,01216,0004484,"[256, 256]","[256, 256]","[256, 256]",False,False,0.2826690673828125,18525,9.97029845603214,9.413351810118424,0.38622960448265076,0.3829660713672638,10.211009640978972,0.4523223340511322,0.6822108626365662,0.2950897216796875,10.1718869583558,0.38622960448265076,False,0,0,608,pred[608] <-> gt[608] <-> mask[608]
609,609,609,results/B_mask_20_30_reliability_inference/line_debug/0152_center.png,/root/autodl-tmp/Inpainting/BundleFusion/B_imgs_gt/office0/01218.jpg,/root/autodl-tmp/Inpainting/masks/irregular_mask/mask_rates_20_30/0004503.png,0152_center.png,01218.jpg,0004503.png,0152_center,01218,0004503,"[256, 256]","[256, 256]","[256, 256]",False,False,0.2853546142578125,18701,9.020724349565686,8.594157763314831,0.0037001643795520067,0.003952029626816511,9.2034889098845,0.00359907653182745,0.813852071762085,0.3124847412109375,8.348469745582262,0.003790029091760516,False,0,0,609,pred[609] <-> gt[609] <-> mask[609]
610,610,610,results/B_mask_20_30_reliability_inference/line_debug/0152_reliability.png,/root/autodl-tmp/Inpainting/BundleFusion/B_imgs_gt/office0/01220.jpg,/root/autodl-tmp/Inpainting/masks/irregular_mask/mask_rates_20_30/0004510.png,0152_reliability.png,01220.jpg,0004510.png,0152_reliability,01220,0004510,"[256, 256]","[256, 256]","[256, 256]",False,False,0.2536163330078125,16621,9.280864196878442,8.917890939587467,0.011624771170318127,0.006696031894534826,9.411444357927598,0.013715831562876701,0.7908406257629395,0.2574462890625,10.081469508801703,0.009893428534269333,False,0,0,610,pred[610] <-> gt[610] <-> mask[610]
611,611,611,results/B_mask_20_30_reliability_inference/line_debug/0152_soft.png,/root/autodl-tmp/Inpainting/BundleFusion/B_imgs_gt/office0/01222.jpg,/root/autodl-tmp/Inpainting/masks/irregular_mask/mask_rates_20_30/0004513.png,0152_soft.png,01222.jpg,0004513.png,0152_soft,01222,0004513,"[256, 256]","[256, 256]","[256, 256]",False,False,0.203582763671875,13342,9.446030251582759,10.320453456288416,0.013767915777862072,0.011119593866169453,9.248150119494865,0.013246266171336174,0.7986000180244446,0.341278076171875,8.50915562257748,0.012672699987888336,True,0,0,611,pred[611] <-> gt[611] <-> mask[611]
612,612,612,results/B_mask_20_30_reliability_inference/frames/0153.png,/root/autodl-tmp/Inpainting/BundleFusion/B_imgs_gt/office0/01224.jpg,/root/autodl-tmp/Inpainting/masks/irregular_mask/mask_rates_20_30/0004514.png,0153.png,01224.jpg,0004514.png,0153,01224,0004514,"[256, 256]","[256, 256]","[256, 256]",False,False,0.2323760986328125,15229,10.167573315173195,9.980808157821983,0.29839327931404114,0.3033890426158905,10.22573202442295,0.3006307780742645,0.7470171451568604,0.3075103759765625,9.923986406782845,0.29839327931404114,False,0,0,612,pred[612] <-> gt[612] <-> mask[612]
613,613,613,results/B_mask_20_30_reliability_inference/line_debug/0153_center.png,/root/autodl-tmp/Inpainting/BundleFusion/B_imgs_gt/office0/01226.jpg,/root/autodl-tmp/Inpainting/masks/irregular_mask/mask_rates_20_30/0004519.png,0153_center.png,01226.jpg,0004519.png,0153_center,01226,0004519,"[256, 256]","[256, 256]","[256, 256]",False,False,0.27825927734375,18236,9.675882776968747,8.543878617872426,0.007538646459579468,0.007540812715888023,10.205492937791876,0.007660916540771723,0.7699532508850098,0.3060302734375,9.501981021934897,0.00774545781314373,False,0,0,613,pred[613] <-> gt[613] <-> mask[613]
614,614,614,results/B_mask_20_30_reliability_inference/line_debug/0153_reliability.png,/root/autodl-tmp/Inpainting/BundleFusion/B_imgs_gt/office0/01228.jpg,/root/autodl-tmp/Inpainting/masks/irregular_mask/mask_rates_20_30/0004534.png,0153_reliability.png,01228.jpg,0004534.png,0153_reliability,01228,0004534,"[256, 256]","[256, 256]","[256, 256]",False,False,0.2413482666015625,15817,10.033927645172927,9.655088211253101,0.018067197874188423,0.017430884763598442,10.16172162471684,0.01798088848590851,0.7705323696136475,0.189300537109375,11.391299735986692,0.015255755744874477,False,0,0,614,pred[614] <-> gt[614] <-> mask[614]
615,615,615,results/B_mask_20_30_reliability_inference/line_debug/0153_soft.png,/root/autodl-tmp/Inpainting/BundleFusion/B_imgs_gt/office0/01230.jpg,/root/autodl-tmp/Inpainting/masks/irregular_mask/mask_rates_20_30/0004536.png,0153_soft.png,01230.jpg,0004536.png,0153_soft,01230,0004536,"[256, 256]","[256, 256]","[256, 256]",False,False,0.254730224609375,16694,10.234180831762727,10.2120848746785,0.02007652260363102,0.020587103441357613,10.241759461636606,0.020627928897738457,0.7625762224197388,0.2821044921875,10.765049402158596,0.020244792103767395,False,0,0,615,pred[615] <-> gt[615] <-> mask[615]
616,616,616,results/B_mask_20_30_reliability_inference/frames/0154.png,/root/autodl-tmp/Inpainting/BundleFusion/B_imgs_gt/office0/01232.jpg,/root/autodl-tmp/Inpainting/masks/irregular_mask/mask_rates_20_30/0004541.png,0154.png,01232.jpg,0004541.png,0154,01232,0004541,"[256, 256]","[256, 256]","[256, 256]",False,False,0.275604248046875,18062,10.456262188531024,10.569584858445323,0.2608599364757538,0.24638181924819946,10.413912128962723,0.29098138213157654,0.7362369298934937,0.4209747314453125,10.034518169091386,0.2608599364757538,True,0,0,616,pred[616] <-> gt[616] <-> mask[616]
617,617,617,results/B_mask_20_30_reliability_inference/line_debug/0154_center.png,/root/autodl-tmp/Inpainting/BundleFusion/B_imgs_gt/office0/01234.jpg,/root/autodl-tmp/Inpainting/masks/irregular_mask/mask_rates_20_30/0004543.png,0154_center.png,01234.jpg,0004543.png,0154_center,01234,0004543,"[256, 256]","[256, 256]","[256, 256]",False,False,0.2443084716796875,16011,10.36732697661386,11.120659720066147,0.013814846985042095,0.014979618601500988,10.149299487736268,0.014072132296860218,0.7951605916023254,0.2869720458984375,9.64292508562566,0.01535710971802473,True,0,0,617,pred[617] <-> gt[617] <-> mask[617]
618,618,618,results/B_mask_20_30_reliability_inference/line_debug/0154_reliability.png,/root/autodl-tmp/Inpainting/BundleFusion/B_imgs_gt/office0/01236.jpg,/root/autodl-tmp/Inpainting/masks/irregular_mask/mask_rates_20_30/0004553.png,0154_reliability.png,01236.jpg,0004553.png,0154_reliability,01236,0004553,"[256, 256]","[256, 256]","[256, 256]",False,False,0.2933807373046875,19227,10.780129825026503,10.986784346249475,0.024078816175460815,0.02423267811536789,10.697136146596506,0.02472449652850628,0.7780758142471313,0.3147735595703125,11.426122484511588,0.024078816175460815,True,0,0,618,pred[618] <-> gt[618] <-> mask[618]
619,619,619,results/B_mask_20_30_reliability_inference/line_debug/0154_soft.png,/root/autodl-tmp/Inpainting/BundleFusion/B_imgs_gt/office0/01238.jpg,/root/autodl-tmp/Inpainting/masks/irregular_mask/mask_rates_20_30/0004556.png,0154_soft.png,01238.jpg,0004556.png,0154_soft,01238,0004556,"[256, 256]","[256, 256]","[256, 256]",False,False,0.2712860107421875,17779,11.139868107915788,11.832374987520195,0.027228353545069695,0.026175620034337044,10.907873471403695,0.02816317044198513,0.7794091105461121,0.326751708984375,12.383044180317945,0.027013728395104408,True,0,0,619,pred[619] <-> gt[619] <-> mask[619]
620,620,620,results/B_mask_20_30_reliability_inference/frames/0155.png,/root/autodl-tmp/Inpainting/BundleFusion/B_imgs_gt/office0/01240.jpg,/root/autodl-tmp/Inpainting/masks/irregular_mask/mask_rates_20_30/0004565.png,0155.png,01240.jpg,0004565.png,0155,01240,0004565,"[256, 256]","[256, 256]","[256, 256]",False,False,0.2128448486328125,13949,10.503174515987745,10.0897558926902,0.23726391792297363,0.2550375163555145,10.622067550176004,0.2196054458618164,0.7356407642364502,0.2534942626953125,10.167193395561958,0.24175484478473663,False,0,0,620,pred[620] <-> gt[620] <-> mask[620]
621,621,621,results/B_mask_20_30_reliability_inference/line_debug/0155_center.png,/root/autodl-tmp/Inpainting/BundleFusion/B_imgs_gt/office0/01242.jpg,/root/autodl-tmp/Inpainting/masks/irregular_mask/mask_rates_20_30/0004569.png,0155_center.png,01242.jpg,0004569.png,0155_center,01242,0004569,"[256, 256]","[256, 256]","[256, 256]",False,False,0.27728271484375,18172,11.315171753846931,12.746249771314432,0.017862072214484215,0.015264555811882019,10.870924186166109,0.0186825729906559,0.780631422996521,0.3041534423828125,11.07437038586311,0.017150262370705605,True,0,0,621,pred[621] <-> gt[621] <-> mask[621]
622,622,622,results/B_mask_20_30_reliability_inference/line_debug/0155_reliability.png,/root/autodl-tmp/Inpainting/BundleFusion/B_imgs_gt/office0/01244.jpg,/root/autodl-tmp/Inpainting/masks/irregular_mask/mask_rates_20_30/0004572.png,0155_reliability.png,01244.jpg,0004572.png,0155_reliability,01244,0004572,"[256, 256]","[256, 256]","[256, 256]",False,False,0.298431396484375,19558,11.78625654608501,13.257837530350338,0.028291523456573486,0.023357266560196877,11.285336728936722,0.02830393612384796,0.7727608680725098,0.3477935791015625,12.621601837592033,0.025930339470505714,True,0,0,622,pred[622] <-> gt[622] <-> mask[622]
623,623,623,results/B_mask_20_30_reliability_inference/line_debug/0155_soft.png,/root/autodl-tmp/Inpainting/BundleFusion/B_imgs_gt/office0/01246.jpg,/root/autodl-tmp/Inpainting/masks/irregular_mask/mask_rates_20_30/0004574.png,0155_soft.png,01246.jpg,0004574.png,0155_soft,01246,0004574,"[256, 256]","[256, 256]","[256, 256]",False,False,0.211395263671875,13854,12.133537159076548,13.728173120672603,0.029824748635292053,0.02219557948410511,11.78974223774267,0.029787899926304817,0.7752726078033447,0.2905731201171875,13.306770496878901,0.023713940754532814,True,0,0,623,pred[623] <-> gt[623] <-> mask[623]
624,624,624,results/B_mask_20_30_reliability_inference/frames/0156.png,/root/autodl-tmp/Inpainting/BundleFusion/B_imgs_gt/office0/01248.jpg,/root/autodl-tmp/Inpainting/masks/irregular_mask/mask_rates_20_30/0004576.png,0156.png,01248.jpg,0004576.png,0156,01248,0004576,"[256, 256]","[256, 256]","[256, 256]",False,False,0.210845947265625,13818,11.365943427677188,14.176794807111222,0.2709024250507355,0.29251334071159363,10.845503542343593,0.26874440908432007,0.6862744688987732,0.229736328125,14.210814779970708,0.29606953263282776,True,0,0,624,pred[624] <-> gt[624] <-> mask[624]
625,625,625,results/B_mask_20_30_reliability_inference/line_debug/0156_center.png,/root/autodl-tmp/Inpainting/BundleFusion/B_imgs_gt/office0/01250.jpg,/root/autodl-tmp/Inpainting/masks/irregular_mask/mask_rates_20_30/0004581.png,0156_center.png,01250.jpg,0004581.png,0156_center,01250,0004581,"[256, 256]","[256, 256]","[256, 256]",False,False,0.2967529296875,19448,12.346650951583907,13.958729757042828,0.02206164039671421,0.015421636402606964,11.81259814412865,0.02297039143741131,0.76181560754776,0.27557373046875,12.611129639471148,0.016591286286711693,True,0,0,625,pred[625] <-> gt[625] <-> mask[625]
626,626,626,results/B_mask_20_30_reliability_inference/line_debug/0156_reliability.png,/root/autodl-tmp/Inpainting/BundleFusion/B_imgs_gt/office0/01252.jpg,/root/autodl-tmp/Inpainting/masks/irregular_mask/mask_rates_20_30/0004591.png,0156_reliability.png,01252.jpg,0004591.png,0156_reliability,01252,0004591,"[256, 256]","[256, 256]","[256, 256]",False,False,0.2039947509765625,13369,12.727703485027229,13.811133072819604,0.04181433841586113,0.04175284504890442,12.48867439173824,0.03538497909903526,0.7356836795806885,0.27880859375,12.161319921015679,0.04181433841586113,True,0,0,626,pred[626] <-> gt[626] <-> mask[626]
627,627,627,results/B_mask_20_30_reliability_inference/line_debug/0156_soft.png,/root/autodl-tmp/Inpainting/BundleFusion/B_imgs_gt/office0/01254.jpg,/root/autodl-tmp/Inpainting/masks/irregular_mask/mask_rates_20_30/0004595.png,0156_soft.png,01254.jpg,0004595.png,0156_soft,01254,0004595,"[256, 256]","[256, 256]","[256, 256]",False,False,0.215057373046875,14094,12.671233769328527,13.386797381740482,0.04155975207686424,0.03430658578872681,12.494144303477782,0.04221205413341522,0.7243685126304626,0.2742156982421875,14.363393364300768,0.04169096425175667,True,0,0,627,pred[627] <-> gt[627] <-> mask[627]
628,628,628,results/B_mask_20_30_reliability_inference/frames/0157.png,/root/autodl-tmp/Inpainting/BundleFusion/B_imgs_gt/office0/01256.jpg,/root/autodl-tmp/Inpainting/masks/irregular_mask/mask_rates_20_30/0004597.png,0157.png,01256.jpg,0004597.png,0157,01256,0004597,"[256, 256]","[256, 256]","[256, 256]",False,False,0.2751617431640625,18033,12.197515559972796,11.488486121471777,0.27496597170829773,0.27565237879753113,12.500200822942292,0.28283846378326416,0.6919445991516113,0.3623199462890625,12.220735940087408,0.27436479926109314,False,0,0,628,pred[628] <-> gt[628] <-> mask[628]
629,629,629,results/B_mask_20_30_reliability_inference/line_debug/0157_center.png,/root/autodl-tmp/Inpainting/BundleFusion/B_imgs_gt/office0/01258.jpg,/root/autodl-tmp/Inpainting/masks/irregular_mask/mask_rates_20_30/0004599.png,0157_center.png,01258.jpg,0004599.png,0157_center,01258,0004599,"[256, 256]","[256, 256]","[256, 256]",False,False,0.2189788818359375,14351,12.160582266809705,12.769974041969691,0.020275341346859932,0.019981566816568375,12.004025602286955,0.01863173209130764,0.7491234540939331,0.3272705078125,12.883745128966236,0.020275341346859932,True,0,0,629,pred[629] <-> gt[629] <-> mask[629]
630,630,630,results/B_mask_20_30_reliability_inference/line_debug/0157_reliability.png,/root/autodl-tmp/Inpainting/BundleFusion/B_imgs_gt/office0/01260.jpg,/root/autodl-tmp/Inpainting/masks/irregular_mask/mask_rates_20_30/0004609.png,0157_reliability.png,01260.jpg,0004609.png,0157_reliability,01260,0004609,"[256, 256]","[256, 256]","[256, 256]",False,False,0.2563934326171875,16803,12.958883674052055,12.72408917473636,0.029680276289582253,0.029211869463324547,13.042875645007621,0.03023585118353367,0.7336622476577759,0.4044647216796875,13.421285184871063,0.029680276289582253,False,0,0,630,pred[630] <-> gt[630] <-> mask[630]
631,631,631,results/B_mask_20_30_reliability_inference/line_debug/0157_soft.png,/root/autodl-tmp/Inpainting/BundleFusion/B_imgs_gt/office0/01262.jpg,/root/autodl-tmp/Inpainting/masks/irregular_mask/mask_rates_20_30/0004622.png,0157_soft.png,01262.jpg,0004622.png,0157_soft,01262,0004622,"[256, 256]","[256, 256]","[256, 256]",False,False,0.2321929931640625,15217,12.926873047323458,14.711843765074024,0.030710294842720032,0.027277663350105286,12.505382807250658,0.03042585588991642,0.7264216542243958,0.2782745361328125,13.153707339938139,0.02803482674062252,True,0,0,631,pred[631] <-> gt[631] <-> mask[631]
632,632,632,results/B_mask_20_30_reliability_inference/frames/0158.png,/root/autodl-tmp/Inpainting/BundleFusion/B_imgs_gt/office0/01264.jpg,/root/autodl-tmp/Inpainting/masks/irregular_mask/mask_rates_20_30/0004625.png,0158.png,01264.jpg,0004625.png,0158,01264,0004625,"[256, 256]","[256, 256]","[256, 256]",False,False,0.2523956298828125,16541,12.36576078651063,11.911022089390313,0.2824384868144989,0.3322505056858063,12.530701453953322,0.2836371660232544,0.6870782375335693,0.3354949951171875,13.414036207437,0.3118874728679657,False,0,0,632,pred[632] <-> gt[632] <-> mask[632]
633,633,633,results/B_mask_20_30_reliability_inference/line_debug/0158_center.png,/root/autodl-tmp/Inpainting/BundleFusion/B_imgs_gt/office0/01266.jpg,/root/autodl-tmp/Inpainting/masks/irregular_mask/mask_rates_20_30/0004633.png,0158_center.png,01266.jpg,0004633.png,0158_center,01266,0004633,"[256, 256]","[256, 256]","[256, 256]",False,False,0.2907867431640625,19057,12.944067318468226,15.094686578993226,0.02543589472770691,0.025640340521931648,12.298999052008897,0.02538839727640152,0.7280157804489136,0.262237548828125,14.483969779108394,0.024966174736618996,True,0,0,633,pred[633] <-> gt[633] <-> mask[633]
634,634,634,results/B_mask_20_30_reliability_inference/line_debug/0158_reliability.png,/root/autodl-tmp/Inpainting/BundleFusion/B_imgs_gt/office0/01268.jpg,/root/autodl-tmp/Inpainting/masks/irregular_mask/mask_rates_20_30/0004643.png,0158_reliability.png,01268.jpg,0004643.png,0158_reliability,01268,0004643,"[256, 256]","[256, 256]","[256, 256]",False,False,0.2043914794921875,13395,13.108108649986477,14.887129890608502,0.04800953343510628,0.05210975930094719,12.74842770714657,0.04896872863173485,0.7079399228096008,0.33721923828125,14.93671111440388,0.051522981375455856,True,0,0,634,pred[634] <-> gt[634] <-> mask[634]
635,635,635,results/B_mask_20_30_reliability_inference/line_debug/0158_soft.png,/root/autodl-tmp/Inpainting/BundleFusion/B_imgs_gt/office0/01270.jpg,/root/autodl-tmp/Inpainting/masks/irregular_mask/mask_rates_20_30/0004647.png,0158_soft.png,01270.jpg,0004647.png,0158_soft,01270,0004647,"[256, 256]","[256, 256]","[256, 256]",False,False,0.2928924560546875,19195,12.991736706123673,15.793923010656508,0.0443110316991806,0.042420487850904465,12.21101325334355,0.04285478964447975,0.7137954831123352,0.29949951171875,13.951602060519479,0.042977225035429,True,0,0,635,pred[635] <-> gt[635] <-> mask[635]
636,636,636,results/B_mask_20_30_reliability_inference/frames/0159.png,/root/autodl-tmp/Inpainting/BundleFusion/B_imgs_gt/office0/01272.jpg,/root/autodl-tmp/Inpainting/masks/irregular_mask/mask_rates_20_30/0004651.png,0159.png,01272.jpg,0004651.png,0159,01272,0004651,"[256, 256]","[256, 256]","[256, 256]",False,False,0.2768402099609375,18143,13.329470492070048,15.212937085802391,0.3244377672672272,0.3499036133289337,12.780629368324838,0.2918911874294281,0.6934443712234497,0.3569488525390625,14.228252236469991,0.3337211608886719,True,0,0,636,pred[636] <-> gt[636] <-> mask[636]
637,637,637,results/B_mask_20_30_reliability_inference/line_debug/0159_center.png,/root/autodl-tmp/Inpainting/BundleFusion/B_imgs_gt/office0/01274.jpg,/root/autodl-tmp/Inpainting/masks/irregular_mask/mask_rates_20_30/0004657.png,0159_center.png,01274.jpg,0004657.png,0159_center,01274,0004657,"[256, 256]","[256, 256]","[256, 256]",False,False,0.28240966796875,18508,12.512670131868092,13.800665761887283,0.024653607979416847,0.024667920544743538,12.094794726210624,0.02244727686047554,0.758104145526886,0.4561309814453125,13.400762005673862,0.024653607979416847,True,0,0,637,pred[637] <-> gt[637] <-> mask[637]
638,638,638,results/B_mask_20_30_reliability_inference/line_debug/0159_reliability.png,/root/autodl-tmp/Inpainting/BundleFusion/B_imgs_gt/office0/01276.jpg,/root/autodl-tmp/Inpainting/masks/irregular_mask/mask_rates_20_30/0004663.png,0159_reliability.png,01276.jpg,0004663.png,0159_reliability,01276,0004663,"[256, 256]","[256, 256]","[256, 256]",False,False,0.287445068359375,18838,13.471432977032876,14.748895062977695,0.043166276067495346,0.0466291569173336,13.046467160658697,0.04260985553264618,0.724824070930481,0.2515716552734375,14.528738718678,0.043166276067495346,True,0,0,638,pred[638] <-> gt[638] <-> mask[638]
639,639,639,results/B_mask_20_30_reliability_inference/line_debug/0159_soft.png,/root/autodl-tmp/Inpainting/BundleFusion/B_imgs_gt/office0/01278.jpg,/root/autodl-tmp/Inpainting/masks/irregular_mask/mask_rates_20_30/0004683.png,0159_soft.png,01278.jpg,0004683.png,0159_soft,01278,0004683,"[256, 256]","[256, 256]","[256, 256]",False,False,0.2346343994140625,15377,13.392090055388346,14.511470407278553,0.043943148106336594,0.051454704254865646,13.099655175677844,0.044683683663606644,0.7236216068267822,0.327362060546875,15.317810676928985,0.05347825959324837,True,0,0,639,pred[639] <-> gt[639] <-> mask[639]
640,640,640,results/B_mask_20_30_reliability_inference/frames/0160.png,/root/autodl-tmp/Inpainting/BundleFusion/B_imgs_gt/office0/01280.jpg,/root/autodl-tmp/Inpainting/masks/irregular_mask/mask_rates_20_30/0004690.png,0160.png,01280.jpg,0004690.png,0160,01280,0004690,"[256, 256]","[256, 256]","[256, 256]",False,False,0.2940521240234375,19271,14.012900062133468,12.61841852870591,0.32321158051490784,0.31267043948173523,14.758300038303444,0.3750627338886261,0.6690671443939209,0.331817626953125,15.041205753323856,0.32321158051490784,False,0,0,640,pred[640] <-> gt[640] <-> mask[640]
641,641,641,results/B_mask_20_30_reliability_inference/line_debug/0160_center.png,/root/autodl-tmp/Inpainting/BundleFusion/B_imgs_gt/office0/01282.jpg,/root/autodl-tmp/Inpainting/masks/irregular_mask/mask_rates_20_30/0004692.png,0160_center.png,01282.jpg,0004692.png,0160_center,01282,0004692,"[256, 256]","[256, 256]","[256, 256]",False,False,0.2017669677734375,13223,12.594703162570639,13.861291377466948,0.030758224427700043,0.01721118949353695,12.325526875840376,0.03362924978137016,0.7482253313064575,0.203521728515625,14.141976368287976,0.02156181074678898,True,0,0,641,pred[641] <-> gt[641] <-> mask[641]
642,642,642,results/B_mask_20_30_reliability_inference/line_debug/0160_reliability.png,/root/autodl-tmp/Inpainting/BundleFusion/B_imgs_gt/office0/01284.jpg,/root/autodl-tmp/Inpainting/masks/irregular_mask/mask_rates_20_30/0004698.png,0160_reliability.png,01284.jpg,0004698.png,0160_reliability,01284,0004698,"[256, 256]","[256, 256]","[256, 256]",False,False,0.2510833740234375,16455,12.931479552083376,15.681090581425423,0.046018678694963455,0.05962777137756348,12.29716724979951,0.03466998413205147,0.7151293158531189,0.2592315673828125,14.453122321626406,0.05113564804196358,True,0,0,642,pred[642] <-> gt[642] <-> mask[642]
643,643,643,results/B_mask_20_30_reliability_inference/line_debug/0160_soft.png,/root/autodl-tmp/Inpainting/BundleFusion/B_imgs_gt/office0/01286.jpg,/root/autodl-tmp/Inpainting/masks/irregular_mask/mask_rates_20_30/0004702.png,0160_soft.png,01286.jpg,0004702.png,0160_soft,01286,0004702,"[256, 256]","[256, 256]","[256, 256]",False,False,0.22412109375,14688,13.101478736415153,13.539260250678085,0.05147368088364601,0.05147368088364601,12.98282168400802,0.04629714787006378,0.7117353677749634,0.36981201171875,13.611875615634432,0.05147368088364601,True,0,0,643,pred[643] <-> gt[643] <-> mask[643]
644,644,644,results/B_mask_20_30_reliability_inference/frames/0161.png,/root/autodl-tmp/Inpainting/BundleFusion/B_imgs_gt/office0/01288.jpg,/root/autodl-tmp/Inpainting/masks/irregular_mask/mask_rates_20_30/0004705.png,0161.png,01288.jpg,0004705.png,0161,01288,0004705,"[256, 256]","[256, 256]","[256, 256]",False,False,0.274871826171875,18014,14.889768137104113,16.441129208380335,0.299268901348114,0.3629239499568939,14.421450257303896,0.2859024107456207,0.6452078819274902,0.2427215576171875,17.547336704017916,0.3177209198474884,True,0,0,644,pred[644] <-> gt[644] <-> mask[644]
645,645,645,results/B_mask_20_30_reliability_inference/line_debug/0161_center.png,/root/autodl-tmp/Inpainting/BundleFusion/B_imgs_gt/office0/01290.jpg,/root/autodl-tmp/Inpainting/masks/irregular_mask/mask_rates_20_30/0004706.png,0161_center.png,01290.jpg,0004706.png,0161_center,01290,0004706,"[256, 256]","[256, 256]","[256, 256]",False,False,0.2924652099609375,19167,12.828379186337527,13.34322702501525,0.0275600403547287,0.02947697602212429,12.632191588522678,0.022949034348130226,0.7213642597198486,0.3303070068359375,12.355393987516848,0.0275600403547287,True,0,0,645,pred[645] <-> gt[645] <-> mask[645]
646,646,646,results/B_mask_20_30_reliability_inference/line_debug/0161_reliability.png,/root/autodl-tmp/Inpainting/BundleFusion/B_imgs_gt/office0/01292.jpg,/root/autodl-tmp/Inpainting/masks/irregular_mask/mask_rates_20_30/0004710.png,0161_reliability.png,01292.jpg,0004710.png,0161_reliability,01292,0004710,"[256, 256]","[256, 256]","[256, 256]",False,False,0.2663116455078125,17453,13.433096081339606,15.74550206660145,0.04403289780020714,0.04500341787934303,12.826684466543066,0.04545951262116432,0.7113810777664185,0.28875732421875,15.672131824935473,0.044584691524505615,True,0,0,646,pred[646] <-> gt[646] <-> mask[646]
647,647,647,results/B_mask_20_30_reliability_inference/line_debug/0161_soft.png,/root/autodl-tmp/Inpainting/BundleFusion/B_imgs_gt/office0/01294.jpg,/root/autodl-tmp/Inpainting/masks/irregular_mask/mask_rates_20_30/0004730.png,0161_soft.png,01294.jpg,0004730.png,0161_soft,01294,0004730,"[256, 256]","[256, 256]","[256, 256]",False,False,0.2017364501953125,13221,13.239638799957174,14.148941311899128,0.04288988187909126,0.060593679547309875,13.037099967652432,0.03652035817503929,0.7100404500961304,0.19403076171875,14.685813530999472,0.05334126949310303,True,0,0,647,pred[647] <-> gt[647] <-> mask[647]
648,648,648,results/B_mask_20_30_reliability_inference/frames/0162.png,/root/autodl-tmp/Inpainting/BundleFusion/B_imgs_gt/office0/01296.jpg,/root/autodl-tmp/Inpainting/masks/irregular_mask/mask_rates_20_30/0004733.png,0162.png,01296.jpg,0004733.png,0162,01296,0004733,"[256, 256]","[256, 256]","[256, 256]",False,False,0.2870025634765625,18809,15.027691286685567,18.624128461248755,0.2989761531352997,0.3021363317966461,14.14039658579631,0.27184122800827026,0.6161485910415649,0.2789306640625,15.469515098786031,0.2989761531352997,True,0,0,648,pred[648] <-> gt[648] <-> mask[648]
649,649,649,results/B_mask_20_30_reliability_inference/line_debug/0162_center.png,/root/autodl-tmp/Inpainting/BundleFusion/B_imgs_gt/office0/01298.jpg,/root/autodl-tmp/Inpainting/masks/irregular_mask/mask_rates_20_30/0004734.png,0162_center.png,01298.jpg,0004734.png,0162_center,01298,0004734,"[256, 256]","[256, 256]","[256, 256]",False,False,0.2939300537109375,19263,12.571073662467324,12.20529851589327,0.024754829704761505,0.024537140503525734,12.73291696058118,0.028631161898374557,0.7349957227706909,0.386810302734375,12.696340459533488,0.024754829704761505,False,0,0,649,pred[649] <-> gt[649] <-> mask[649]
650,650,650,results/B_mask_20_30_reliability_inference/line_debug/0162_reliability.png,/root/autodl-tmp/Inpainting/BundleFusion/B_imgs_gt/office0/01300.jpg,/root/autodl-tmp/Inpainting/masks/irregular_mask/mask_rates_20_30/0004736.png,0162_reliability.png,01300.jpg,0004736.png,0162_reliability,01300,0004736,"[256, 256]","[256, 256]","[256, 256]",False,False,0.2967071533203125,19445,12.969214699265393,13.85196206044153,0.03463178873062134,0.03262614831328392,12.644644460300533,0.03736567869782448,0.7108421325683594,0.355560302734375,12.52475013357551,0.03266127035021782,True,0,0,650,pred[650] <-> gt[650] <-> mask[650]
651,651,651,results/B_mask_20_30_reliability_inference/line_debug/0162_soft.png,/root/autodl-tmp/Inpainting/BundleFusion/B_imgs_gt/office0/01302.jpg,/root/autodl-tmp/Inpainting/masks/irregular_mask/mask_rates_20_30/0004737.png,0162_soft.png,01302.jpg,0004737.png,0162_soft,01302,0004737,"[256, 256]","[256, 256]","[256, 256]",False,False,0.2104644775390625,13793,12.612284479551562,13.375591752284793,0.031904757022857666,0.03268887847661972,12.429586927937086,0.031080899760127068,0.7084558606147766,0.4156951904296875,12.975606674990658,0.033464644104242325,True,0,0,651,pred[651] <-> gt[651] <-> mask[651]
652,652,652,results/B_mask_20_30_reliability_inference/frames/0163.png,/root/autodl-tmp/Inpainting/BundleFusion/B_imgs_gt/office0/01304.jpg,/root/autodl-tmp/Inpainting/masks/irregular_mask/mask_rates_20_30/0004742.png,0163.png,01304.jpg,0004742.png,0163,01304,0004742,"[256, 256]","[256, 256]","[256, 256]",False,False,0.290740966796875,19054,14.464665904810087,17.094108863407488,0.23448465764522552,0.23189187049865723,13.723177178228038,0.22621747851371765,0.6073274612426758,0.291656494140625,14.844471838114996,0.23415033519268036,True,0,0,652,pred[652] <-> gt[652] <-> mask[652]
653,653,653,results/B_mask_20_30_reliability_inference/line_debug/0163_center.png,/root/autodl-tmp/Inpainting/BundleFusion/B_imgs_gt/office0/01306.jpg,/root/autodl-tmp/Inpainting/masks/irregular_mask/mask_rates_20_30/0004754.png,0163_center.png,01306.jpg,0004754.png,0163_center,01306,0004754,"[256, 256]","[256, 256]","[256, 256]",False,False,0.2554931640625,16744,11.238764571356548,12.656658269344394,0.021599218249320984,0.027539387345314026,10.842292548791029,0.016855619847774506,0.753206729888916,0.29937744140625,12.746431249631609,0.023715516552329063,True,0,0,653,pred[653] <-> gt[653] <-> mask[653]
654,654,654,results/B_mask_20_30_reliability_inference/line_debug/0163_reliability.png,/root/autodl-tmp/Inpainting/BundleFusion/B_imgs_gt/office0/01308.jpg,/root/autodl-tmp/Inpainting/masks/irregular_mask/mask_rates_20_30/0004768.png,0163_reliability.png,01308.jpg,0004768.png,0163_reliability,01308,0004768,"[256, 256]","[256, 256]","[256, 256]",False,False,0.2869415283203125,18805,10.535242911187957,11.98840761495765,0.029966408386826515,0.04006616771221161,10.064690138067737,0.023790720850229263,0.7286610007286072,0.2823028564453125,13.117314241633618,0.0385875403881073,True,0,0,654,pred[654] <-> gt[654] <-> mask[654]
655,655,655,results/B_mask_20_30_reliability_inference/line_debug/0163_soft.png,/root/autodl-tmp/Inpainting/BundleFusion/B_imgs_gt/office0/01310.jpg,/root/autodl-tmp/Inpainting/masks/irregular_mask/mask_rates_20_30/0004772.png,0163_soft.png,01310.jpg,0004772.png,0163_soft,01310,0004772,"[256, 256]","[256, 256]","[256, 256]",False,False,0.2476043701171875,16227,9.645161220249271,9.684555581803107,0.02643541805446148,0.03039170801639557,9.632274471910172,0.026151476427912712,0.7381491661071777,0.29351806640625,9.517304947498857,0.02720007859170437,True,0,0,655,pred[655] <-> gt[655] <-> mask[655]
656,656,656,results/B_mask_20_30_reliability_inference/frames/0164.png,/root/autodl-tmp/Inpainting/BundleFusion/B_imgs_gt/office0/01312.jpg,/root/autodl-tmp/Inpainting/masks/irregular_mask/mask_rates_20_30/0004785.png,0164.png,01312.jpg,0004785.png,0164,01312,0004785,"[256, 256]","[256, 256]","[256, 256]",False,False,0.2176361083984375,14263,11.815518218650869,16.40708148172082,0.22985345125198364,0.25844624638557434,11.091049747802739,0.22269918024539948,0.6464923024177551,0.244720458984375,14.739891556524704,0.22641724348068237,True,0,0,656,pred[656] <-> gt[656] <-> mask[656]
657,657,657,results/B_mask_20_30_reliability_inference/line_debug/0164_center.png,/root/autodl-tmp/Inpainting/BundleFusion/B_imgs_gt/office0/01314.jpg,/root/autodl-tmp/Inpainting/masks/irregular_mask/mask_rates_20_30/0004795.png,0164_center.png,01314.jpg,0004795.png,0164_center,01314,0004795,"[256, 256]","[256, 256]","[256, 256]",False,False,0.21234130859375,13916,9.930552442466889,10.41738027993215,0.01648593135178089,0.016737429425120354,9.808140637997994,0.016020333394408226,0.7247964143753052,0.30291748046875,12.583326801410957,0.01648593135178089,True,0,0,657,pred[657] <-> gt[657] <-> mask[657]
658,658,658,results/B_mask_20_30_reliability_inference/line_debug/0164_reliability.png,/root/autodl-tmp/Inpainting/BundleFusion/B_imgs_gt/office0/01316.jpg,/root/autodl-tmp/Inpainting/masks/irregular_mask/mask_rates_20_30/0004806.png,0164_reliability.png,01316.jpg,0004806.png,0164_reliability,01316,0004806,"[256, 256]","[256, 256]","[256, 256]",False,False,0.2938995361328125,19261,10.287904736343743,10.284622364897027,0.02559746243059635,0.02991386689245701,10.289272397569658,0.017091020941734314,0.6981245279312134,0.2686309814453125,10.87549100584308,0.026379158720374107,False,0,0,658,pred[658] <-> gt[658] <-> mask[658]
659,659,659,results/B_mask_20_30_reliability_inference/line_debug/0164_soft.png,/root/autodl-tmp/Inpainting/BundleFusion/B_imgs_gt/office0/01318.jpg,/root/autodl-tmp/Inpainting/masks/irregular_mask/mask_rates_20_30/0004815.png,0164_soft.png,01318.jpg,0004815.png,0164_soft,01318,0004815,"[256, 256]","[256, 256]","[256, 256]",False,False,0.27691650390625,18148,10.226213849650392,9.733871880465582,0.02177831530570984,0.021474070847034454,10.43060243505803,0.017337897792458534,0.7033533453941345,0.2469635009765625,10.785987624923177,0.021381279453635216,False,0,0,659,pred[659] <-> gt[659] <-> mask[659]
660,660,660,results/B_mask_20_30_reliability_inference/frames/0165.png,/root/autodl-tmp/Inpainting/BundleFusion/B_imgs_gt/office0/01320.jpg,/root/autodl-tmp/Inpainting/masks/irregular_mask/mask_rates_20_30/0004816.png,0165.png,01320.jpg,0004816.png,0165,01320,0004816,"[256, 256]","[256, 256]","[256, 256]",False,False,0.202545166015625,13274,11.981289862248817,13.45280968957874,0.21273986995220184,0.18391136825084686,11.675310365096855,0.21430735290050507,0.6496372222900391,0.262908935546875,11.555192222312094,0.2061145156621933,True,0,0,660,pred[660] <-> gt[660] <-> mask[660]
661,661,661,results/B_mask_20_30_reliability_inference/line_debug/0165_center.png,/root/autodl-tmp/Inpainting/BundleFusion/B_imgs_gt/office0/01322.jpg,/root/autodl-tmp/Inpainting/masks/irregular_mask/mask_rates_20_30/0004818.png,0165_center.png,01322.jpg,0004818.png,0165_center,01322,0004818,"[256, 256]","[256, 256]","[256, 256]",False,False,0.240447998046875,15758,9.328456778126476,11.463069898844147,0.010426540859043598,0.015037634409964085,8.82495950302955,0.008715160191059113,0.7561476230621338,0.23248291015625,10.279397885198007,0.012295365333557129,True,0,0,661,pred[661] <-> gt[661] <-> mask[661]
662,662,662,results/B_mask_20_30_reliability_inference/line_debug/0165_reliability.png,/root/autodl-tmp/Inpainting/BundleFusion/B_imgs_gt/office0/01324.jpg,/root/autodl-tmp/Inpainting/masks/irregular_mask/mask_rates_20_30/0004823.png,0165_reliability.png,01324.jpg,0004823.png,0165_reliability,01324,0004823,"[256, 256]","[256, 256]","[256, 256]",False,False,0.2891387939453125,18949,9.315982201357132,9.168992746910966,0.016512073576450348,0.026000307872891426,9.377222147273878,0.01396038569509983,0.7291657328605652,0.209442138671875,9.522131324209793,0.02060622163116932,False,0,0,662,pred[662] <-> gt[662] <-> mask[662]
663,663,663,results/B_mask_20_30_reliability_inference/line_debug/0165_soft.png,/root/autodl-tmp/Inpainting/BundleFusion/B_imgs_gt/office0/01326.jpg,/root/autodl-tmp/Inpainting/masks/irregular_mask/mask_rates_20_30/0004827.png,0165_soft.png,01326.jpg,0004827.png,0165_soft,01326,0004827,"[256, 256]","[256, 256]","[256, 256]",False,False,0.2276763916015625,14921,8.568733967553527,8.02640767162155,0.015805287286639214,0.021898828446865082,8.7424470794827,0.014643709175288677,0.7437384724617004,0.2771148681640625,8.365941727011517,0.01772049441933632,False,0,0,663,pred[663] <-> gt[663] <-> mask[663]
664,664,664,results/B_mask_20_30_reliability_inference/frames/0166.png,/root/autodl-tmp/Inpainting/BundleFusion/B_imgs_gt/office0/01328.jpg,/root/autodl-tmp/Inpainting/masks/irregular_mask/mask_rates_20_30/0004833.png,0166.png,01328.jpg,0004833.png,0166,01328,0004833,"[256, 256]","[256, 256]","[256, 256]",False,False,0.253875732421875,16638,9.967570729342839,12.541701018703568,0.21519017219543457,0.20446260273456573,9.352458582451273,0.22995716333389282,0.65333092212677,0.24713134765625,11.109086059318717,0.20974241197109222,True,0,0,664,pred[664] <-> gt[664] <-> mask[664]
665,665,665,results/B_mask_20_30_reliability_inference/line_debug/0166_center.png,/root/autodl-tmp/Inpainting/BundleFusion/B_imgs_gt/office0/01330.jpg,/root/autodl-tmp/Inpainting/masks/irregular_mask/mask_rates_20_30/0004834.png,0166_center.png,01330.jpg,0004834.png,0166_center,01330,0004834,"[256, 256]","[256, 256]","[256, 256]",False,False,0.26593017578125,17428,7.473426845617106,7.7104998087032195,0.011540129780769348,0.015070364810526371,7.390639024078354,0.010272198356688023,0.7728829383850098,0.356903076171875,7.3645159790693135,0.01259130984544754,True,0,0,665,pred[665] <-> gt[665] <-> mask[665]
666,666,666,results/B_mask_20_30_reliability_inference/line_debug/0166_reliability.png,/root/autodl-tmp/Inpainting/BundleFusion/B_imgs_gt/office0/01332.jpg,/root/autodl-tmp/Inpainting/masks/irregular_mask/mask_rates_20_30/0004859.png,0166_reliability.png,01332.jpg,0004859.png,0166_reliability,01332,0004859,"[256, 256]","[256, 256]","[256, 256]",False,False,0.2160797119140625,14161,7.051763483795846,6.961003650097011,0.017725514248013496,0.02048073336482048,7.077117158072053,0.017110852524638176,0.7704842686653137,0.4386138916015625,7.048160056627427,0.017725514248013496,False,0,0,666,pred[666] <-> gt[666] <-> mask[666]
667,667,667,results/B_mask_20_30_reliability_inference/line_debug/0166_soft.png,/root/autodl-tmp/Inpainting/BundleFusion/B_imgs_gt/office0/01334.jpg,/root/autodl-tmp/Inpainting/masks/irregular_mask/mask_rates_20_30/0004861.png,0166_soft.png,01334.jpg,0004861.png,0166_soft,01334,0004861,"[256, 256]","[256, 256]","[256, 256]",False,False,0.2103424072265625,13785,6.574316240412799,10.823962595186341,0.01778571493923664,0.0241058561950922,5.906396172980499,0.014945551753044128,0.76270991563797,0.26751708984375,9.29931210124058,0.02138517238199711,True,0,0,667,pred[667] <-> gt[667] <-> mask[667]
668,668,668,results/B_mask_20_30_reliability_inference/frames/0167.png,/root/autodl-tmp/Inpainting/BundleFusion/B_imgs_gt/office0/01336.jpg,/root/autodl-tmp/Inpainting/masks/irregular_mask/mask_rates_20_30/0004870.png,0167.png,01336.jpg,0004870.png,0167,01336,0004870,"[256, 256]","[256, 256]","[256, 256]",False,False,0.29388427734375,19260,8.279124962723234,12.750517737067783,0.23876185715198517,0.24320121109485626,7.249475089424098,0.24659363925457,0.7026869058609009,0.3274078369140625,10.21414231951858,0.24378633499145508,True,0,0,668,pred[668] <-> gt[668] <-> mask[668]
669,669,669,results/B_mask_20_30_reliability_inference/line_debug/0167_center.png,/root/autodl-tmp/Inpainting/BundleFusion/B_imgs_gt/office0/01338.jpg,/root/autodl-tmp/Inpainting/masks/irregular_mask/mask_rates_20_30/0004871.png,0167_center.png,01338.jpg,0004871.png,0167_center,01338,0004871,"[256, 256]","[256, 256]","[256, 256]",False,False,0.246673583984375,16166,6.044999965554645,8.863859384722309,0.009205472655594349,0.011461149901151657,5.414127643680199,0.008232541382312775,0.8437494039535522,0.3419189453125,8.666974369563238,0.010082161985337734,True,0,0,669,pred[669] <-> gt[669] <-> mask[669]
670,670,670,results/B_mask_20_30_reliability_inference/line_debug/0167_reliability.png,/root/autodl-tmp/Inpainting/BundleFusion/B_imgs_gt/office0/01340.jpg,/root/autodl-tmp/Inpainting/masks/irregular_mask/mask_rates_20_30/0004875.png,0167_reliability.png,01340.jpg,0004875.png,0167_reliability,01340,0004875,"[256, 256]","[256, 256]","[256, 256]",False,False,0.26019287109375,17052,6.0761998549775615,9.093678109631004,0.012424600310623646,0.01611252874135971,5.371600803979156,0.01038053072988987,0.8224401473999023,0.2247467041015625,6.902615518715369,0.015537974424660206,True,0,0,670,pred[670] <-> gt[670] <-> mask[670]
671,671,671,results/B_mask_20_30_reliability_inference/line_debug/0167_soft.png,/root/autodl-tmp/Inpainting/BundleFusion/B_imgs_gt/office0/01342.jpg,/root/autodl-tmp/Inpainting/masks/irregular_mask/mask_rates_20_30/0004882.png,0167_soft.png,01342.jpg,0004882.png,0167_soft,01342,0004882,"[256, 256]","[256, 256]","[256, 256]",False,False,0.258209228515625,16922,6.24917533772023,11.765284276865504,0.013917259871959686,0.01586408168077469,5.278868314130888,0.012323874048888683,0.8082952499389648,0.2635498046875,8.71908829713359,0.013812494464218616,True,0,0,671,pred[671] <-> gt[671] <-> mask[671]
672,672,672,results/B_mask_20_30_reliability_inference/frames/0168.png,/root/autodl-tmp/Inpainting/BundleFusion/B_imgs_gt/office0/01344.jpg,/root/autodl-tmp/Inpainting/masks/irregular_mask/mask_rates_20_30/0004886.png,0168.png,01344.jpg,0004886.png,0168,01344,0004886,"[256, 256]","[256, 256]","[256, 256]",False,False,0.248321533203125,16274,8.223790402954076,11.35931481876498,0.23994708061218262,0.23994708061218262,7.54240384967323,0.20974628627300262,0.6795728802680969,0.210174560546875,10.836609674059021,0.23730893433094025,True,0,0,672,pred[672] <-> gt[672] <-> mask[672]
673,673,673,results/B_mask_20_30_reliability_inference/line_debug/0168_center.png,/root/autodl-tmp/Inpainting/BundleFusion/B_imgs_gt/office0/01346.jpg,/root/autodl-tmp/Inpainting/masks/irregular_mask/mask_rates_20_30/0004892.png,0168_center.png,01346.jpg,0004892.png,0168_center,01346,0004892,"[256, 256]","[256, 256]","[256, 256]",False,False,0.2838592529296875,18603,6.305877494828083,8.382508950625224,0.004198754671961069,0.005171783734112978,5.696434389846009,0.004138984251767397,0.824288010597229,0.22314453125,8.92018716838846,0.004847906995564699,True,0,0,673,pred[673] <-> gt[673] <-> mask[673]
674,674,674,results/B_mask_20_30_reliability_inference/line_debug/0168_reliability.png,/root/autodl-tmp/Inpainting/BundleFusion/B_imgs_gt/office0/01348.jpg,/root/autodl-tmp/Inpainting/masks/irregular_mask/mask_rates_20_30/0004896.png,0168_reliability.png,01348.jpg,0004896.png,0168_reliability,01348,0004896,"[256, 256]","[256, 256]","[256, 256]",False,False,0.2182464599609375,14303,6.598009249828988,8.849183775121247,0.005665557458996773,0.005957310553640127,6.133345187133949,0.005271522793918848,0.8330135345458984,0.2779998779296875,7.294758873479051,0.00569665664806962,True,0,0,674,pred[674] <-> gt[674] <-> mask[674]
675,675,675,results/B_mask_20_30_reliability_inference/line_debug/0168_soft.png,/root/autodl-tmp/Inpainting/BundleFusion/B_imgs_gt/office0/01350.jpg,/root/autodl-tmp/Inpainting/masks/irregular_mask/mask_rates_20_30/0004902.png,0168_soft.png,01350.jpg,0004902.png,0168_soft,01350,0004902,"[256, 256]","[256, 256]","[256, 256]",False,False,0.237579345703125,15570,6.607375172429873,7.538440081026975,0.006259567569941282,0.006259567569941282,6.3537862109041825,0.006269465200603008,0.8484115600585938,0.3682098388671875,6.244826854729553,0.006259567569941282,True,0,0,675,pred[675] <-> gt[675] <-> mask[675]
676,676,676,results/B_mask_20_30_reliability_inference/frames/0169.png,/root/autodl-tmp/Inpainting/BundleFusion/B_imgs_gt/office0/01352.jpg,/root/autodl-tmp/Inpainting/masks/irregular_mask/mask_rates_20_30/0004908.png,0169.png,01352.jpg,0004908.png,0169,01352,0004908,"[256, 256]","[256, 256]","[256, 256]",False,False,0.252655029296875,16558,10.129834902214114,13.039005339713245,0.2954530119895935,0.3019692301750183,9.466379419087692,0.2940651774406433,0.670349657535553,0.2952880859375,12.461989782969994,0.2954530119895935,True,0,0,676,pred[676] <-> gt[676] <-> mask[676]
677,677,677,results/B_mask_20_30_reliability_inference/line_debug/0169_center.png,/root/autodl-tmp/Inpainting/BundleFusion/B_imgs_gt/office0/01354.jpg,/root/autodl-tmp/Inpainting/masks/irregular_mask/mask_rates_20_30/0004921.png,0169_center.png,01354.jpg,0004921.png,0169_center,01354,0004921,"[256, 256]","[256, 256]","[256, 256]",False,False,0.2126617431640625,13937,7.221346491581971,8.712952880667387,0.0027659868355840445,0.00358024425804615,6.893087030959743,0.003007879015058279,0.8488403558731079,0.294830322265625,8.381553006954574,0.003006852464750409,True,0,0,677,pred[677] <-> gt[677] <-> mask[677]
678,678,678,results/B_mask_20_30_reliability_inference/line_debug/0169_reliability.png,/root/autodl-tmp/Inpainting/BundleFusion/B_imgs_gt/office0/01356.jpg,/root/autodl-tmp/Inpainting/masks/irregular_mask/mask_rates_20_30/0004922.png,0169_reliability.png,01356.jpg,0004922.png,0169_reliability,01356,0004922,"[256, 256]","[256, 256]","[256, 256]",False,False,0.2666778564453125,17477,7.2835645675491545,8.865979678004129,0.005613664630800486,0.005634113680571318,6.82624017932617,0.005214717239141464,0.8292478322982788,0.35565185546875,8.552704824579182,0.005613664630800486,True,0,0,678,pred[678] <-> gt[678] <-> mask[678]
679,679,679,results/B_mask_20_30_reliability_inference/line_debug/0169_soft.png,/root/autodl-tmp/Inpainting/BundleFusion/B_imgs_gt/office0/01358.jpg,/root/autodl-tmp/Inpainting/masks/irregular_mask/mask_rates_20_30/0004938.png,0169_soft.png,01358.jpg,0004938.png,0169_soft,01358,0004938,"[256, 256]","[256, 256]","[256, 256]",False,False,0.209747314453125,13746,7.1034859061937405,8.297536272096245,0.004580979701131582,0.004456708673387766,6.834878207072347,0.004112334456294775,0.8216317892074585,0.333770751953125,7.939284101549793,0.0046843476593494415,True,0,0,679,pred[679] <-> gt[679] <-> mask[679]
680,680,680,results/B_mask_20_30_reliability_inference/frames/0170.png,/root/autodl-tmp/Inpainting/BundleFusion/B_imgs_gt/office0/01360.jpg,/root/autodl-tmp/Inpainting/masks/irregular_mask/mask_rates_20_30/0004945.png,0170.png,01360.jpg,0004945.png,0170,01360,0004945,"[256, 256]","[256, 256]","[256, 256]",False,False,0.2249298095703125,14741,10.583990125905512,9.932559126294452,0.3318774402141571,0.2893359959125519,10.792898512632052,0.3432267904281616,0.6952743530273438,0.2928314208984375,10.517054847416222,0.33108648657798767,False,0,0,680,pred[680] <-> gt[680] <-> mask[680]
681,681,681,results/B_mask_20_30_reliability_inference/line_debug/0170_center.png,/root/autodl-tmp/Inpainting/BundleFusion/B_imgs_gt/office0/01362.jpg,/root/autodl-tmp/Inpainting/masks/irregular_mask/mask_rates_20_30/0004947.png,0170_center.png,01362.jpg,0004947.png,0170_center,01362,0004947,"[256, 256]","[256, 256]","[256, 256]",False,False,0.23419189453125,15348,6.719834908998303,7.489188381210052,0.001993381418287754,0.001555782393552363,6.509402154771035,0.002070358721539378,0.817642331123352,0.1902008056640625,7.136245585365972,0.0008720283512957394,True,0,0,681,pred[681] <-> gt[681] <-> mask[681]
682,682,682,results/B_mask_20_30_reliability_inference/line_debug/0170_reliability.png,/root/autodl-tmp/Inpainting/BundleFusion/B_imgs_gt/office0/01364.jpg,/root/autodl-tmp/Inpainting/masks/irregular_mask/mask_rates_20_30/0004951.png,0170_reliability.png,01364.jpg,0004951.png,0170_reliability,01364,0004951,"[256, 256]","[256, 256]","[256, 256]",False,False,0.2748870849609375,18015,6.8964264349335425,7.50619216206735,0.006533079314976931,0.006879467982798815,6.68594526924645,0.006817847024649382,0.8006859421730042,0.386993408203125,6.716817443193458,0.006533079314976931,True,0,0,682,pred[682] <-> gt[682] <-> mask[682]
683,683,683,results/B_mask_20_30_reliability_inference/line_debug/0170_soft.png,/root/autodl-tmp/Inpainting/BundleFusion/B_imgs_gt/office0/01366.jpg,/root/autodl-tmp/Inpainting/masks/irregular_mask/mask_rates_20_30/0004952.png,0170_soft.png,01366.jpg,0004952.png,0170_soft,01366,0004952,"[256, 256]","[256, 256]","[256, 256]",False,False,0.21575927734375,14140,6.952530648018612,6.119280419154506,0.006308054551482201,0.005867809057235718,7.212892206370761,0.006860914174467325,0.7936168909072876,0.271881103515625,7.269742577569371,0.006471073720604181,False,0,0,683,pred[683] <-> gt[683] <-> mask[683]
684,684,684,results/B_mask_20_30_reliability_inference/frames/0171.png,/root/autodl-tmp/Inpainting/BundleFusion/B_imgs_gt/office0/01368.jpg,/root/autodl-tmp/Inpainting/masks/irregular_mask/mask_rates_20_30/0004960.png,0171.png,01368.jpg,0004960.png,0171,01368,0004960,"[256, 256]","[256, 256]","[256, 256]",False,False,0.22784423828125,14932,10.996448965832435,13.831473199096218,0.35991689562797546,0.35620948672294617,10.421835967353164,0.36319267749786377,0.6682964563369751,0.2822113037109375,12.724668430282367,0.35991689562797546,True,0,0,684,pred[684] <-> gt[684] <-> mask[684]
685,685,685,results/B_mask_20_30_reliability_inference/line_debug/0171_center.png,/root/autodl-tmp/Inpainting/BundleFusion/B_imgs_gt/office0/01370.jpg,/root/autodl-tmp/Inpainting/masks/irregular_mask/mask_rates_20_30/0004975.png,0171_center.png,01370.jpg,0004975.png,0171_center,01370,0004975,"[256, 256]","[256, 256]","[256, 256]",False,False,0.2986602783203125,19573,6.4928819571411225,6.799885702507642,0.0016980437794700265,0.0016980437794700265,6.368460449252613,0.0020287171937525272,0.8226797580718994,0.462890625,6.917768754331222,0.0016980437794700265,True,0,0,685,pred[685] <-> gt[685] <-> mask[685]
686,686,686,results/B_mask_20_30_reliability_inference/line_debug/0171_reliability.png,/root/autodl-tmp/Inpainting/BundleFusion/B_imgs_gt/office0/01372.jpg,/root/autodl-tmp/Inpainting/masks/irregular_mask/mask_rates_20_30/0004980.png,0171_reliability.png,01372.jpg,0004980.png,0171_reliability,01372,0004980,"[256, 256]","[256, 256]","[256, 256]",False,False,0.2847137451171875,18659,6.483692085884714,7.834738156946532,0.007233530282974243,0.008299673907458782,6.044502404534099,0.006713253911584616,0.8133788108825684,0.3246307373046875,7.531105398272083,0.008177048526704311,True,0,0,686,pred[686] <-> gt[686] <-> mask[686]
687,687,687,results/B_mask_20_30_reliability_inference/line_debug/0171_soft.png,/root/autodl-tmp/Inpainting/BundleFusion/B_imgs_gt/office0/01374.jpg,/root/autodl-tmp/Inpainting/masks/irregular_mask/mask_rates_20_30/0004984.png,0171_soft.png,01374.jpg,0004984.png,0171_soft,01374,0004984,"[256, 256]","[256, 256]","[256, 256]",False,False,0.23870849609375,15644,6.346996651486291,7.289249747904776,0.0064078629948198795,0.00783656258136034,6.089204275550549,0.004572332836687565,0.8132359981536865,0.277313232421875,5.758962669590328,0.00700628524646163,True,0,0,687,pred[687] <-> gt[687] <-> mask[687]
688,688,688,results/B_mask_20_30_reliability_inference/frames/0172.png,/root/autodl-tmp/Inpainting/BundleFusion/B_imgs_gt/office0/01376.jpg,/root/autodl-tmp/Inpainting/masks/irregular_mask/mask_rates_20_30/0004987.png,0172.png,01376.jpg,0004987.png,0172,01376,0004987,"[256, 256]","[256, 256]","[256, 256]",False,False,0.246612548828125,16162,10.885704638898059,9.911592523235793,0.35899925231933594,0.3486681878566742,11.258731286852337,0.3850982189178467,0.6901253461837769,0.42059326171875,11.383541916456412,0.35899925231933594,False,0,0,688,pred[688] <-> gt[688] <-> mask[688]
689,689,689,results/B_mask_20_30_reliability_inference/line_debug/0172_center.png,/root/autodl-tmp/Inpainting/BundleFusion/B_imgs_gt/office0/01378.jpg,/root/autodl-tmp/Inpainting/masks/irregular_mask/mask_rates_20_30/0004989.png,0172_center.png,01378.jpg,0004989.png,0172_center,01378,0004989,"[256, 256]","[256, 256]","[256, 256]",False,False,0.2391204833984375,15671,6.196739482457,6.942260916532625,0.0014560166746377945,0.0014919894747436047,5.986618090213711,0.0010930978460237384,0.8127210140228271,0.2825469970703125,6.791476129172731,0.0014560166746377945,True,0,0,689,pred[689] <-> gt[689] <-> mask[689]
690,690,690,results/B_mask_20_30_reliability_inference/line_debug/0172_reliability.png,/root/autodl-tmp/Inpainting/BundleFusion/B_imgs_gt/office0/01380.jpg,/root/autodl-tmp/Inpainting/masks/irregular_mask/mask_rates_20_30/0004994.png,0172_reliability.png,01380.jpg,0004994.png,0172_reliability,01380,0004994,"[256, 256]","[256, 256]","[256, 256]",False,False,0.2373046875,15552,6.397899651328673,4.8430663381947,0.006429153028875589,0.0063734594732522964,7.0224247212225235,0.006334877572953701,0.8004446029663086,0.356414794921875,7.165702667470302,0.006501702591776848,False,0,0,690,pred[690] <-> gt[690] <-> mask[690]
691,691,691,results/B_mask_20_30_reliability_inference/line_debug/0172_soft.png,/root/autodl-tmp/Inpainting/BundleFusion/B_imgs_gt/office0/01382.jpg,/root/autodl-tmp/Inpainting/masks/irregular_mask/mask_rates_20_30/0004997.png,0172_soft.png,01382.jpg,0004997.png,0172_soft,01382,0004997,"[256, 256]","[256, 256]","[256, 256]",False,False,0.291717529296875,19118,6.405859920645462,5.820449076438663,0.006910601630806923,0.006863647606223822,6.6719648347885,0.006505002733319998,0.8005862236022949,0.2884979248046875,6.674677815964879,0.007022220641374588,False,0,0,691,pred[691] <-> gt[691] <-> mask[691]
692,692,692,results/B_mask_20_30_reliability_inference/frames/0173.png,/root/autodl-tmp/Inpainting/BundleFusion/B_imgs_gt/office0/01384.jpg,/root/autodl-tmp/Inpainting/masks/irregular_mask/mask_rates_20_30/0005000.png,0173.png,01384.jpg,0005000.png,0173,01384,0005000,"[256, 256]","[256, 256]","[256, 256]",False,False,0.2856292724609375,18719,11.024856148372029,10.783543816264727,0.3653024733066559,0.37814196944236755,11.12522278376472,0.38218435645103455,0.6928013563156128,0.36798095703125,12.092469704174418,0.3749823570251465,False,0,0,692,pred[692] <-> gt[692] <-> mask[692]
693,693,693,results/B_mask_20_30_reliability_inference/line_debug/0173_center.png,/root/autodl-tmp/Inpainting/BundleFusion/B_imgs_gt/office0/01386.jpg,/root/autodl-tmp/Inpainting/masks/irregular_mask/mask_rates_20_30/0005010.png,0173_center.png,01386.jpg,0005010.png,0173_center,01386,0005010,"[256, 256]","[256, 256]","[256, 256]",False,False,0.2286224365234375,14983,5.896865348053782,7.812680119006924,0.0015762465773150325,0.0014121661661192775,5.460423047725094,0.0016592185711488128,0.8468922972679138,0.3247222900390625,7.008576868649933,0.0013036434538662434,True,0,0,693,pred[693] <-> gt[693] <-> mask[693]
694,694,694,results/B_mask_20_30_reliability_inference/line_debug/0173_reliability.png,/root/autodl-tmp/Inpainting/BundleFusion/B_imgs_gt/office0/01388.jpg,/root/autodl-tmp/Inpainting/masks/irregular_mask/mask_rates_20_30/0005023.png,0173_reliability.png,01388.jpg,0005023.png,0173_reliability,01388,0005023,"[256, 256]","[256, 256]","[256, 256]",False,False,0.266143798828125,17442,5.682939362386119,4.203782944259908,0.006532090250402689,0.007113870233297348,6.3742642455497585,0.007080036215484142,0.8379181027412415,0.3859710693359375,6.5348776882825454,0.006532090250402689,False,0,0,694,pred[694] <-> gt[694] <-> mask[694]
695,695,695,results/B_mask_20_30_reliability_inference/line_debug/0173_soft.png,/root/autodl-tmp/Inpainting/BundleFusion/B_imgs_gt/office0/01390.jpg,/root/autodl-tmp/Inpainting/masks/irregular_mask/mask_rates_20_30/0005031.png,0173_soft.png,01390.jpg,0005031.png,0173_soft,01390,0005031,"[256, 256]","[256, 256]","[256, 256]",False,False,0.264678955078125,17346,5.434481096829717,3.372775299907457,0.006214676424860954,0.0072556971572339535,6.506279759806393,0.006302420049905777,0.8404574394226074,0.1984405517578125,6.637666033160938,0.006050901487469673,False,0,0,695,pred[695] <-> gt[695] <-> mask[695]
696,696,696,results/B_mask_20_30_reliability_inference/frames/0174.png,/root/autodl-tmp/Inpainting/BundleFusion/B_imgs_gt/office0/01392.jpg,/root/autodl-tmp/Inpainting/masks/irregular_mask/mask_rates_20_30/0005033.png,0174.png,01392.jpg,0005033.png,0174,01392,0005033,"[256, 256]","[256, 256]","[256, 256]",False,False,0.2123260498046875,13915,9.826762178629453,10.500548467836433,0.3889322578907013,0.2363191694021225,9.661700674735371,0.43494653701782227,0.7095252871513367,0.23016357421875,10.342947644554064,0.27381566166877747,True,0,0,696,pred[696] <-> gt[696] <-> mask[696]
697,697,697,results/B_mask_20_30_reliability_inference/line_debug/0174_center.png,/root/autodl-tmp/Inpainting/BundleFusion/B_imgs_gt/office0/01394.jpg,/root/autodl-tmp/Inpainting/masks/irregular_mask/mask_rates_20_30/0005044.png,0174_center.png,01394.jpg,0005044.png,0174_center,01394,0005044,"[256, 256]","[256, 256]","[256, 256]",False,False,0.2525787353515625,16553,5.001059345145321,3.842384433550098,0.0013775014085695148,0.0014564995653927326,5.4747366688756225,0.0011464968556538224,0.8653312921524048,0.36187744140625,4.694242189272852,0.0013775014085695148,False,0,0,697,pred[697] <-> gt[697] <-> mask[697]
698,698,698,results/B_mask_20_30_reliability_inference/line_debug/0174_reliability.png,/root/autodl-tmp/Inpainting/BundleFusion/B_imgs_gt/office0/01396.jpg,/root/autodl-tmp/Inpainting/masks/irregular_mask/mask_rates_20_30/0005050.png,0174_reliability.png,01396.jpg,0005050.png,0174_reliability,01396,0005050,"[256, 256]","[256, 256]","[256, 256]",False,False,0.2285614013671875,14979,5.037367735975089,5.315642792341806,0.006038438994437456,0.006467870902270079,4.958230983711305,0.005238110665231943,0.8607511520385742,0.338409423828125,4.805207070731957,0.00634402921423316,True,0,0,698,pred[698] <-> gt[698] <-> mask[698]
699,699,699,results/B_mask_20_30_reliability_inference/line_debug/0174_soft.png,/root/autodl-tmp/Inpainting/BundleFusion/B_imgs_gt/office0/01398.jpg,/root/autodl-tmp/Inpainting/masks/irregular_mask/mask_rates_20_30/0005063.png,0174_soft.png,01398.jpg,0005063.png,0174_soft,01398,0005063,"[256, 256]","[256, 256]","[256, 256]",False,False,0.2709197998046875,17755,5.003872179360402,6.560543994038266,0.005980249028652906,0.006570599973201752,4.543077012698593,0.004307982511818409,0.8724585771560669,0.242523193359375,4.617315484788685,0.006002422422170639,True,0,0,699,pred[699] <-> gt[699] <-> mask[699]
700,700,700,results/B_mask_20_30_reliability_inference/frames/0175.png,/root/autodl-tmp/Inpainting/BundleFusion/B_imgs_gt/office0/01400.jpg,/root/autodl-tmp/Inpainting/masks/irregular_mask/mask_rates_20_30/0005068.png,0175.png,01400.jpg,0005068.png,0175,01400,0005068,"[256, 256]","[256, 256]","[256, 256]",False,False,0.2140655517578125,14029,9.107789728856758,13.165591439577849,0.43008747696876526,0.43008747696876526,8.44314577009339,0.4396370053291321,0.7121846675872803,0.176177978515625,11.841868783920633,0.43008747696876526,True,0,0,700,pred[700] <-> gt[700] <-> mask[700]
701,701,701,results/B_mask_20_30_reliability_inference/line_debug/0175_center.png,/root/autodl-tmp/Inpainting/BundleFusion/B_imgs_gt/office0/01402.jpg,/root/autodl-tmp/Inpainting/masks/irregular_mask/mask_rates_20_30/0005069.png,0175_center.png,01402.jpg,0005069.png,0175_center,01402,0005069,"[256, 256]","[256, 256]","[256, 256]",False,False,0.253936767578125,16642,4.671485684160271,3.3211043064489756,0.0018171394476667047,0.0018682534573599696,5.2471073993817114,0.0022287846077233553,0.8925889134407043,0.26763916015625,3.7305432715111744,0.0018171394476667047,False,0,0,701,pred[701] <-> gt[701] <-> mask[701]
702,702,702,results/B_mask_20_30_reliability_inference/line_debug/0175_reliability.png,/root/autodl-tmp/Inpainting/BundleFusion/B_imgs_gt/office0/01404.jpg,/root/autodl-tmp/Inpainting/masks/irregular_mask/mask_rates_20_30/0005077.png,0175_reliability.png,01404.jpg,0005077.png,0175_reliability,01404,0005077,"[256, 256]","[256, 256]","[256, 256]",False,False,0.2685394287109375,17599,4.579414183555333,2.999201820557285,0.006265793461352587,0.004759016912430525,5.342421033557899,0.0071075051091611385,0.8663759231567383,0.1934814453125,4.3343714199766294,0.006417234893888235,False,0,0,702,pred[702] <-> gt[702] <-> mask[702]
703,703,703,results/B_mask_20_30_reliability_inference/line_debug/0175_soft.png,/root/autodl-tmp/Inpainting/BundleFusion/B_imgs_gt/office0/01406.jpg,/root/autodl-tmp/Inpainting/masks/irregular_mask/mask_rates_20_30/0005086.png,0175_soft.png,01406.jpg,0005086.png,0175_soft,01406,0005086,"[256, 256]","[256, 256]","[256, 256]",False,False,0.2763519287109375,18111,4.36748402332943,6.356302726501743,0.006735822651535273,0.008443235419690609,3.797248889975482,0.006469836458563805,0.8863182067871094,0.2604827880859375,5.151357788754466,0.007767500821501017,True,0,0,703,pred[703] <-> gt[703] <-> mask[703]
704,704,704,results/B_mask_20_30_reliability_inference/frames/0176.png,/root/autodl-tmp/Inpainting/BundleFusion/B_imgs_gt/office0/01408.jpg,/root/autodl-tmp/Inpainting/masks/irregular_mask/mask_rates_20_30/0005089.png,0176.png,01408.jpg,0005089.png,0176,01408,0005089,"[256, 256]","[256, 256]","[256, 256]",False,False,0.218505859375,14320,7.546907770829101,9.911726005157547,0.45336318016052246,0.5560541152954102,7.064827424670011,0.4564689099788666,0.7333405613899231,0.2628936767578125,8.716133143563319,0.4945204555988312,True,0,0,704,pred[704] <-> gt[704] <-> mask[704]
705,705,705,results/B_mask_20_30_reliability_inference/line_debug/0176_center.png,/root/autodl-tmp/Inpainting/BundleFusion/B_imgs_gt/office0/01410.jpg,/root/autodl-tmp/Inpainting/masks/irregular_mask/mask_rates_20_30/0005116.png,0176_center.png,01410.jpg,0005116.png,0176_center,01410,0005116,"[256, 256]","[256, 256]","[256, 256]",False,False,0.2877655029296875,18859,3.8215527369445472,1.4578253851628378,0.0017466973513364792,0.0021624916698783636,5.322786984966732,0.0020555658265948296,0.9222075343132019,0.20684814453125,3.305452789625325,0.00201371219009161,False,0,0,705,pred[705] <-> gt[705] <-> mask[705]
706,706,706,results/B_mask_20_30_reliability_inference/line_debug/0176_reliability.png,/root/autodl-tmp/Inpainting/BundleFusion/B_imgs_gt/office0/01412.jpg,/root/autodl-tmp/Inpainting/masks/irregular_mask/mask_rates_20_30/0005120.png,0176_reliability.png,01412.jpg,0005120.png,0176_reliability,01412,0005120,"[256, 256]","[256, 256]","[256, 256]",False,False,0.2505340576171875,16419,3.74081187858934,6.203966506278517,0.004978588316589594,0.0049652885645627975,3.1538933581443436,0.00444502430036664,0.9213046431541443,0.3420867919921875,4.864928210763973,0.004978588316589594,True,0,0,706,pred[706] <-> gt[706] <-> mask[706]
707,707,707,results/B_mask_20_30_reliability_inference/line_debug/0176_soft.png,/root/autodl-tmp/Inpainting/BundleFusion/B_imgs_gt/office0/01414.jpg,/root/autodl-tmp/Inpainting/masks/irregular_mask/mask_rates_20_30/0005121.png,0176_soft.png,01414.jpg,0005121.png,0176_soft,01414,0005121,"[256, 256]","[256, 256]","[256, 256]",False,False,0.2250213623046875,14747,3.5657422674507293,3.7516511638577734,0.005638717208057642,0.0055453176610171795,3.513219768180815,0.004849342163652182,0.927081823348999,0.360076904296875,3.515872674463289,0.0054988195188343525,True,0,0,707,pred[707] <-> gt[707] <-> mask[707]
708,708,708,results/B_mask_20_30_reliability_inference/frames/0177.png,/root/autodl-tmp/Inpainting/BundleFusion/B_imgs_gt/office0/01416.jpg,/root/autodl-tmp/Inpainting/masks/irregular_mask/mask_rates_20_30/0005125.png,0177.png,01416.jpg,0005125.png,0177,01416,0005125,"[256, 256]","[256, 256]","[256, 256]",False,False,0.284332275390625,18634,6.278422760839497,11.090538946225461,0.41653677821159363,0.41878747940063477,5.253722630554545,0.3478376567363739,0.7481241226196289,0.326629638671875,7.7812048599995665,0.41653677821159363,True,0,0,708,pred[708] <-> gt[708] <-> mask[708]
709,709,709,results/B_mask_20_30_reliability_inference/line_debug/0177_center.png,/root/autodl-tmp/Inpainting/BundleFusion/B_imgs_gt/office0/01418.jpg,/root/autodl-tmp/Inpainting/masks/irregular_mask/mask_rates_20_30/0005137.png,0177_center.png,01418.jpg,0005137.png,0177_center,01418,0005137,"[256, 256]","[256, 256]","[256, 256]",False,False,0.291961669921875,19134,2.990549183654804,3.2987046063343413,0.0011010491289198399,0.0014366935938596725,2.8695839593929744,0.0009639503550715744,0.9220073223114014,0.2218170166015625,3.340260057204296,0.0012569199316203594,True,0,0,709,pred[709] <-> gt[709] <-> mask[709]
710,710,710,results/B_mask_20_30_reliability_inference/line_debug/0177_reliability.png,/root/autodl-tmp/Inpainting/BundleFusion/B_imgs_gt/office0/01420.jpg,/root/autodl-tmp/Inpainting/masks/irregular_mask/mask_rates_20_30/0005139.png,0177_reliability.png,01420.jpg,0005139.png,0177_reliability,01420,0005139,"[256, 256]","[256, 256]","[256, 256]",False,False,0.2157135009765625,14137,2.892034704951901,2.3626140914437106,0.0045532644726336,0.0038672711234539747,3.0497248575530933,0.004522699397057295,0.9173073172569275,0.2422943115234375,2.6506162335128822,0.0036878231912851334,False,0,0,710,pred[710] <-> gt[710] <-> mask[710]
711,711,711,results/B_mask_20_30_reliability_inference/line_debug/0177_soft.png,/root/autodl-tmp/Inpainting/BundleFusion/B_imgs_gt/office0/01422.jpg,/root/autodl-tmp/Inpainting/masks/irregular_mask/mask_rates_20_30/0005145.png,0177_soft.png,01422.jpg,0005145.png,0177_soft,01422,0005145,"[256, 256]","[256, 256]","[256, 256]",False,False,0.2656097412109375,17407,2.743843344294933,3.397137210149465,0.00446548406034708,0.004229450132697821,2.5298378127151655,0.004412887617945671,0.895483136177063,0.376922607421875,2.8973429820245955,0.00446548406034708,True,0,0,711,pred[711] <-> gt[711] <-> mask[711]
712,712,712,results/B_mask_20_30_reliability_inference/frames/0178.png,/root/autodl-tmp/Inpainting/BundleFusion/B_imgs_gt/office0/01424.jpg,/root/autodl-tmp/Inpainting/masks/irregular_mask/mask_rates_20_30/0005160.png,0178.png,01424.jpg,0005160.png,0178,01424,0005160,"[256, 256]","[256, 256]","[256, 256]",False,False,0.225982666015625,14810,5.908990799864466,8.914269191125006,0.3914472162723541,0.46480491757392883,5.317858622230338,0.3531353175640106,0.7202721834182739,0.2698211669921875,6.325893472650161,0.41037091612815857,True,0,0,712,pred[712] <-> gt[712] <-> mask[712]
713,713,713,results/B_mask_20_30_reliability_inference/line_debug/0178_center.png,/root/autodl-tmp/Inpainting/BundleFusion/B_imgs_gt/office0/01426.jpg,/root/autodl-tmp/Inpainting/masks/irregular_mask/mask_rates_20_30/0005161.png,0178_center.png,01426.jpg,0005161.png,0178_center,01426,0005161,"[256, 256]","[256, 256]","[256, 256]",False,False,0.2298126220703125,15061,2.4653104828591688,3.658461002366532,0.0010088657727465034,0.0015730159357190132,2.164660204500345,0.0007627776940353215,0.8661212921142578,0.182281494140625,2.866002261007558,0.0011311040725558996,True,0,0,713,pred[713] <-> gt[713] <-> mask[713]
714,714,714,results/B_mask_20_30_reliability_inference/line_debug/0178_reliability.png,/root/autodl-tmp/Inpainting/BundleFusion/B_imgs_gt/office0/01428.jpg,/root/autodl-tmp/Inpainting/masks/irregular_mask/mask_rates_20_30/0005164.png,0178_reliability.png,01428.jpg,0005164.png,0178_reliability,01428,0005164,"[256, 256]","[256, 256]","[256, 256]",False,False,0.2679901123046875,17563,2.604774132581793,2.2464607214846923,0.003805391490459442,0.0036960362922400236,2.743715957004648,0.0042705531232059,0.8520598411560059,0.418701171875,2.413008839301016,0.003805391490459442,False,0,0,714,pred[714] <-> gt[714] <-> mask[714]
715,715,715,results/B_mask_20_30_reliability_inference/line_debug/0178_soft.png,/root/autodl-tmp/Inpainting/BundleFusion/B_imgs_gt/office0/01430.jpg,/root/autodl-tmp/Inpainting/masks/irregular_mask/mask_rates_20_30/0005165.png,0178_soft.png,01430.jpg,0005165.png,0178_soft,01430,0005165,"[256, 256]","[256, 256]","[256, 256]",False,False,0.2724761962890625,17857,2.9870822916847835,2.400074280980017,0.005731295794248581,0.005731295794248581,3.2291019430372243,0.006680550053715706,0.8253808617591858,0.336639404296875,2.9209319115100545,0.005731295794248581,False,0,0,715,pred[715] <-> gt[715] <-> mask[715]
716,716,716,results/B_mask_20_30_reliability_inference/frames/0179.png,/root/autodl-tmp/Inpainting/BundleFusion/B_imgs_gt/office0/01432.jpg,/root/autodl-tmp/Inpainting/masks/irregular_mask/mask_rates_20_30/0005168.png,0179.png,01432.jpg,0005168.png,0179,01432,0005168,"[256, 256]","[256, 256]","[256, 256]",False,False,0.2545928955078125,16685,7.22154530745862,4.989979007018322,0.354880690574646,0.3742421865463257,8.353345482169933,0.38269299268722534,0.6523855924606323,0.3642730712890625,7.334666491657127,0.354880690574646,False,0,0,716,pred[716] <-> gt[716] <-> mask[716]
717,717,717,results/B_mask_20_30_reliability_inference/line_debug/0179_center.png,/root/autodl-tmp/Inpainting/BundleFusion/B_imgs_gt/office0/01434.jpg,/root/autodl-tmp/Inpainting/masks/irregular_mask/mask_rates_20_30/0005179.png,0179_center.png,01434.jpg,0005179.png,0179_center,01434,0005179,"[256, 256]","[256, 256]","[256, 256]",False,False,0.2733917236328125,17917,3.4816836189223466,2.9592588397674016,0.002697557909414172,0.0017218136927112937,3.6957513988234156,0.0031409598886966705,0.8060425519943237,0.2856903076171875,3.9138192133865495,0.0024887409526854753,False,0,0,717,pred[717] <-> gt[717] <-> mask[717]
718,718,718,results/B_mask_20_30_reliability_inference/line_debug/0179_reliability.png,/root/autodl-tmp/Inpainting/BundleFusion/B_imgs_gt/office0/01436.jpg,/root/autodl-tmp/Inpainting/masks/irregular_mask/mask_rates_20_30/0005181.png,0179_reliability.png,01436.jpg,0005181.png,0179_reliability,01436,0005181,"[256, 256]","[256, 256]","[256, 256]",False,False,0.2906036376953125,19045,3.8759485619551164,4.842623431989433,0.0070968009531497955,0.007923400960862637,3.5346926925993767,0.007604903541505337,0.7983980178833008,0.21795654296875,5.579797238994314,0.007030224893242121,True,0,0,718,pred[718] <-> gt[718] <-> mask[718]
719,719,719,results/B_mask_20_30_reliability_inference/line_debug/0179_soft.png,/root/autodl-tmp/Inpainting/BundleFusion/B_imgs_gt/office0/01438.jpg,/root/autodl-tmp/Inpainting/masks/irregular_mask/mask_rates_20_30/0005194.png,0179_soft.png,01438.jpg,0005194.png,0179_soft,01438,0005194,"[256, 256]","[256, 256]","[256, 256]",False,False,0.268829345703125,17618,4.1997678688037725,6.4495504295874415,0.008016000501811504,0.008662115782499313,3.597883698444322,0.007245218846946955,0.8087452054023743,0.308349609375,4.695864877753849,0.007995584048330784,True,0,0,719,pred[719] <-> gt[719] <-> mask[719]
720,720,720,results/B_mask_20_30_reliability_inference/frames/0180.png,/root/autodl-tmp/Inpainting/BundleFusion/B_imgs_gt/office0/01440.jpg,/root/autodl-tmp/Inpainting/masks/irregular_mask/mask_rates_20_30/0005195.png,0180.png,01440.jpg,0005195.png,0180,01440,0005195,"[256, 256]","[256, 256]","[256, 256]",False,False,0.206634521484375,13542,8.575388225974066,8.951654648516861,0.30987200140953064,0.18749432265758514,8.482513435512121,0.34706494212150574,0.6471924781799316,0.314239501953125,8.393426703008943,0.23266907036304474,True,0,0,720,pred[720] <-> gt[720] <-> mask[720]
721,721,721,results/B_mask_20_30_reliability_inference/line_debug/0180_center.png,/root/autodl-tmp/Inpainting/BundleFusion/B_imgs_gt/office0/01442.jpg,/root/autodl-tmp/Inpainting/masks/irregular_mask/mask_rates_20_30/0005196.png,0180_center.png,01442.jpg,0005196.png,0180_center,01442,0005196,"[256, 256]","[256, 256]","[256, 256]",False,False,0.2801055908203125,18357,5.037097573834048,5.833393472997304,0.005544600542634726,0.005889436695724726,4.76285360455163,0.005066929385066032,0.8087161183357239,0.3487701416015625,5.8972243902258015,0.005941700655966997,True,0,0,721,pred[721] <-> gt[721] <-> mask[721]
722,722,722,results/B_mask_20_30_reliability_inference/line_debug/0180_reliability.png,/root/autodl-tmp/Inpainting/BundleFusion/B_imgs_gt/office0/01444.jpg,/root/autodl-tmp/Inpainting/masks/irregular_mask/mask_rates_20_30/0005208.png,0180_reliability.png,01444.jpg,0005208.png,0180_reliability,01444,0005208,"[256, 256]","[256, 256]","[256, 256]",False,False,0.28289794921875,18540,5.889602478843918,6.575764684715772,0.016785182058811188,0.016785182058811188,5.646163339416854,0.015848994255065918,0.7890853881835938,0.4486846923828125,6.487625822641045,0.016785182058811188,True,0,0,722,pred[722] <-> gt[722] <-> mask[722]
723,723,723,results/B_mask_20_30_reliability_inference/line_debug/0180_soft.png,/root/autodl-tmp/Inpainting/BundleFusion/B_imgs_gt/office0/01446.jpg,/root/autodl-tmp/Inpainting/masks/irregular_mask/mask_rates_20_30/0005211.png,0180_soft.png,01446.jpg,0005211.png,0180_soft,01446,0005211,"[256, 256]","[256, 256]","[256, 256]",False,False,0.2370758056640625,15537,6.497200044842484,4.240151526162285,0.01690950244665146,0.013779976405203342,7.530742544187992,0.02062789537012577,0.7854256629943848,0.2796173095703125,5.808622806324458,0.015334062278270721,False,0,0,723,pred[723] <-> gt[723] <-> mask[723]
724,724,724,results/B_mask_20_30_reliability_inference/frames/0181.png,/root/autodl-tmp/Inpainting/BundleFusion/B_imgs_gt/office0/01448.jpg,/root/autodl-tmp/Inpainting/masks/irregular_mask/mask_rates_20_30/0005251.png,0181.png,01448.jpg,0005251.png,0181,01448,0005251,"[256, 256]","[256, 256]","[256, 256]",False,False,0.2149505615234375,14087,11.216642375274038,11.611352106445905,0.29663243889808655,0.29663243889808655,11.11454404722947,0.3003878891468048,0.6515451669692993,0.2268524169921875,12.36307326316526,0.29663243889808655,True,0,0,724,pred[724] <-> gt[724] <-> mask[724]
725,725,725,results/B_mask_20_30_reliability_inference/line_debug/0181_center.png,/root/autodl-tmp/Inpainting/BundleFusion/B_imgs_gt/office0/01450.jpg,/root/autodl-tmp/Inpainting/masks/irregular_mask/mask_rates_20_30/0005258.png,0181_center.png,01450.jpg,0005258.png,0181_center,01450,0005258,"[256, 256]","[256, 256]","[256, 256]",False,False,0.279022216796875,18286,7.0098467207197865,9.548771824250482,0.0066605075262486935,0.0073309168219566345,6.323097818450191,0.0045306566171348095,0.762276291847229,0.3558197021484375,8.30522080130607,0.006726223975419998,True,0,0,725,pred[725] <-> gt[725] <-> mask[725]
726,726,726,results/B_mask_20_30_reliability_inference/line_debug/0181_reliability.png,/root/autodl-tmp/Inpainting/BundleFusion/B_imgs_gt/office0/01452.jpg,/root/autodl-tmp/Inpainting/masks/irregular_mask/mask_rates_20_30/0005280.png,0181_reliability.png,01452.jpg,0005280.png,0181_reliability,01452,0005280,"[256, 256]","[256, 256]","[256, 256]",False,False,0.2789154052734375,18279,7.399689116159768,7.168011100467282,0.016902422532439232,0.016333406791090965,7.4927252134245865,0.015695584937930107,0.7383953332901001,0.3743133544921875,7.359845730190121,0.01630719006061554,False,0,0,726,pred[726] <-> gt[726] <-> mask[726]
727,727,727,results/B_mask_20_30_reliability_inference/line_debug/0181_soft.png,/root/autodl-tmp/Inpainting/BundleFusion/B_imgs_gt/office0/01454.jpg,/root/autodl-tmp/Inpainting/masks/irregular_mask/mask_rates_20_30/0005313.png,0181_soft.png,01454.jpg,0005313.png,0181_soft,01454,0005313,"[256, 256]","[256, 256]","[256, 256]",False,False,0.234466552734375,15366,7.558002405703228,7.8721841059696125,0.018919939175248146,0.020730676129460335,7.46615173814734,0.01618914306163788,0.7387200593948364,0.3661651611328125,8.409228801819507,0.018984222784638405,True,0,0,727,pred[727] <-> gt[727] <-> mask[727]
728,728,728,results/B_mask_20_30_reliability_inference/frames/0182.png,/root/autodl-tmp/Inpainting/BundleFusion/B_imgs_gt/office0/01456.jpg,/root/autodl-tmp/Inpainting/masks/irregular_mask/mask_rates_20_30/0005315.png,0182.png,01456.jpg,0005315.png,0182,01456,0005315,"[256, 256]","[256, 256]","[256, 256]",False,False,0.2642669677734375,17319,12.731263189418346,13.609684187734686,0.2911575138568878,0.2921999394893646,12.454608627270744,0.2743765413761139,0.6781719923019409,0.38934326171875,12.514650932831216,0.2911575138568878,True,0,0,728,pred[728] <-> gt[728] <-> mask[728]
729,729,729,results/B_mask_20_30_reliability_inference/line_debug/0182_center.png,/root/autodl-tmp/Inpainting/BundleFusion/B_imgs_gt/office0/01458.jpg,/root/autodl-tmp/Inpainting/masks/irregular_mask/mask_rates_20_30/0005322.png,0182_center.png,01458.jpg,0005322.png,0182_center,01458,0005322,"[256, 256]","[256, 256]","[256, 256]",False,False,0.2496490478515625,16361,7.264446008876744,5.643196371012752,0.002875668229535222,0.002325348323211074,7.973123840496978,0.003730753669515252,0.7925963401794434,0.324615478515625,7.187980686666656,0.002875668229535222,False,0,0,729,pred[729] <-> gt[729] <-> mask[729]
730,730,730,results/B_mask_20_30_reliability_inference/line_debug/0182_reliability.png,/root/autodl-tmp/Inpainting/BundleFusion/B_imgs_gt/office0/01460.jpg,/root/autodl-tmp/Inpainting/masks/irregular_mask/mask_rates_20_30/0005326.png,0182_reliability.png,01460.jpg,0005326.png,0182_reliability,01460,0005326,"[256, 256]","[256, 256]","[256, 256]",False,False,0.2960205078125,19400,7.527579233121415,5.765019566437674,0.016771063208580017,0.014663856476545334,8.553988183790246,0.021092291921377182,0.779244065284729,0.2755279541015625,7.419189270057906,0.016771063208580017,False,0,0,730,pred[730] <-> gt[730] <-> mask[730]
731,731,731,results/B_mask_20_30_reliability_inference/line_debug/0182_soft.png,/root/autodl-tmp/Inpainting/BundleFusion/B_imgs_gt/office0/01462.jpg,/root/autodl-tmp/Inpainting/masks/irregular_mask/mask_rates_20_30/0005340.png,0182_soft.png,01462.jpg,0005340.png,0182_soft,01462,0005340,"[256, 256]","[256, 256]","[256, 256]",False,False,0.2378997802734375,15591,7.60737914143286,5.6582415540139515,0.018207276239991188,0.017557574436068535,8.452440031579783,0.01801411621272564,0.7765216827392578,0.3319549560546875,8.175145623883166,0.018207276239991188,False,0,0,731,pred[731] <-> gt[731] <-> mask[731]
732,732,732,results/B_mask_20_30_reliability_inference/frames/0183.png,/root/autodl-tmp/Inpainting/BundleFusion/B_imgs_gt/office0/01464.jpg,/root/autodl-tmp/Inpainting/masks/irregular_mask/mask_rates_20_30/0005345.png,0183.png,01464.jpg,0005345.png,0183,01464,0005345,"[256, 256]","[256, 256]","[256, 256]",False,False,0.230072021484375,15078,12.254342538415381,12.657213386166564,0.2715480327606201,0.2742637097835541,12.140866062765802,0.2739504873752594,0.6987860202789307,0.277069091796875,13.80901806820891,0.2729133069515228,True,0,0,732,pred[732] <-> gt[732] <-> mask[732]
733,733,733,results/B_mask_20_30_reliability_inference/line_debug/0183_center.png,/root/autodl-tmp/Inpainting/BundleFusion/B_imgs_gt/office0/01466.jpg,/root/autodl-tmp/Inpainting/masks/irregular_mask/mask_rates_20_30/0005346.png,0183_center.png,01466.jpg,0005346.png,0183_center,01466,0005346,"[256, 256]","[256, 256]","[256, 256]",False,False,0.2258453369140625,14801,7.7844577176848055,6.971325889410712,0.0058815511874854565,0.005764645058661699,8.053498076411614,0.006955904886126518,0.7760130167007446,0.263671875,6.8784339234067815,0.0058815511874854565,False,0,0,733,pred[733] <-> gt[733] <-> mask[733]
734,734,734,results/B_mask_20_30_reliability_inference/line_debug/0183_reliability.png,/root/autodl-tmp/Inpainting/BundleFusion/B_imgs_gt/office0/01468.jpg,/root/autodl-tmp/Inpainting/masks/irregular_mask/mask_rates_20_30/0005353.png,0183_reliability.png,01468.jpg,0005353.png,0183_reliability,01468,0005353,"[256, 256]","[256, 256]","[256, 256]",False,False,0.2530670166015625,16585,8.17092347921723,6.098176992478991,0.01868864893913269,0.015194565057754517,9.17948964619068,0.02216055616736412,0.763858437538147,0.2102813720703125,7.976997347673233,0.01660284958779812,False,0,0,734,pred[734] <-> gt[734] <-> mask[734]
735,735,735,results/B_mask_20_30_reliability_inference/line_debug/0183_soft.png,/root/autodl-tmp/Inpainting/BundleFusion/B_imgs_gt/office0/01470.jpg,/root/autodl-tmp/Inpainting/masks/irregular_mask/mask_rates_20_30/0005358.png,0183_soft.png,01470.jpg,0005358.png,0183_soft,01470,0005358,"[256, 256]","[256, 256]","[256, 256]",False,False,0.2542572021484375,16663,8.209191849818058,9.290957916918469,0.021816221997141838,0.019083956256508827,7.8944041631234825,0.019632326439023018,0.7658596038818359,0.3247528076171875,9.510576387265056,0.021816221997141838,True,0,0,735,pred[735] <-> gt[735] <-> mask[735]
736,736,736,results/B_mask_20_30_reliability_inference/frames/0184.png,/root/autodl-tmp/Inpainting/BundleFusion/B_imgs_gt/office0/01472.jpg,/root/autodl-tmp/Inpainting/masks/irregular_mask/mask_rates_20_30/0005360.png,0184.png,01472.jpg,0005360.png,0184,01472,0005360,"[256, 256]","[256, 256]","[256, 256]",False,False,0.2524566650390625,16545,12.909377955031616,13.23909139513733,0.34614476561546326,0.3693962097167969,12.80345286487779,0.34679165482521057,0.6602736711502075,0.28326416015625,11.952416086022968,0.34761545062065125,True,0,0,736,pred[736] <-> gt[736] <-> mask[736]
737,737,737,results/B_mask_20_30_reliability_inference/line_debug/0184_center.png,/root/autodl-tmp/Inpainting/BundleFusion/B_imgs_gt/office0/01474.jpg,/root/autodl-tmp/Inpainting/masks/irregular_mask/mask_rates_20_30/0005376.png,0184_center.png,01474.jpg,0005376.png,0184_center,01474,0005376,"[256, 256]","[256, 256]","[256, 256]",False,False,0.231964111328125,15202,7.398828439211923,7.335244566301697,0.006742712110280991,0.0069753509014844894,7.4182156253236755,0.006772421300411224,0.7535329461097717,0.335235595703125,7.433122058946779,0.006742712110280991,False,0,0,737,pred[737] <-> gt[737] <-> mask[737]
738,738,738,results/B_mask_20_30_reliability_inference/line_debug/0184_reliability.png,/root/autodl-tmp/Inpainting/BundleFusion/B_imgs_gt/office0/01476.jpg,/root/autodl-tmp/Inpainting/masks/irregular_mask/mask_rates_20_30/0005378.png,0184_reliability.png,01476.jpg,0005378.png,0184_reliability,01476,0005378,"[256, 256]","[256, 256]","[256, 256]",False,False,0.256805419921875,16830,7.416901191746495,5.505800255566151,0.017168866470456123,0.016658127307891846,8.33746524936981,0.015813561156392097,0.7464807033538818,0.312286376953125,6.3989980004512645,0.0171388927847147,False,0,0,738,pred[738] <-> gt[738] <-> mask[738]
739,739,739,results/B_mask_20_30_reliability_inference/line_debug/0184_soft.png,/root/autodl-tmp/Inpainting/BundleFusion/B_imgs_gt/office0/01478.jpg,/root/autodl-tmp/Inpainting/masks/irregular_mask/mask_rates_20_30/0005380.png,0184_soft.png,01478.jpg,0005380.png,0184_soft,01478,0005380,"[256, 256]","[256, 256]","[256, 256]",False,False,0.2660980224609375,17439,6.990662272553429,8.266804452128355,0.01675339601933956,0.02202812395989895,6.607183547869122,0.01688363403081894,0.7479308247566223,0.281890869140625,8.117523096872286,0.01957716792821884,True,0,0,739,pred[739] <-> gt[739] <-> mask[739]
740,740,740,results/B_mask_20_30_reliability_inference/frames/0185.png,/root/autodl-tmp/Inpainting/BundleFusion/B_imgs_gt/office0/01480.jpg,/root/autodl-tmp/Inpainting/masks/irregular_mask/mask_rates_20_30/0005393.png,0185.png,01480.jpg,0005393.png,0185,01480,0005393,"[256, 256]","[256, 256]","[256, 256]",False,False,0.2998199462890625,19649,11.359109082300504,9.512529914096937,0.37395644187927246,0.38023877143859863,12.476739184053487,0.4194841980934143,0.6652888655662537,0.33984375,11.297858074552849,0.37465575337409973,False,0,0,740,pred[740] <-> gt[740] <-> mask[740]
741,741,741,results/B_mask_20_30_reliability_inference/line_debug/0185_center.png,/root/autodl-tmp/Inpainting/BundleFusion/B_imgs_gt/office0/01482.jpg,/root/autodl-tmp/Inpainting/masks/irregular_mask/mask_rates_20_30/0005399.png,0185_center.png,01482.jpg,0005399.png,0185_center,01482,0005399,"[256, 256]","[256, 256]","[256, 256]",False,False,0.2664642333984375,17463,5.891229114737913,5.390684731123178,0.006065788213163614,0.006065788213163614,6.088355717831556,0.005897334311157465,0.7874869704246521,0.2946624755859375,5.725337703125051,0.006065788213163614,False,0,0,741,pred[741] <-> gt[741] <-> mask[741]
742,742,742,results/B_mask_20_30_reliability_inference/line_debug/0185_reliability.png,/root/autodl-tmp/Inpainting/BundleFusion/B_imgs_gt/office0/01484.jpg,/root/autodl-tmp/Inpainting/masks/irregular_mask/mask_rates_20_30/0005400.png,0185_reliability.png,01484.jpg,0005400.png,0185_reliability,01484,0005400,"[256, 256]","[256, 256]","[256, 256]",False,False,0.2008209228515625,13161,5.484522154638018,7.046582529239693,0.009034153074026108,0.009152638725936413,5.166752781821932,0.007845604792237282,0.8071289658546448,0.2589569091796875,5.348768457782858,0.009034153074026108,True,0,0,742,pred[742] <-> gt[742] <-> mask[742]
743,743,743,results/B_mask_20_30_reliability_inference/line_debug/0185_soft.png,/root/autodl-tmp/Inpainting/BundleFusion/B_imgs_gt/office0/01486.jpg,/root/autodl-tmp/Inpainting/masks/irregular_mask/mask_rates_20_30/0005401.png,0185_soft.png,01486.jpg,0005401.png,0185_soft,01486,0005401,"[256, 256]","[256, 256]","[256, 256]",False,False,0.2400054931640625,15729,5.270228624720329,3.6044990928987115,0.010404652915894985,0.011368450708687305,5.963949907203395,0.01327916793525219,0.8138997554779053,0.2100830078125,5.223639456313257,0.010412625968456268,False,0,0,743,pred[743] <-> gt[743] <-> mask[743]
744,744,744,results/B_mask_20_30_reliability_inference/frames/0186.png,/root/autodl-tmp/Inpainting/BundleFusion/B_imgs_gt/office0/01488.jpg,/root/autodl-tmp/Inpainting/masks/irregular_mask/mask_rates_20_30/0005413.png,0186.png,01488.jpg,0005413.png,0186,01488,0005413,"[256, 256]","[256, 256]","[256, 256]",False,False,0.204132080078125,13378,9.28035206229763,8.935322867655604,0.3259825110435486,0.29697322845458984,9.373449188285806,0.31441763043403625,0.6892271041870117,0.341766357421875,9.067312117523494,0.32443979382514954,False,0,0,744,pred[744] <-> gt[744] <-> mask[744]
745,745,745,results/B_mask_20_30_reliability_inference/line_debug/0186_center.png,/root/autodl-tmp/Inpainting/BundleFusion/B_imgs_gt/office0/01490.jpg,/root/autodl-tmp/Inpainting/masks/irregular_mask/mask_rates_20_30/0005418.png,0186_center.png,01490.jpg,0005418.png,0186_center,01490,0005418,"[256, 256]","[256, 256]","[256, 256]",False,False,0.2440643310546875,15995,5.656198568362674,6.645551039462381,0.0059656985104084015,0.008618220686912537,5.379545192142362,0.004124818369746208,0.7980749607086182,0.3021240234375,6.732706909168053,0.006587514188140631,True,0,0,745,pred[745] <-> gt[745] <-> mask[745]
746,746,746,results/B_mask_20_30_reliability_inference/line_debug/0186_reliability.png,/root/autodl-tmp/Inpainting/BundleFusion/B_imgs_gt/office0/01492.jpg,/root/autodl-tmp/Inpainting/masks/irregular_mask/mask_rates_20_30/0005428.png,0186_reliability.png,01492.jpg,0005428.png,0186_reliability,01492,0005428,"[256, 256]","[256, 256]","[256, 256]",False,False,0.241943359375,15856,6.109677897908533,4.238576075352426,0.016669578850269318,0.005148221738636494,6.928763246618393,0.020541364327073097,0.7876001596450806,0.205841064453125,5.500670920597194,0.004569483455270529,False,0,0,746,pred[746] <-> gt[746] <-> mask[746]
747,747,747,results/B_mask_20_30_reliability_inference/line_debug/0186_soft.png,/root/autodl-tmp/Inpainting/BundleFusion/B_imgs_gt/office0/01494.jpg,/root/autodl-tmp/Inpainting/masks/irregular_mask/mask_rates_20_30/0005429.png,0186_soft.png,01494.jpg,0005429.png,0186_soft,01494,0005429,"[256, 256]","[256, 256]","[256, 256]",False,False,0.2859954833984375,18743,6.164755432846169,4.8062454219896775,0.017275599762797356,0.004501167684793472,6.855807286076362,0.0211043618619442,0.7948172092437744,0.33795166015625,5.432746785417897,0.008697450160980225,False,0,0,747,pred[747] <-> gt[747] <-> mask[747]
748,748,748,results/B_mask_20_30_reliability_inference/frames/0187.png,/root/autodl-tmp/Inpainting/BundleFusion/B_imgs_gt/office0/01496.jpg,/root/autodl-tmp/Inpainting/masks/irregular_mask/mask_rates_20_30/0005438.png,0187.png,01496.jpg,0005438.png,0187,01496,0005438,"[256, 256]","[256, 256]","[256, 256]",False,False,0.2733001708984375,17911,10.110382800511964,9.577418825925202,0.2985447943210602,0.2942293882369995,10.32905374893367,0.29920366406440735,0.7352365255355835,0.420379638671875,9.292198969052926,0.2985447943210602,False,0,0,748,pred[748] <-> gt[748] <-> mask[748]
749,749,749,results/B_mask_20_30_reliability_inference/line_debug/0187_center.png,/root/autodl-tmp/Inpainting/BundleFusion/B_imgs_gt/office0/01498.jpg,/root/autodl-tmp/Inpainting/masks/irregular_mask/mask_rates_20_30/0005442.png,0187_center.png,01498.jpg,0005442.png,0187_center,01498,0005442,"[256, 256]","[256, 256]","[256, 256]",False,False,0.25311279296875,16588,6.549151050395976,7.247510256461397,0.006504878401756287,0.00791975948959589,6.33585640340736,0.004169011022895575,0.8031198978424072,0.3480987548828125,6.128669825773873,0.007064442615956068,True,0,0,749,pred[749] <-> gt[749] <-> mask[749]
750,750,750,results/B_mask_20_30_reliability_inference/line_debug/0187_reliability.png,/root/autodl-tmp/Inpainting/BundleFusion/B_imgs_gt/office0/01500.jpg,/root/autodl-tmp/Inpainting/masks/irregular_mask/mask_rates_20_30/0005443.png,0187_reliability.png,01500.jpg,0005443.png,0187_reliability,01500,0005443,"[256, 256]","[256, 256]","[256, 256]",False,False,0.2968292236328125,19453,6.996901509357725,5.4970209771921485,0.023263150826096535,0.01742555946111679,7.827773300582051,0.02857336215674877,0.7761856913566589,0.30401611328125,6.017831514930072,0.027985110878944397,False,0,0,750,pred[750] <-> gt[750] <-> mask[750]
751,751,751,results/B_mask_20_30_reliability_inference/line_debug/0187_soft.png,/root/autodl-tmp/Inpainting/BundleFusion/B_imgs_gt/office0/01502.jpg,/root/autodl-tmp/Inpainting/masks/irregular_mask/mask_rates_20_30/0005447.png,0187_soft.png,01502.jpg,0005447.png,0187_soft,01502,0005447,"[256, 256]","[256, 256]","[256, 256]",False,False,0.2932891845703125,19221,7.174236081203876,7.371931279374845,0.02623560279607773,0.030220722779631615,7.094761699169611,0.01537900511175394,0.7539727091789246,0.39300537109375,7.478724416035188,0.028392085805535316,True,0,0,751,pred[751] <-> gt[751] <-> mask[751]
752,752,752,results/B_mask_20_30_reliability_inference/frames/0188.png,/root/autodl-tmp/Inpainting/BundleFusion/B_imgs_gt/office0/01504.jpg,/root/autodl-tmp/Inpainting/masks/irregular_mask/mask_rates_20_30/0005450.png,0188.png,01504.jpg,0005450.png,0188,01504,0005450,"[256, 256]","[256, 256]","[256, 256]",False,False,0.294189453125,19280,11.194256574736993,10.229203821249072,0.27513715624809265,0.2459774762392044,11.669806868706319,0.33684903383255005,0.7515564560890198,0.3113555908203125,11.292425924151937,0.2674885392189026,False,0,0,752,pred[752] <-> gt[752] <-> mask[752]
753,753,753,results/B_mask_20_30_reliability_inference/line_debug/0188_center.png,/root/autodl-tmp/Inpainting/BundleFusion/B_imgs_gt/office0/01506.jpg,/root/autodl-tmp/Inpainting/masks/irregular_mask/mask_rates_20_30/0005460.png,0188_center.png,01506.jpg,0005460.png,0188_center,01506,0005460,"[256, 256]","[256, 256]","[256, 256]",False,False,0.2580718994140625,16913,7.373553073828374,6.38069533132837,0.012329109013080597,0.012127305381000042,7.780013835451615,0.01464457344263792,0.7669166326522827,0.2446136474609375,8.372268034434509,0.011494467966258526,False,0,0,753,pred[753] <-> gt[753] <-> mask[753]
754,754,754,results/B_mask_20_30_reliability_inference/line_debug/0188_reliability.png,/root/autodl-tmp/Inpainting/BundleFusion/B_imgs_gt/office0/01508.jpg,/root/autodl-tmp/Inpainting/masks/irregular_mask/mask_rates_20_30/0005484.png,0188_reliability.png,01508.jpg,0005484.png,0188_reliability,01508,0005484,"[256, 256]","[256, 256]","[256, 256]",False,False,0.2805633544921875,18387,7.623257567071656,9.34254266378099,0.02695382572710514,0.03515724465250969,7.102137485544635,0.02174147590994835,0.7521429657936096,0.2766265869140625,8.155098323487023,0.029569590464234352,True,0,0,754,pred[754] <-> gt[754] <-> mask[754]
755,755,755,results/B_mask_20_30_reliability_inference/line_debug/0188_soft.png,/root/autodl-tmp/Inpainting/BundleFusion/B_imgs_gt/office0/01510.jpg,/root/autodl-tmp/Inpainting/masks/irregular_mask/mask_rates_20_30/0005485.png,0188_soft.png,01510.jpg,0005485.png,0188_soft,01510,0005485,"[256, 256]","[256, 256]","[256, 256]",False,False,0.272979736328125,17890,7.630538719335771,7.637109766596795,0.03152715042233467,0.03152715042233467,7.628073810539667,0.03277814760804176,0.7637384533882141,0.342437744140625,7.051782241393729,0.03152715042233467,True,0,0,755,pred[755] <-> gt[755] <-> mask[755]
756,756,756,results/B_mask_20_30_reliability_inference/frames/0189.png,/root/autodl-tmp/Inpainting/BundleFusion/B_imgs_gt/office0/01512.jpg,/root/autodl-tmp/Inpainting/masks/irregular_mask/mask_rates_20_30/0005497.png,0189.png,01512.jpg,0005497.png,0189,01512,0005497,"[256, 256]","[256, 256]","[256, 256]",False,False,0.2610015869140625,17105,11.014289111985436,11.136958559125071,0.2318747490644455,0.22295647859573364,10.971778632812107,0.2474225014448166,0.7688192129135132,0.384613037109375,10.444310116539942,0.23141038417816162,True,0,0,756,pred[756] <-> gt[756] <-> mask[756]
757,757,757,results/B_mask_20_30_reliability_inference/line_debug/0189_center.png,/root/autodl-tmp/Inpainting/BundleFusion/B_imgs_gt/office0/01514.jpg,/root/autodl-tmp/Inpainting/masks/irregular_mask/mask_rates_20_30/0005499.png,0189_center.png,01514.jpg,0005499.png,0189_center,01514,0005499,"[256, 256]","[256, 256]","[256, 256]",False,False,0.266326904296875,17454,7.828373965725866,7.8126324067587225,0.023957878351211548,0.0290621817111969,7.834102204036442,0.02302367053925991,0.7634943723678589,0.3809814453125,7.290052734143517,0.025452107191085815,False,0,0,757,pred[757] <-> gt[757] <-> mask[757]
758,758,758,results/B_mask_20_30_reliability_inference/line_debug/0189_reliability.png,/root/autodl-tmp/Inpainting/BundleFusion/B_imgs_gt/office0/01516.jpg,/root/autodl-tmp/Inpainting/masks/irregular_mask/mask_rates_20_30/0005515.png,0189_reliability.png,01516.jpg,0005515.png,0189_reliability,01516,0005515,"[256, 256]","[256, 256]","[256, 256]",False,False,0.2825775146484375,18519,8.301806945487355,9.620352280909588,0.041180212050676346,0.05518011376261711,7.8755138435778695,0.040988147258758545,0.7673824429512024,0.25311279296875,10.541545739928296,0.04353078827261925,True,0,0,758,pred[758] <-> gt[758] <-> mask[758]
759,759,759,results/B_mask_20_30_reliability_inference/line_debug/0189_soft.png,/root/autodl-tmp/Inpainting/BundleFusion/B_imgs_gt/office0/01518.jpg,/root/autodl-tmp/Inpainting/masks/irregular_mask/mask_rates_20_30/0005518.png,0189_soft.png,01518.jpg,0005518.png,0189_soft,01518,0005518,"[256, 256]","[256, 256]","[256, 256]",False,False,0.2701568603515625,17705,8.716025971655055,8.550930452695571,0.04271114990115166,0.053474199026823044,8.778764653277014,0.043851446360349655,0.772649884223938,0.2327880859375,10.314149010071345,0.051824867725372314,False,0,0,759,pred[759] <-> gt[759] <-> mask[759]
760,760,760,results/B_mask_20_30_reliability_inference/frames/0190.png,/root/autodl-tmp/Inpainting/BundleFusion/B_imgs_gt/office0/01520.jpg,/root/autodl-tmp/Inpainting/masks/irregular_mask/mask_rates_20_30/0005529.png,0190.png,01520.jpg,0005529.png,0190,01520,0005529,"[256, 256]","[256, 256]","[256, 256]",False,False,0.2356109619140625,15441,11.317698903320416,10.33053639057746,0.23812372982501984,0.2385646253824234,11.67351948902941,0.25245994329452515,0.7661739587783813,0.3160552978515625,11.39208880887433,0.23812372982501984,False,0,0,760,pred[760] <-> gt[760] <-> mask[760]
761,761,761,results/B_mask_20_30_reliability_inference/line_debug/0190_center.png,/root/autodl-tmp/Inpainting/BundleFusion/B_imgs_gt/office0/01522.jpg,/root/autodl-tmp/Inpainting/masks/irregular_mask/mask_rates_20_30/0005533.png,0190_center.png,01522.jpg,0005533.png,0190_center,01522,0005533,"[256, 256]","[256, 256]","[256, 256]",False,False,0.2126007080078125,13933,8.87264328410263,9.247015995750154,0.03414718806743622,0.032301656901836395,8.776859849459807,0.031456783413887024,0.7629563808441162,0.227935791015625,8.03838419703122,0.033080633729696274,True,0,0,761,pred[761] <-> gt[761] <-> mask[761]
762,762,762,results/B_mask_20_30_reliability_inference/line_debug/0190_reliability.png,/root/autodl-tmp/Inpainting/BundleFusion/B_imgs_gt/office0/01524.jpg,/root/autodl-tmp/Inpainting/masks/irregular_mask/mask_rates_20_30/0005548.png,0190_reliability.png,01524.jpg,0005548.png,0190_reliability,01524,0005548,"[256, 256]","[256, 256]","[256, 256]",False,False,0.20440673828125,13396,9.164305884716219,8.951214432570946,0.05342093110084534,0.04398077726364136,9.2207848517988,0.056813959032297134,0.7392058372497559,0.2804718017578125,9.101998273796982,0.06851062923669815,False,0,0,762,pred[762] <-> gt[762] <-> mask[762]
763,763,763,results/B_mask_20_30_reliability_inference/line_debug/0190_soft.png,/root/autodl-tmp/Inpainting/BundleFusion/B_imgs_gt/office0/01526.jpg,/root/autodl-tmp/Inpainting/masks/irregular_mask/mask_rates_20_30/0005551.png,0190_soft.png,01526.jpg,0005551.png,0190_soft,01526,0005551,"[256, 256]","[256, 256]","[256, 256]",False,False,0.2145538330078125,14061,8.994722397314508,10.254514820674203,0.049711037427186966,0.0642830953001976,8.705836416938293,0.048547692596912384,0.7443804740905762,0.2786865234375,8.679947087997652,0.05645833536982536,True,0,0,763,pred[763] <-> gt[763] <-> mask[763]
764,764,764,results/B_mask_20_30_reliability_inference/frames/0191.png,/root/autodl-tmp/Inpainting/BundleFusion/B_imgs_gt/office0/01528.jpg,/root/autodl-tmp/Inpainting/masks/irregular_mask/mask_rates_20_30/0005552.png,0191.png,01528.jpg,0005552.png,0191,01528,0005552,"[256, 256]","[256, 256]","[256, 256]",False,False,0.2819366455078125,18477,12.129787656718774,13.012277382867229,0.24578726291656494,0.22947609424591064,11.827030157789542,0.24687622487545013,0.7727129459381104,0.3149261474609375,13.187761513324503,0.23767133057117462,True,0,0,764,pred[764] <-> gt[764] <-> mask[764]
765,765,765,results/B_mask_20_30_reliability_inference/line_debug/0191_center.png,/root/autodl-tmp/Inpainting/BundleFusion/B_imgs_gt/office0/01530.jpg,/root/autodl-tmp/Inpainting/masks/irregular_mask/mask_rates_20_30/0005576.png,0191_center.png,01530.jpg,0005576.png,0191_center,01530,0005576,"[256, 256]","[256, 256]","[256, 256]",False,False,0.2796173095703125,18325,8.066548980546989,8.088697828935306,0.024864792823791504,0.02622196637094021,8.05798230586409,0.03182273730635643,0.7719987630844116,0.3422393798828125,8.043434324193107,0.024864792823791504,True,0,0,765,pred[765] <-> gt[765] <-> mask[765]
766,766,766,results/B_mask_20_30_reliability_inference/line_debug/0191_reliability.png,/root/autodl-tmp/Inpainting/BundleFusion/B_imgs_gt/office0/01532.jpg,/root/autodl-tmp/Inpainting/masks/irregular_mask/mask_rates_20_30/0005584.png,0191_reliability.png,01532.jpg,0005584.png,0191_reliability,01532,0005584,"[256, 256]","[256, 256]","[256, 256]",False,False,0.2755889892578125,18061,8.051368052844872,9.192239380227466,0.029232388362288475,0.03085118532180786,7.685522637706602,0.028006872162222862,0.7833074927330017,0.4004364013671875,8.695343596433961,0.029232388362288475,True,0,0,766,pred[766] <-> gt[766] <-> mask[766]
767,767,767,results/B_mask_20_30_reliability_inference/line_debug/0191_soft.png,/root/autodl-tmp/Inpainting/BundleFusion/B_imgs_gt/office0/01534.jpg,/root/autodl-tmp/Inpainting/masks/irregular_mask/mask_rates_20_30/0005587.png,0191_soft.png,01534.jpg,0005587.png,0191_soft,01534,0005587,"[256, 256]","[256, 256]","[256, 256]",False,False,0.2215118408203125,14517,8.318086829699475,6.548673263959092,0.03114517219364643,0.029749536886811256,8.98881966509526,0.03730737045407295,0.7755537033081055,0.3438568115234375,7.460671271505598,0.03114517219364643,False,0,0,767,pred[767] <-> gt[767] <-> mask[767]
768,768,768,results/B_mask_20_30_reliability_inference/frames/0192.png,/root/autodl-tmp/Inpainting/BundleFusion/B_imgs_gt/office0/01536.jpg,/root/autodl-tmp/Inpainting/masks/irregular_mask/mask_rates_20_30/0005589.png,0192.png,01536.jpg,0005589.png,0192,01536,0005589,"[256, 256]","[256, 256]","[256, 256]",False,False,0.2095947265625,13736,12.314515815693172,12.347131891466374,0.22667296230793,0.2008853703737259,12.305907527233897,0.23604756593704224,0.8024675250053406,0.291259765625,11.924918938500626,0.20443885028362274,True,0,0,768,pred[768] <-> gt[768] <-> mask[768]
769,769,769,results/B_mask_20_30_reliability_inference/line_debug/0192_center.png,/root/autodl-tmp/Inpainting/BundleFusion/B_imgs_gt/office0/01538.jpg,/root/autodl-tmp/Inpainting/masks/irregular_mask/mask_rates_20_30/0005592.png,0192_center.png,01538.jpg,0005592.png,0192_center,01538,0005592,"[256, 256]","[256, 256]","[256, 256]",False,False,0.276519775390625,18122,8.950916961355965,9.71571602641247,0.03219694644212723,0.04324430227279663,8.690841223145775,0.024179324507713318,0.757576048374176,0.3745574951171875,9.832548220557996,0.03399810567498207,True,0,0,769,pred[769] <-> gt[769] <-> mask[769]
770,770,770,results/B_mask_20_30_reliability_inference/line_debug/0192_reliability.png,/root/autodl-tmp/Inpainting/BundleFusion/B_imgs_gt/office0/01540.jpg,/root/autodl-tmp/Inpainting/masks/irregular_mask/mask_rates_20_30/0005598.png,0192_reliability.png,01540.jpg,0005598.png,0192_reliability,01540,0005598,"[256, 256]","[256, 256]","[256, 256]",False,False,0.2144317626953125,14053,9.523993340139267,8.440367963588745,0.05338259041309357,0.056035514920949936,9.873662660634345,0.05147770419716835,0.7419074177742004,0.3725738525390625,10.498895213631007,0.051706161350011826,False,0,0,770,pred[770] <-> gt[770] <-> mask[770]
771,771,771,results/B_mask_20_30_reliability_inference/line_debug/0192_soft.png,/root/autodl-tmp/Inpainting/BundleFusion/B_imgs_gt/office0/01542.jpg,/root/autodl-tmp/Inpainting/masks/irregular_mask/mask_rates_20_30/0005602.png,0192_soft.png,01542.jpg,0005602.png,0192_soft,01542,0005602,"[256, 256]","[256, 256]","[256, 256]",False,False,0.2920074462890625,19137,9.937650085675278,9.764868666779265,0.0604889802634716,0.05847666785120964,10.010964824229582,0.06472562998533249,0.7212616205215454,0.3788909912109375,9.990274473184208,0.0604889802634716,False,0,0,771,pred[771] <-> gt[771] <-> mask[771]
772,772,772,results/B_mask_20_30_reliability_inference/frames/0193.png,/root/autodl-tmp/Inpainting/BundleFusion/B_imgs_gt/office0/01544.jpg,/root/autodl-tmp/Inpainting/masks/irregular_mask/mask_rates_20_30/0005605.png,0193.png,01544.jpg,0005605.png,0193,01544,0005605,"[256, 256]","[256, 256]","[256, 256]",False,False,0.2457733154296875,16107,12.549486586794053,15.083159542992167,0.2567145526409149,0.2647312581539154,11.965107570645308,0.23873676359653473,0.7935068607330322,0.4069671630859375,13.608292918892124,0.2567145526409149,True,0,0,772,pred[772] <-> gt[772] <-> mask[772]
773,773,773,results/B_mask_20_30_reliability_inference/line_debug/0193_center.png,/root/autodl-tmp/Inpainting/BundleFusion/B_imgs_gt/office0/01546.jpg,/root/autodl-tmp/Inpainting/masks/irregular_mask/mask_rates_20_30/0005606.png,0193_center.png,01546.jpg,0005606.png,0193_center,01546,0005606,"[256, 256]","[256, 256]","[256, 256]",False,False,0.2264862060546875,14843,9.79255787441911,8.908416142137078,0.03879047557711601,0.03990843519568443,10.089601960929224,0.038019344210624695,0.7433353662490845,0.392547607421875,10.367805929183827,0.04105747863650322,False,0,0,773,pred[773] <-> gt[773] <-> mask[773]
774,774,774,results/B_mask_20_30_reliability_inference/line_debug/0193_reliability.png,/root/autodl-tmp/Inpainting/BundleFusion/B_imgs_gt/office0/01548.jpg,/root/autodl-tmp/Inpainting/masks/irregular_mask/mask_rates_20_30/0005620.png,0193_reliability.png,01548.jpg,0005620.png,0193_reliability,01548,0005620,"[256, 256]","[256, 256]","[256, 256]",False,False,0.2837677001953125,18597,10.097098024829332,9.614791619549012,0.056941598653793335,0.06687106937170029,10.304053338323849,0.05498195067048073,0.7138171195983887,0.35791015625,9.915320779588638,0.058527927845716476,False,0,0,774,pred[774] <-> gt[774] <-> mask[774]
775,775,775,results/B_mask_20_30_reliability_inference/line_debug/0193_soft.png,/root/autodl-tmp/Inpainting/BundleFusion/B_imgs_gt/office0/01550.jpg,/root/autodl-tmp/Inpainting/masks/irregular_mask/mask_rates_20_30/0005633.png,0193_soft.png,01550.jpg,0005633.png,0193_soft,01550,0005633,"[256, 256]","[256, 256]","[256, 256]",False,False,0.2935333251953125,19237,10.085698252038606,9.688856445288783,0.05465635284781456,0.06720035523176193,10.261877209653136,0.043472595512866974,0.7225497961044312,0.22027587890625,11.78964696284308,0.0634322538971901,False,0,0,775,pred[775] <-> gt[775] <-> mask[775]
776,776,776,results/B_mask_20_30_reliability_inference/frames/0194.png,/root/autodl-tmp/Inpainting/BundleFusion/B_imgs_gt/office0/01552.jpg,/root/autodl-tmp/Inpainting/masks/irregular_mask/mask_rates_20_30/0005655.png,0194.png,01552.jpg,0005655.png,0194,01552,0005655,"[256, 256]","[256, 256]","[256, 256]",False,False,0.269561767578125,17666,11.38624615384844,12.53392895331056,0.23767326772212982,0.24563068151474,11.029139228200073,0.23231762647628784,0.8330222368240356,0.172149658203125,11.0164357450546,0.23975634574890137,True,0,0,776,pred[776] <-> gt[776] <-> mask[776]
777,777,777,results/B_mask_20_30_reliability_inference/line_debug/0194_center.png,/root/autodl-tmp/Inpainting/BundleFusion/B_imgs_gt/office0/01554.jpg,/root/autodl-tmp/Inpainting/masks/irregular_mask/mask_rates_20_30/0005669.png,0194_center.png,01554.jpg,0005669.png,0194_center,01554,0005669,"[256, 256]","[256, 256]","[256, 256]",False,False,0.2102813720703125,13781,9.490228370833188,8.714994489108756,0.040336694568395615,0.044358182698488235,9.722315888695437,0.04491691663861275,0.7045201659202576,0.1795501708984375,12.262443634207976,0.05765581130981445,False,0,0,777,pred[777] <-> gt[777] <-> mask[777]
778,778,778,results/B_mask_20_30_reliability_inference/line_debug/0194_reliability.png,/root/autodl-tmp/Inpainting/BundleFusion/B_imgs_gt/office0/01556.jpg,/root/autodl-tmp/Inpainting/masks/irregular_mask/mask_rates_20_30/0005675.png,0194_reliability.png,01556.jpg,0005675.png,0194_reliability,01556,0005675,"[256, 256]","[256, 256]","[256, 256]",False,False,0.228912353515625,15002,9.408558251483386,7.928937739330994,0.06150200590491295,0.06150200590491295,9.966232581179694,0.05942048132419586,0.710081160068512,0.2349090576171875,8.373894776694764,0.06150200590491295,False,0,0,778,pred[778] <-> gt[778] <-> mask[778]
779,779,779,results/B_mask_20_30_reliability_inference/line_debug/0194_soft.png,/root/autodl-tmp/Inpainting/BundleFusion/B_imgs_gt/office0/01558.jpg,/root/autodl-tmp/Inpainting/masks/irregular_mask/mask_rates_20_30/0005683.png,0194_soft.png,01558.jpg,0005683.png,0194_soft,01558,0005683,"[256, 256]","[256, 256]","[256, 256]",False,False,0.211273193359375,13846,9.382923361194967,10.804909261801418,0.06359010189771652,0.07976377755403519,9.069670463300408,0.05556522682309151,0.7183678150177002,0.317352294921875,11.041483911923894,0.06592380255460739,True,0,0,779,pred[779] <-> gt[779] <-> mask[779]
780,780,780,results/B_mask_20_30_reliability_inference/frames/0195.png,/root/autodl-tmp/Inpainting/BundleFusion/B_imgs_gt/office0/01560.jpg,/root/autodl-tmp/Inpainting/masks/irregular_mask/mask_rates_20_30/0005684.png,0195.png,01560.jpg,0005684.png,0195,01560,0005684,"[256, 256]","[256, 256]","[256, 256]",False,False,0.225616455078125,14786,10.939486740593075,9.356636597256632,0.25735774636268616,0.24377036094665527,11.534915702718123,0.2704674303531647,0.8052971363067627,0.2586517333984375,11.658911779709392,0.2660018503665924,False,0,0,780,pred[780] <-> gt[780] <-> mask[780]
781,781,781,results/B_mask_20_30_reliability_inference/line_debug/0195_center.png,/root/autodl-tmp/Inpainting/BundleFusion/B_imgs_gt/office0/01562.jpg,/root/autodl-tmp/Inpainting/masks/irregular_mask/mask_rates_20_30/0005686.png,0195_center.png,01562.jpg,0005686.png,0195_center,01562,0005686,"[256, 256]","[256, 256]","[256, 256]",False,False,0.2970733642578125,19469,9.462959528711854,12.192436424912287,0.04308265447616577,0.04609747603535652,8.681304913252358,0.03783181309700012,0.7008009552955627,0.3230743408203125,10.792856955460657,0.04308265447616577,True,0,0,781,pred[781] <-> gt[781] <-> mask[781]
782,782,782,results/B_mask_20_30_reliability_inference/line_debug/0195_reliability.png,/root/autodl-tmp/Inpainting/BundleFusion/B_imgs_gt/office0/01564.jpg,/root/autodl-tmp/Inpainting/masks/irregular_mask/mask_rates_20_30/0005691.png,0195_reliability.png,01564.jpg,0005691.png,0195_reliability,01564,0005691,"[256, 256]","[256, 256]","[256, 256]",False,False,0.2483062744140625,16273,9.887141519266802,12.650400591270074,0.0615389458835125,0.08098029345273972,9.259453106148664,0.04755137488245964,0.7037664651870728,0.364532470703125,10.847689837961905,0.06300845742225647,True,0,0,782,pred[782] <-> gt[782] <-> mask[782]
783,783,783,results/B_mask_20_30_reliability_inference/line_debug/0195_soft.png,/root/autodl-tmp/Inpainting/BundleFusion/B_imgs_gt/office0/01566.jpg,/root/autodl-tmp/Inpainting/masks/irregular_mask/mask_rates_20_30/0005722.png,0195_soft.png,01566.jpg,0005722.png,0195_soft,01566,0005722,"[256, 256]","[256, 256]","[256, 256]",False,False,0.2551727294921875,16723,9.954742023759428,9.79366663198666,0.06191857531666756,0.0632726326584816,10.011328483536113,0.06608131527900696,0.7189719676971436,0.32403564453125,10.00996159386518,0.06281182169914246,False,0,0,783,pred[783] <-> gt[783] <-> mask[783]
784,784,784,results/B_mask_20_30_reliability_inference/frames/0196.png,/root/autodl-tmp/Inpainting/BundleFusion/B_imgs_gt/office0/01568.jpg,/root/autodl-tmp/Inpainting/masks/irregular_mask/mask_rates_20_30/0005724.png,0196.png,01568.jpg,0005724.png,0196,01568,0005724,"[256, 256]","[256, 256]","[256, 256]",False,False,0.25146484375,16480,11.79624082313307,12.437407713740306,0.25472256541252136,0.24995045363903046,11.60047105746189,0.2615804672241211,0.785590648651123,0.299072265625,11.17541820959842,0.26306581497192383,True,0,0,784,pred[784] <-> gt[784] <-> mask[784]
785,785,785,results/B_mask_20_30_reliability_inference/line_debug/0196_center.png,/root/autodl-tmp/Inpainting/BundleFusion/B_imgs_gt/office0/01570.jpg,/root/autodl-tmp/Inpainting/masks/irregular_mask/mask_rates_20_30/0005728.png,0196_center.png,01570.jpg,0005728.png,0196_center,01570,0005728,"[256, 256]","[256, 256]","[256, 256]",False,False,0.2886199951171875,18915,9.016757072555796,7.454287622941404,0.03437439724802971,0.035666678100824356,9.855783935595309,0.04188372567296028,0.8016167879104614,0.205596923828125,9.144012312213569,0.03459979593753815,False,0,0,785,pred[785] <-> gt[785] <-> mask[785]
786,786,786,results/B_mask_20_30_reliability_inference/line_debug/0196_reliability.png,/root/autodl-tmp/Inpainting/BundleFusion/B_imgs_gt/office0/01572.jpg,/root/autodl-tmp/Inpainting/masks/irregular_mask/mask_rates_20_30/0005730.png,0196_reliability.png,01572.jpg,0005730.png,0196_reliability,01572,0005730,"[256, 256]","[256, 256]","[256, 256]",False,False,0.2353363037109375,15423,9.011219299306083,8.68452326436827,0.049324046820402145,0.058284465223550797,9.116919272868177,0.05203060060739517,0.7908480167388916,0.248382568359375,10.2014692260068,0.050634969025850296,False,0,0,786,pred[786] <-> gt[786] <-> mask[786]
787,787,787,results/B_mask_20_30_reliability_inference/line_debug/0196_soft.png,/root/autodl-tmp/Inpainting/BundleFusion/B_imgs_gt/office0/01574.jpg,/root/autodl-tmp/Inpainting/masks/irregular_mask/mask_rates_20_30/0005736.png,0196_soft.png,01574.jpg,0005736.png,0196_soft,01574,0005736,"[256, 256]","[256, 256]","[256, 256]",False,False,0.22686767578125,14868,8.66234186397374,11.882924273932067,0.04291216656565666,0.06552521139383316,8.041583330628248,0.034626126289367676,0.7905110716819763,0.3302764892578125,11.094301484608573,0.054422080516815186,True,0,0,787,pred[787] <-> gt[787] <-> mask[787]
788,788,788,results/B_mask_20_30_reliability_inference/frames/0197.png,/root/autodl-tmp/Inpainting/BundleFusion/B_imgs_gt/office0/01576.jpg,/root/autodl-tmp/Inpainting/masks/irregular_mask/mask_rates_20_30/0005737.png,0197.png,01576.jpg,0005737.png,0197,01576,0005737,"[256, 256]","[256, 256]","[256, 256]",False,False,0.22540283203125,14772,11.93872653475266,11.390206416010995,0.23515193164348602,0.23328900337219238,12.112282442524078,0.24998565018177032,0.7647100687026978,0.2671356201171875,11.637855239244619,0.23489896953105927,False,0,0,788,pred[788] <-> gt[788] <-> mask[788]
789,789,789,results/B_mask_20_30_reliability_inference/line_debug/0197_center.png,/root/autodl-tmp/Inpainting/BundleFusion/B_imgs_gt/office0/01578.jpg,/root/autodl-tmp/Inpainting/masks/irregular_mask/mask_rates_20_30/0005744.png,0197_center.png,01578.jpg,0005744.png,0197_center,01578,0005744,"[256, 256]","[256, 256]","[256, 256]",False,False,0.2601776123046875,17051,8.189153883817731,5.956470565608601,0.02869502268731594,0.027270205318927765,9.360321526495543,0.03542175889015198,0.7521155476570129,0.29083251953125,8.345719101391333,0.02869502268731594,False,0,0,789,pred[789] <-> gt[789] <-> mask[789]
790,790,790,results/B_mask_20_30_reliability_inference/line_debug/0197_reliability.png,/root/autodl-tmp/Inpainting/BundleFusion/B_imgs_gt/office0/01580.jpg,/root/autodl-tmp/Inpainting/masks/irregular_mask/mask_rates_20_30/0005747.png,0197_reliability.png,01580.jpg,0005747.png,0197_reliability,01580,0005747,"[256, 256]","[256, 256]","[256, 256]",False,False,0.243743896484375,15974,8.025273551483657,9.576813813837274,0.04412845894694328,0.044641729444265366,7.623912409326026,0.04506736248731613,0.7797136306762695,0.298675537109375,7.48289030267194,0.0548052079975605,True,0,0,790,pred[790] <-> gt[790] <-> mask[790]
791,791,791,results/B_mask_20_30_reliability_inference/line_debug/0197_soft.png,/root/autodl-tmp/Inpainting/BundleFusion/B_imgs_gt/office0/01582.jpg,/root/autodl-tmp/Inpainting/masks/irregular_mask/mask_rates_20_30/0005750.png,0197_soft.png,01582.jpg,0005750.png,0197_soft,01582,0005750,"[256, 256]","[256, 256]","[256, 256]",False,False,0.234710693359375,15382,7.861327894301118,7.300163430507794,0.03721151128411293,0.0504445917904377,8.049047379476086,0.03834697976708412,0.779839813709259,0.2765045166015625,8.401355050189114,0.0454108901321888,False,0,0,791,pred[791] <-> gt[791] <-> mask[791]
792,792,792,results/B_mask_20_30_reliability_inference/frames/0198.png,/root/autodl-tmp/Inpainting/BundleFusion/B_imgs_gt/office0/01584.jpg,/root/autodl-tmp/Inpainting/masks/irregular_mask/mask_rates_20_30/0005766.png,0198.png,01584.jpg,0005766.png,0198,01584,0005766,"[256, 256]","[256, 256]","[256, 256]",False,False,0.2014007568359375,13199,11.848494839590089,11.126565502870335,0.228221595287323,0.22892145812511444,12.051226154710308,0.2274266928434372,0.7937378287315369,0.3299560546875,11.511577456050055,0.228221595287323,False,0,0,792,pred[792] <-> gt[792] <-> mask[792]
793,793,793,results/B_mask_20_30_reliability_inference/line_debug/0198_center.png,/root/autodl-tmp/Inpainting/BundleFusion/B_imgs_gt/office0/01586.jpg,/root/autodl-tmp/Inpainting/masks/irregular_mask/mask_rates_20_30/0005771.png,0198_center.png,01586.jpg,0005771.png,0198_center,01586,0005771,"[256, 256]","[256, 256]","[256, 256]",False,False,0.25030517578125,16404,7.814611658407205,6.74730501157587,0.01945650577545166,0.006809050217270851,8.2386049217961,0.023427551612257957,0.7763002514839172,0.1827545166015625,7.995662573751048,0.01599416695535183,False,0,0,793,pred[793] <-> gt[793] <-> mask[793]
794,794,794,results/B_mask_20_30_reliability_inference/line_debug/0198_reliability.png,/root/autodl-tmp/Inpainting/BundleFusion/B_imgs_gt/office0/01588.jpg,/root/autodl-tmp/Inpainting/masks/irregular_mask/mask_rates_20_30/0005772.png,0198_reliability.png,01588.jpg,0005772.png,0198_reliability,01588,0005772,"[256, 256]","[256, 256]","[256, 256]",False,False,0.279998779296875,18350,7.988860035929562,7.9357023542571445,0.03082364797592163,0.03188455477356911,8.009709416045473,0.032968468964099884,0.7774774432182312,0.369171142578125,8.015206497017639,0.03082364797592163,False,0,0,794,pred[794] <-> gt[794] <-> mask[794]
795,795,795,results/B_mask_20_30_reliability_inference/line_debug/0198_soft.png,/root/autodl-tmp/Inpainting/BundleFusion/B_imgs_gt/office0/01590.jpg,/root/autodl-tmp/Inpainting/masks/irregular_mask/mask_rates_20_30/0005777.png,0198_soft.png,01590.jpg,0005777.png,0198_soft,01590,0005777,"[256, 256]","[256, 256]","[256, 256]",False,False,0.2627410888671875,17219,7.977313074825253,7.118630032940408,0.03174183890223503,0.032503392547369,8.329583858429977,0.03863167390227318,0.7742007970809937,0.2821502685546875,8.583775942169344,0.03174183890223503,False,0,0,795,pred[795] <-> gt[795] <-> mask[795]
796,796,796,results/B_mask_20_30_reliability_inference/frames/0199.png,/root/autodl-tmp/Inpainting/BundleFusion/B_imgs_gt/office0/01592.jpg,/root/autodl-tmp/Inpainting/masks/irregular_mask/mask_rates_20_30/0005789.png,0199.png,01592.jpg,0005789.png,0199,01592,0005789,"[256, 256]","[256, 256]","[256, 256]",False,False,0.259002685546875,16974,12.012784640583057,11.99089301879541,0.22221295535564423,0.2183419018983841,12.020462465146924,0.22649863362312317,0.7971929907798767,0.39703369140625,12.091888512150666,0.22438661754131317,False,0,0,796,pred[796] <-> gt[796] <-> mask[796]
797,797,797,results/B_mask_20_30_reliability_inference/line_debug/0199_center.png,/root/autodl-tmp/Inpainting/BundleFusion/B_imgs_gt/office0/01594.jpg,/root/autodl-tmp/Inpainting/masks/irregular_mask/mask_rates_20_30/0005812.png,0199_center.png,01594.jpg,0005812.png,0199_center,01594,0005812,"[256, 256]","[256, 256]","[256, 256]",False,False,0.21588134765625,14148,7.740613032304621,7.462348923087049,0.016587896272540092,0.018499212339520454,7.820460703885805,0.015354186296463013,0.7680342793464661,0.248565673828125,8.018437803527942,0.019989144057035446,False,0,0,797,pred[797] <-> gt[797] <-> mask[797]
798,798,798,results/B_mask_20_30_reliability_inference/line_debug/0199_reliability.png,/root/autodl-tmp/Inpainting/BundleFusion/B_imgs_gt/office0/01596.jpg,/root/autodl-tmp/Inpainting/masks/irregular_mask/mask_rates_20_30/0005813.png,0199_reliability.png,01596.jpg,0005813.png,0199_reliability,01596,0005813,"[256, 256]","[256, 256]","[256, 256]",False,False,0.268218994140625,17578,8.081548988428967,7.83855229046315,0.023339569568634033,0.022772377356886864,8.174133088716342,0.02127249725162983,0.758470892906189,0.2938995361328125,7.740660967263413,0.02241550385951996,False,0,0,798,pred[798] <-> gt[798] <-> mask[798]
799,799,799,results/B_mask_20_30_reliability_inference/line_debug/0199_soft.png,/root/autodl-tmp/Inpainting/BundleFusion/B_imgs_gt/office0/01598.jpg,/root/autodl-tmp/Inpainting/masks/irregular_mask/mask_rates_20_30/0005814.png,0199_soft.png,01598.jpg,0005814.png,0199_soft,01598,0005814,"[256, 256]","[256, 256]","[256, 256]",False,False,0.2138824462890625,14017,8.125148206541116,6.245856495131205,0.025900879874825478,0.027535175904631615,8.817258030220959,0.029297884553670883,0.7679058313369751,0.154296875,7.7817274921245305,0.02594600059092045,False,0,0,799,pred[799] <-> gt[799] <-> mask[799]
800,800,800,results/B_mask_20_30_reliability_inference/frames/0200.png,/root/autodl-tmp/Inpainting/BundleFusion/B_imgs_gt/office0/01600.jpg,/root/autodl-tmp/Inpainting/masks/irregular_mask/mask_rates_20_30/0005824.png,0200.png,01600.jpg,0005824.png,0200,01600,0005824,"[256, 256]","[256, 256]","[256, 256]",False,False,0.2225189208984375,14583,12.180500464081865,11.271035131283822,0.2196589857339859,0.2327684611082077,12.480159071749334,0.2173430323600769,0.7885939478874207,0.2169189453125,11.634267722140276,0.23710183799266815,False,0,0,800,pred[800] <-> gt[800] <-> mask[800]
801,801,801,results/B_mask_20_30_reliability_inference/line_debug/0200_center.png,/root/autodl-tmp/Inpainting/BundleFusion/B_imgs_gt/office0/01602.jpg,/root/autodl-tmp/Inpainting/masks/irregular_mask/mask_rates_20_30/0005835.png,0200_center.png,01602.jpg,0005835.png,0200_center,01602,0005835,"[256, 256]","[256, 256]","[256, 256]",False,False,0.2046661376953125,13413,7.990265182658432,7.57503423797528,0.020381705835461617,0.01931564323604107,8.103865597035734,0.02136913686990738,0.7840508222579956,0.2626800537109375,8.157411983611262,0.026611633598804474,False,0,0,801,pred[801] <-> gt[801] <-> mask[801]
802,802,802,results/B_mask_20_30_reliability_inference/line_debug/0200_reliability.png,/root/autodl-tmp/Inpainting/BundleFusion/B_imgs_gt/office0/01604.jpg,/root/autodl-tmp/Inpainting/masks/irregular_mask/mask_rates_20_30/0005837.png,0200_reliability.png,01604.jpg,0005837.png,0200_reliability,01604,0005837,"[256, 256]","[256, 256]","[256, 256]",False,False,0.2321624755859375,15215,8.165826654200464,8.781333065098657,0.038542911410331726,0.025435207411646843,7.995686232940285,0.039522234350442886,0.7627716064453125,0.291778564453125,8.203679747440697,0.0385703407227993,True,0,0,802,pred[802] <-> gt[802] <-> mask[802]
803,803,803,results/B_mask_20_30_reliability_inference/line_debug/0200_soft.png,/root/autodl-tmp/Inpainting/BundleFusion/B_imgs_gt/office0/01606.jpg,/root/autodl-tmp/Inpainting/masks/irregular_mask/mask_rates_20_30/0005840.png,0200_soft.png,01606.jpg,0005840.png,0200_soft,01606,0005840,"[256, 256]","[256, 256]","[256, 256]",False,False,0.2219696044921875,14547,8.206431616393491,7.566131559584022,0.04101395234465599,0.026076441630721092,8.407860573011215,0.0445220023393631,0.7603792548179626,0.20892333984375,8.116577173442126,0.037349190562963486,False,0,0,803,pred[803] <-> gt[803] <-> mask[803]
804,804,804,results/B_mask_20_30_reliability_inference/frames/0201.png,/root/autodl-tmp/Inpainting/BundleFusion/B_imgs_gt/office0/01608.jpg,/root/autodl-tmp/Inpainting/masks/irregular_mask/mask_rates_20_30/0005866.png,0201.png,01608.jpg,0005866.png,0201,01608,0005866,"[256, 256]","[256, 256]","[256, 256]",False,False,0.2298126220703125,15061,13.073844098402425,11.213919366416192,0.30568990111351013,0.24715983867645264,13.828538746311981,0.32515206933021545,0.7600386142730713,0.2002105712890625,12.274114261072322,0.256326287984848,False,0,0,804,pred[804] <-> gt[804] <-> mask[804]
805,805,805,results/B_mask_20_30_reliability_inference/line_debug/0201_center.png,/root/autodl-tmp/Inpainting/BundleFusion/B_imgs_gt/office0/01610.jpg,/root/autodl-tmp/Inpainting/masks/irregular_mask/mask_rates_20_30/0005872.png,0201_center.png,01610.jpg,0005872.png,0201_center,01610,0005872,"[256, 256]","[256, 256]","[256, 256]",False,False,0.2033233642578125,13325,7.840732179682841,7.774320221996116,0.014106598682701588,0.01665789633989334,7.857846053984298,0.015257228165864944,0.7653340101242065,0.2766571044921875,8.824637594951914,0.016948767006397247,False,0,0,805,pred[805] <-> gt[805] <-> mask[805]
806,806,806,results/B_mask_20_30_reliability_inference/line_debug/0201_reliability.png,/root/autodl-tmp/Inpainting/BundleFusion/B_imgs_gt/office0/01612.jpg,/root/autodl-tmp/Inpainting/masks/irregular_mask/mask_rates_20_30/0005874.png,0201_reliability.png,01612.jpg,0005874.png,0201_reliability,01612,0005874,"[256, 256]","[256, 256]","[256, 256]",False,False,0.2275238037109375,14911,7.89333656879897,6.689637131571452,0.027659090235829353,0.018080977723002434,8.322388248561264,0.03144008293747902,0.7470325231552124,0.284088134765625,6.948146954125523,0.02236328274011612,False,0,0,806,pred[806] <-> gt[806] <-> mask[806]
807,807,807,results/B_mask_20_30_reliability_inference/line_debug/0201_soft.png,/root/autodl-tmp/Inpainting/BundleFusion/B_imgs_gt/office0/01614.jpg,/root/autodl-tmp/Inpainting/masks/irregular_mask/mask_rates_20_30/0005880.png,0201_soft.png,01614.jpg,0005880.png,0201_soft,01614,0005880,"[256, 256]","[256, 256]","[256, 256]",False,False,0.229522705078125,15042,7.574599127420729,7.537224236717154,0.021824657917022705,0.01952279359102249,7.585795121579411,0.027531078085303307,0.7430628538131714,0.3582763671875,7.32377769060432,0.021824657917022705,False,0,0,807,pred[807] <-> gt[807] <-> mask[807]
808,808,808,results/B_mask_20_30_reliability_inference/frames/0202.png,/root/autodl-tmp/Inpainting/BundleFusion/B_imgs_gt/office0/01616.jpg,/root/autodl-tmp/Inpainting/masks/irregular_mask/mask_rates_20_30/0005884.png,0202.png,01616.jpg,0005884.png,0202,01616,0005884,"[256, 256]","[256, 256]","[256, 256]",False,False,0.218841552734375,14342,11.962759807562911,13.840694703124347,0.34647253155708313,0.34792959690093994,11.555357483218245,0.3079518675804138,0.7350576519966125,0.2464447021484375,11.982598200803753,0.3568452298641205,True,0,0,808,pred[808] <-> gt[808] <-> mask[808]
809,809,809,results/B_mask_20_30_reliability_inference/line_debug/0202_center.png,/root/autodl-tmp/Inpainting/BundleFusion/B_imgs_gt/office0/01618.jpg,/root/autodl-tmp/Inpainting/masks/irregular_mask/mask_rates_20_30/0005888.png,0202_center.png,01618.jpg,0005888.png,0202_center,01618,0005888,"[256, 256]","[256, 256]","[256, 256]",False,False,0.205841064453125,13490,6.807098149831642,6.121736156009733,0.005976957734674215,0.0044143605045974255,7.0039171474745014,0.007102166302502155,0.8014701008796692,0.254913330078125,6.55555721590039,0.005368109792470932,False,0,0,809,pred[809] <-> gt[809] <-> mask[809]
810,810,810,results/B_mask_20_30_reliability_inference/line_debug/0202_reliability.png,/root/autodl-tmp/Inpainting/BundleFusion/B_imgs_gt/office0/01620.jpg,/root/autodl-tmp/Inpainting/masks/irregular_mask/mask_rates_20_30/0005894.png,0202_reliability.png,01620.jpg,0005894.png,0202_reliability,01620,0005894,"[256, 256]","[256, 256]","[256, 256]",False,False,0.2374114990234375,15559,6.796201376781932,6.564934647366511,0.011941537261009216,0.013036820106208324,6.870788351452452,0.011034068651497364,0.793677568435669,0.3008575439453125,7.79114641950766,0.012233792804181576,False,0,0,810,pred[810] <-> gt[810] <-> mask[810]
811,811,811,results/B_mask_20_30_reliability_inference/line_debug/0202_soft.png,/root/autodl-tmp/Inpainting/BundleFusion/B_imgs_gt/office0/01622.jpg,/root/autodl-tmp/Inpainting/masks/irregular_mask/mask_rates_20_30/0005903.png,0202_soft.png,01622.jpg,0005903.png,0202_soft,01622,0005903,"[256, 256]","[256, 256]","[256, 256]",False,False,0.24151611328125,15828,6.585345685565108,6.011700640270994,0.008716898038983345,0.005949579644948244,6.785144350718887,0.009966855868697166,0.8376211524009705,0.2906646728515625,6.546203494830147,0.007613878697156906,False,0,0,811,pred[811] <-> gt[811] <-> mask[811]
812,812,812,results/B_mask_20_30_reliability_inference/frames/0203.png,/root/autodl-tmp/Inpainting/BundleFusion/B_imgs_gt/office0/01624.jpg,/root/autodl-tmp/Inpainting/masks/irregular_mask/mask_rates_20_30/0005915.png,0203.png,01624.jpg,0005915.png,0203,01624,0005915,"[256, 256]","[256, 256]","[256, 256]",False,False,0.2277069091796875,14923,10.512915733045773,9.805043664178255,0.3757990300655365,0.38680800795555115,10.74573085347512,0.37652069330215454,0.7770181894302368,0.372314453125,9.919359368725475,0.3757990300655365,False,0,0,812,pred[812] <-> gt[812] <-> mask[812]
813,813,813,results/B_mask_20_30_reliability_inference/line_debug/0203_center.png,/root/autodl-tmp/Inpainting/BundleFusion/B_imgs_gt/office0/01626.jpg,/root/autodl-tmp/Inpainting/masks/irregular_mask/mask_rates_20_30/0005917.png,0203_center.png,01626.jpg,0005917.png,0203_center,01626,0005917,"[256, 256]","[256, 256]","[256, 256]",False,False,0.28900146484375,18940,6.22160995310969,8.071188055769362,0.002171075902879238,0.0035955000203102827,5.648878069897374,0.0011114972876384854,0.8830990791320801,0.273101806640625,6.98579521842862,0.003207065165042877,True,0,0,813,pred[813] <-> gt[813] <-> mask[813]
814,814,814,results/B_mask_20_30_reliability_inference/line_debug/0203_reliability.png,/root/autodl-tmp/Inpainting/BundleFusion/B_imgs_gt/office0/01628.jpg,/root/autodl-tmp/Inpainting/masks/irregular_mask/mask_rates_20_30/0005920.png,0203_reliability.png,01628.jpg,0005920.png,0203_reliability,01628,0005920,"[256, 256]","[256, 256]","[256, 256]",False,False,0.2714385986328125,17789,6.5056042655001765,5.983172636144353,0.007772864308208227,0.007928618229925632,6.717523691800129,0.007981224916875362,0.8851450085639954,0.313934326171875,6.555987642400293,0.007772864308208227,False,0,0,814,pred[814] <-> gt[814] <-> mask[814]
815,815,815,results/B_mask_20_30_reliability_inference/line_debug/0203_soft.png,/root/autodl-tmp/Inpainting/BundleFusion/B_imgs_gt/office0/01630.jpg,/root/autodl-tmp/Inpainting/masks/irregular_mask/mask_rates_20_30/0005932.png,0203_soft.png,01630.jpg,0005932.png,0203_soft,01630,0005932,"[256, 256]","[256, 256]","[256, 256]",False,False,0.2149658203125,14088,6.378855141330373,5.0384216087367335,0.00626417389139533,0.00626417389139533,6.831662673829955,0.007082984782755375,0.8721099495887756,0.2180938720703125,5.418514777563973,0.00626417389139533,False,0,0,815,pred[815] <-> gt[815] <-> mask[815]
816,816,816,results/B_mask_20_30_reliability_inference/frames/0204.png,/root/autodl-tmp/Inpainting/BundleFusion/B_imgs_gt/office0/01632.jpg,/root/autodl-tmp/Inpainting/masks/irregular_mask/mask_rates_20_30/0005962.png,0204.png,01632.jpg,0005962.png,0204,01632,0005962,"[256, 256]","[256, 256]","[256, 256]",False,False,0.2061309814453125,13509,10.023907844870267,11.12925260678116,0.3982803523540497,0.3982803523540497,9.777630119919001,0.39968517422676086,0.7656222581863403,0.3990936279296875,10.059220618323323,0.3982803523540497,True,0,0,816,pred[816] <-> gt[816] <-> mask[816]
817,817,817,results/B_mask_20_30_reliability_inference/line_debug/0204_center.png,/root/autodl-tmp/Inpainting/BundleFusion/B_imgs_gt/office0/01634.jpg,/root/autodl-tmp/Inpainting/masks/irregular_mask/mask_rates_20_30/0005966.png,0204_center.png,01634.jpg,0005966.png,0204_center,01634,0005966,"[256, 256]","[256, 256]","[256, 256]",False,False,0.2775421142578125,18189,5.912513277165914,5.254413915377844,0.001992699457332492,0.001992699457332492,6.1944478266027625,0.002000429667532444,0.8829578161239624,0.330291748046875,5.370071787496561,0.001992699457332492,False,0,0,817,pred[817] <-> gt[817] <-> mask[817]
818,818,818,results/B_mask_20_30_reliability_inference/line_debug/0204_reliability.png,/root/autodl-tmp/Inpainting/BundleFusion/B_imgs_gt/office0/01636.jpg,/root/autodl-tmp/Inpainting/masks/irregular_mask/mask_rates_20_30/0005967.png,0204_reliability.png,01636.jpg,0005967.png,0204_reliability,01636,0005967,"[256, 256]","[256, 256]","[256, 256]",False,False,0.2668304443359375,17487,6.105275305937522,7.6114658920434195,0.009325132705271244,0.009648147970438004,5.665142555990634,0.009974348358809948,0.8649797439575195,0.329681396484375,7.05171790814208,0.0098396772518754,True,0,0,818,pred[818] <-> gt[818] <-> mask[818]
819,819,819,results/B_mask_20_30_reliability_inference/line_debug/0204_soft.png,/root/autodl-tmp/Inpainting/BundleFusion/B_imgs_gt/office0/01638.jpg,/root/autodl-tmp/Inpainting/masks/irregular_mask/mask_rates_20_30/0005968.png,0204_soft.png,01638.jpg,0005968.png,0204_soft,01638,0005968,"[256, 256]","[256, 256]","[256, 256]",False,False,0.27783203125,18208,5.998511740649029,8.327077598697347,0.008659414015710354,0.010858832858502865,5.355186024052291,0.008490513078868389,0.859562873840332,0.221099853515625,8.498401361738562,0.010187494568526745,True,0,0,819,pred[819] <-> gt[819] <-> mask[819]
820,820,820,results/B_mask_20_30_reliability_inference/frames/0205.png,/root/autodl-tmp/Inpainting/BundleFusion/B_imgs_gt/office0/01640.jpg,/root/autodl-tmp/Inpainting/masks/irregular_mask/mask_rates_20_30/0005980.png,0205.png,01640.jpg,0005980.png,0205,01640,0005980,"[256, 256]","[256, 256]","[256, 256]",False,False,0.2346038818359375,15375,9.609141821479795,8.16148568233952,0.3760027587413788,0.41676369309425354,10.170543307377905,0.3766109049320221,0.776340901851654,0.360992431640625,9.158727494816382,0.3830338418483734,False,0,0,820,pred[820] <-> gt[820] <-> mask[820]
821,821,821,results/B_mask_20_30_reliability_inference/line_debug/0205_center.png,/root/autodl-tmp/Inpainting/BundleFusion/B_imgs_gt/office0/01642.jpg,/root/autodl-tmp/Inpainting/masks/irregular_mask/mask_rates_20_30/0005983.png,0205_center.png,01642.jpg,0005983.png,0205_center,01642,0005983,"[256, 256]","[256, 256]","[256, 256]",False,False,0.2703094482421875,17715,5.754489514340405,7.200698474773844,0.0013500810600817204,0.0015331207541748881,5.321175894445627,0.0013328191125765443,0.8584743738174438,0.35479736328125,6.4703623891698285,0.0013890564441680908,True,0,0,821,pred[821] <-> gt[821] <-> mask[821]
822,822,822,results/B_mask_20_30_reliability_inference/line_debug/0205_reliability.png,/root/autodl-tmp/Inpainting/BundleFusion/B_imgs_gt/office0/01644.jpg,/root/autodl-tmp/Inpainting/masks/irregular_mask/mask_rates_20_30/0005988.png,0205_reliability.png,01644.jpg,0005988.png,0205_reliability,01644,0005988,"[256, 256]","[256, 256]","[256, 256]",False,False,0.2022247314453125,13253,5.894651000157802,4.676127842387492,0.009126211516559124,0.009108055382966995,6.266705918578108,0.009511766023933887,0.8424553871154785,0.300262451171875,5.476967133092553,0.009126211516559124,False,0,0,822,pred[822] <-> gt[822] <-> mask[822]
823,823,823,results/B_mask_20_30_reliability_inference/line_debug/0205_soft.png,/root/autodl-tmp/Inpainting/BundleFusion/B_imgs_gt/office0/01646.jpg,/root/autodl-tmp/Inpainting/masks/irregular_mask/mask_rates_20_30/0006003.png,0205_soft.png,01646.jpg,0006003.png,0205_soft,01646,0006003,"[256, 256]","[256, 256]","[256, 256]",False,False,0.256378173828125,16802,5.897863630227455,6.085278687667958,0.00945383682847023,0.008776571601629257,5.835079285302221,0.009747312404215336,0.846402645111084,0.319732666015625,6.261398596692322,0.009291842579841614,True,0,0,823,pred[823] <-> gt[823] <-> mask[823]
824,824,824,results/B_mask_20_30_reliability_inference/frames/0206.png,/root/autodl-tmp/Inpainting/BundleFusion/B_imgs_gt/office0/01648.jpg,/root/autodl-tmp/Inpainting/masks/irregular_mask/mask_rates_20_30/0006038.png,0206.png,01648.jpg,0006038.png,0206,01648,0006038,"[256, 256]","[256, 256]","[256, 256]",False,False,0.26617431640625,17444,9.32055097387101,10.457110967548997,0.31854212284088135,0.31854212284088135,8.97218025548763,0.28589972853660583,0.8177487850189209,0.296875,9.631040535126793,0.31854212284088135,True,0,0,824,pred[824] <-> gt[824] <-> mask[824]
825,825,825,results/B_mask_20_30_reliability_inference/line_debug/0206_center.png,/root/autodl-tmp/Inpainting/BundleFusion/B_imgs_gt/office0/01650.jpg,/root/autodl-tmp/Inpainting/masks/irregular_mask/mask_rates_20_30/0006039.png,0206_center.png,01650.jpg,0006039.png,0206_center,01650,0006039,"[256, 256]","[256, 256]","[256, 256]",False,False,0.2980804443359375,19535,5.6879979361261945,7.52496515514455,0.0010487635154277086,0.0012812205823138356,5.094372436050717,0.0008259211317636073,0.8613157272338867,0.2679595947265625,7.2975923011693045,0.0012956318678334355,True,0,0,825,pred[825] <-> gt[825] <-> mask[825]
826,826,826,results/B_mask_20_30_reliability_inference/line_debug/0206_reliability.png,/root/autodl-tmp/Inpainting/BundleFusion/B_imgs_gt/office0/01652.jpg,/root/autodl-tmp/Inpainting/masks/irregular_mask/mask_rates_20_30/0006043.png,0206_reliability.png,01652.jpg,0006043.png,0206_reliability,01652,0006043,"[256, 256]","[256, 256]","[256, 256]",False,False,0.2350616455078125,15405,5.803796809771531,6.824390472061466,0.006988678593188524,0.007875693961977959,5.532924312934107,0.006265213713049889,0.8540157079696655,0.3037872314453125,6.616020313883934,0.007799776270985603,True,0,0,826,pred[826] <-> gt[826] <-> mask[826]
827,827,827,results/B_mask_20_30_reliability_inference/line_debug/0206_soft.png,/root/autodl-tmp/Inpainting/BundleFusion/B_imgs_gt/office0/01654.jpg,/root/autodl-tmp/Inpainting/masks/irregular_mask/mask_rates_20_30/0006044.png,0206_soft.png,01654.jpg,0006044.png,0206_soft,01654,0006044,"[256, 256]","[256, 256]","[256, 256]",False,False,0.2500762939453125,16389,5.808814486284061,4.725253498946015,0.007509220857173204,0.008150480687618256,6.239926256730533,0.0077862367033958435,0.8898195028305054,0.329010009765625,5.493120995176232,0.00797119177877903,False,0,0,827,pred[827] <-> gt[827] <-> mask[827]
828,828,828,results/B_mask_20_30_reliability_inference/frames/0207.png,/root/autodl-tmp/Inpainting/BundleFusion/B_imgs_gt/office0/01656.jpg,/root/autodl-tmp/Inpainting/masks/irregular_mask/mask_rates_20_30/0006049.png,0207.png,01656.jpg,0006049.png,0207,01656,0006049,"[256, 256]","[256, 256]","[256, 256]",False,False,0.252532958984375,16550,8.616101129223436,8.691662318745735,0.2605527937412262,0.27226513624191284,8.590866713170268,0.2573813498020172,0.8627337217330933,0.3448028564453125,8.50222624540585,0.26983678340911865,True,0,0,828,pred[828] <-> gt[828] <-> mask[828]
829,829,829,results/B_mask_20_30_reliability_inference/line_debug/0207_center.png,/root/autodl-tmp/Inpainting/BundleFusion/B_imgs_gt/office0/01658.jpg,/root/autodl-tmp/Inpainting/masks/irregular_mask/mask_rates_20_30/0006057.png,0207_center.png,01658.jpg,0006057.png,0207_center,01658,0006057,"[256, 256]","[256, 256]","[256, 256]",False,False,0.23236083984375,15228,5.702172409119033,7.227746252072099,0.0016822479665279388,0.0015117627335712314,5.329255433011556,0.0016840158496052027,0.9026954174041748,0.3500823974609375,6.401803111008948,0.001693342812359333,True,0,0,829,pred[829] <-> gt[829] <-> mask[829]
830,830,830,results/B_mask_20_30_reliability_inference/line_debug/0207_reliability.png,/root/autodl-tmp/Inpainting/BundleFusion/B_imgs_gt/office0/01660.jpg,/root/autodl-tmp/Inpainting/masks/irregular_mask/mask_rates_20_30/0006059.png,0207_reliability.png,01660.jpg,0006059.png,0207_reliability,01660,0006059,"[256, 256]","[256, 256]","[256, 256]",False,False,0.2825164794921875,18515,5.836842393699202,5.457197355590402,0.007140588015317917,0.004713076166808605,5.9959386111572766,0.008500475436449051,0.8905074000358582,0.3029937744140625,5.312699640090979,0.006368803326040506,False,0,0,830,pred[830] <-> gt[830] <-> mask[830]
831,831,831,results/B_mask_20_30_reliability_inference/line_debug/0207_soft.png,/root/autodl-tmp/Inpainting/BundleFusion/B_imgs_gt/office0/01662.jpg,/root/autodl-tmp/Inpainting/masks/irregular_mask/mask_rates_20_30/0006073.png,0207_soft.png,01662.jpg,0006073.png,0207_soft,01662,0006073,"[256, 256]","[256, 256]","[256, 256]",False,False,0.2296905517578125,15053,5.979799620229303,5.322076797262772,0.006641750689595938,0.006446529645472765,6.196884984066694,0.006222555413842201,0.8713912963867188,0.4117584228515625,5.777821590895882,0.006641750689595938,False,0,0,831,pred[831] <-> gt[831] <-> mask[831]
832,832,832,results/B_mask_20_30_reliability_inference/frames/0208.png,/root/autodl-tmp/Inpainting/BundleFusion/B_imgs_gt/office0/01664.jpg,/root/autodl-tmp/Inpainting/masks/irregular_mask/mask_rates_20_30/0006104.png,0208.png,01664.jpg,0006104.png,0208,01664,0006104,"[256, 256]","[256, 256]","[256, 256]",False,False,0.260284423828125,17058,8.23942082397885,8.825189593056773,0.18403120338916779,0.19144433736801147,8.050759440723567,0.18357914686203003,0.7995365858078003,0.3492584228515625,8.530605486945884,0.18487440049648285,True,0,0,832,pred[832] <-> gt[832] <-> mask[832]
833,833,833,results/B_mask_20_30_reliability_inference/line_debug/0208_center.png,/root/autodl-tmp/Inpainting/BundleFusion/B_imgs_gt/office0/01666.jpg,/root/autodl-tmp/Inpainting/masks/irregular_mask/mask_rates_20_30/0006105.png,0208_center.png,01666.jpg,0006105.png,0208_center,01666,0006105,"[256, 256]","[256, 256]","[256, 256]",False,False,0.200439453125,13136,5.697509332769089,6.176958691062454,0.00133971543982625,0.0011452428298071027,5.585179233989059,0.0013492534635588527,0.8600324392318726,0.386810302734375,6.612779996733378,0.0013712957734242082,True,0,0,833,pred[833] <-> gt[833] <-> mask[833]
834,834,834,results/B_mask_20_30_reliability_inference/line_debug/0208_reliability.png,/root/autodl-tmp/Inpainting/BundleFusion/B_imgs_gt/office0/01668.jpg,/root/autodl-tmp/Inpainting/masks/irregular_mask/mask_rates_20_30/0006114.png,0208_reliability.png,01668.jpg,0006114.png,0208_reliability,01668,0006114,"[256, 256]","[256, 256]","[256, 256]",False,False,0.22857666015625,14980,5.819015921032732,5.623747456097639,0.004197682719677687,0.005419442895799875,5.878602502025355,0.0035060907248407602,0.8376960754394531,0.3057403564453125,6.595031181052917,0.00513223372399807,False,0,0,834,pred[834] <-> gt[834] <-> mask[834]
835,835,835,results/B_mask_20_30_reliability_inference/line_debug/0208_soft.png,/root/autodl-tmp/Inpainting/BundleFusion/B_imgs_gt/office0/01670.jpg,/root/autodl-tmp/Inpainting/masks/irregular_mask/mask_rates_20_30/0006125.png,0208_soft.png,01670.jpg,0006125.png,0208_soft,01670,0006125,"[256, 256]","[256, 256]","[256, 256]",False,False,0.281768798828125,18466,5.947936035002793,6.298635170801573,0.009561401791870594,0.007854528725147247,5.817733192399432,0.011402415111660957,0.8412501811981201,0.3692779541015625,5.655898432677122,0.009561401791870594,True,0,0,835,pred[835] <-> gt[835] <-> mask[835]
836,836,836,results/B_mask_20_30_reliability_inference/frames/0209.png,/root/autodl-tmp/Inpainting/BundleFusion/B_imgs_gt/office0/01672.jpg,/root/autodl-tmp/Inpainting/masks/irregular_mask/mask_rates_20_30/0006130.png,0209.png,01672.jpg,0006130.png,0209,01672,0006130,"[256, 256]","[256, 256]","[256, 256]",False,False,0.2093048095703125,13717,8.570583267305864,7.730686038004029,0.1622866988182068,0.14225810766220093,8.8230654267454,0.1710798144340515,0.7561203241348267,0.2995147705078125,8.292689559814082,0.16177591681480408,False,0,0,836,pred[836] <-> gt[836] <-> mask[836]
837,837,837,results/B_mask_20_30_reliability_inference/line_debug/0209_center.png,/root/autodl-tmp/Inpainting/BundleFusion/B_imgs_gt/office0/01674.jpg,/root/autodl-tmp/Inpainting/masks/irregular_mask/mask_rates_20_30/0006140.png,0209_center.png,01674.jpg,0006140.png,0209_center,01674,0006140,"[256, 256]","[256, 256]","[256, 256]",False,False,0.2101287841796875,13771,6.476150682404354,6.248005977928789,0.007556317374110222,0.01115598063915968,6.538917812707561,0.006452611647546291,0.8345823287963867,0.2530670166015625,6.3017440248453385,0.009836901910603046,False,0,0,837,pred[837] <-> gt[837] <-> mask[837]
838,838,838,results/B_mask_20_30_reliability_inference/line_debug/0209_reliability.png,/root/autodl-tmp/Inpainting/BundleFusion/B_imgs_gt/office0/01676.jpg,/root/autodl-tmp/Inpainting/masks/irregular_mask/mask_rates_20_30/0006142.png,0209_reliability.png,01676.jpg,0006142.png,0209_reliability,01676,0006142,"[256, 256]","[256, 256]","[256, 256]",False,False,0.202178955078125,13250,7.24947604857215,5.801511853374173,0.02621106244623661,0.014087773859500885,7.7083993600580625,0.0293450765311718,0.7942687273025513,0.1927947998046875,6.44441485599631,0.01844021864235401,False,0,0,838,pred[838] <-> gt[838] <-> mask[838]
839,839,839,results/B_mask_20_30_reliability_inference/line_debug/0209_soft.png,/root/autodl-tmp/Inpainting/BundleFusion/B_imgs_gt/office0/01678.jpg,/root/autodl-tmp/Inpainting/masks/irregular_mask/mask_rates_20_30/0006148.png,0209_soft.png,01678.jpg,0006148.png,0209_soft,01678,0006148,"[256, 256]","[256, 256]","[256, 256]",False,False,0.2100982666015625,13769,7.6957614481652294,5.497476708172049,0.02879388816654682,0.00802373606711626,8.532605135347577,0.034059491008520126,0.7782519459724426,0.1841583251953125,7.008299341097775,0.016803985461592674,False,0,0,839,pred[839] <-> gt[839] <-> mask[839]
840,840,840,results/B_mask_20_30_reliability_inference/frames/0210.png,/root/autodl-tmp/Inpainting/BundleFusion/B_imgs_gt/office0/01680.jpg,/root/autodl-tmp/Inpainting/masks/irregular_mask/mask_rates_20_30/0006153.png,0210.png,01680.jpg,0006153.png,0210,01680,0006153,"[256, 256]","[256, 256]","[256, 256]",False,False,0.2796630859375,18328,10.516877879800703,9.714432099515186,0.1546434462070465,0.16047830879688263,10.87329146470151,0.14456519484519958,0.7166605591773987,0.3392486572265625,11.082008958762756,0.1546434462070465,False,0,0,840,pred[840] <-> gt[840] <-> mask[840]
841,841,841,results/B_mask_20_30_reliability_inference/line_debug/0210_center.png,/root/autodl-tmp/Inpainting/BundleFusion/B_imgs_gt/office0/01682.jpg,/root/autodl-tmp/Inpainting/masks/irregular_mask/mask_rates_20_30/0006170.png,0210_center.png,01682.jpg,0006170.png,0210_center,01682,0006170,"[256, 256]","[256, 256]","[256, 256]",False,False,0.2611083984375,17112,8.205651502803658,6.8544737352330625,0.017697522416710854,0.01617121696472168,8.805303730807367,0.018934670835733414,0.7593991756439209,0.2445068359375,8.606263700449095,0.016656959429383278,False,0,0,841,pred[841] <-> gt[841] <-> mask[841]
842,842,842,results/B_mask_20_30_reliability_inference/line_debug/0210_reliability.png,/root/autodl-tmp/Inpainting/BundleFusion/B_imgs_gt/office0/01684.jpg,/root/autodl-tmp/Inpainting/masks/irregular_mask/mask_rates_20_30/0006199.png,0210_reliability.png,01684.jpg,0006199.png,0210_reliability,01684,0006199,"[256, 256]","[256, 256]","[256, 256]",False,False,0.22515869140625,14756,8.684635352425698,7.129645370613087,0.030474260449409485,0.029476067051291466,9.265092427898999,0.03735531494021416,0.7472056150436401,0.2602691650390625,9.690840624999757,0.030474260449409485,False,0,0,842,pred[842] <-> gt[842] <-> mask[842]
843,843,843,results/B_mask_20_30_reliability_inference/line_debug/0210_soft.png,/root/autodl-tmp/Inpainting/BundleFusion/B_imgs_gt/office0/01686.jpg,/root/autodl-tmp/Inpainting/masks/irregular_mask/mask_rates_20_30/0006204.png,0210_soft.png,01686.jpg,0006204.png,0210_soft,01686,0006204,"[256, 256]","[256, 256]","[256, 256]",False,False,0.2592010498046875,16987,8.815819291823635,8.897870766824575,0.03565211221575737,0.03565211221575737,8.787471934067224,0.03824542835354805,0.7391470670700073,0.292083740234375,9.16875278735938,0.03565211221575737,True,0,0,843,pred[843] <-> gt[843] <-> mask[843]
844,844,844,results/B_mask_20_30_reliability_inference/frames/0211.png,/root/autodl-tmp/Inpainting/BundleFusion/B_imgs_gt/office0/01688.jpg,/root/autodl-tmp/Inpainting/masks/irregular_mask/mask_rates_20_30/0006223.png,0211.png,01688.jpg,0006223.png,0211,01688,0006223,"[256, 256]","[256, 256]","[256, 256]",False,False,0.2926177978515625,19177,11.65579417186044,11.556095910587192,0.20983420312404633,0.21907015144824982,11.697713884788495,0.22369064390659332,0.6995067596435547,0.377593994140625,12.149669688091233,0.20983420312404633,False,0,0,844,pred[844] <-> gt[844] <-> mask[844]
845,845,845,results/B_mask_20_30_reliability_inference/line_debug/0211_center.png,/root/autodl-tmp/Inpainting/BundleFusion/B_imgs_gt/office0/01690.jpg,/root/autodl-tmp/Inpainting/masks/irregular_mask/mask_rates_20_30/0006233.png,0211_center.png,01690.jpg,0006233.png,0211_center,01690,0006233,"[256, 256]","[256, 256]","[256, 256]",False,False,0.2086029052734375,13671,10.160343358427578,11.250938471404847,0.035288117825984955,0.048635195940732956,9.913290681101207,0.031318388879299164,0.7748218774795532,0.3217926025390625,11.239423474296562,0.04042552411556244,True,0,0,845,pred[845] <-> gt[845] <-> mask[845]
846,846,846,results/B_mask_20_30_reliability_inference/line_debug/0211_reliability.png,/root/autodl-tmp/Inpainting/BundleFusion/B_imgs_gt/office0/01692.jpg,/root/autodl-tmp/Inpainting/masks/irregular_mask/mask_rates_20_30/0006242.png,0211_reliability.png,01692.jpg,0006242.png,0211_reliability,01692,0006242,"[256, 256]","[256, 256]","[256, 256]",False,False,0.26739501953125,17524,11.054106278182395,10.685853241673886,0.06520851701498032,0.07578954100608826,11.196694123920212,0.05079562962055206,0.7177278399467468,0.4120941162109375,11.048244626946467,0.06698218733072281,False,0,0,846,pred[846] <-> gt[846] <-> mask[846]
847,847,847,results/B_mask_20_30_reliability_inference/line_debug/0211_soft.png,/root/autodl-tmp/Inpainting/BundleFusion/B_imgs_gt/office0/01694.jpg,/root/autodl-tmp/Inpainting/masks/irregular_mask/mask_rates_20_30/0006245.png,0211_soft.png,01694.jpg,0006245.png,0211_soft,01694,0006245,"[256, 256]","[256, 256]","[256, 256]",False,False,0.296966552734375,19462,11.321901569071208,11.432987715453429,0.06752944737672806,0.07284312695264816,11.27581851341451,0.06503502279520035,0.7089430093765259,0.28387451171875,11.72714774028519,0.06752944737672806,True,0,0,847,pred[847] <-> gt[847] <-> mask[847]
848,848,848,results/B_mask_20_30_reliability_inference/frames/0212.png,/root/autodl-tmp/Inpainting/BundleFusion/B_imgs_gt/office0/01696.jpg,/root/autodl-tmp/Inpainting/masks/irregular_mask/mask_rates_20_30/0006246.png,0212.png,01696.jpg,0006246.png,0212,01696,0006246,"[256, 256]","[256, 256]","[256, 256]",False,False,0.255523681640625,16746,12.894759081268107,14.174902751151311,0.23084092140197754,0.22014634311199188,12.529974836577797,0.22721761465072632,0.6861749887466431,0.2688751220703125,14.5366490826407,0.21499891579151154,True,0,0,848,pred[848] <-> gt[848] <-> mask[848]
849,849,849,results/B_mask_20_30_reliability_inference/line_debug/0212_center.png,/root/autodl-tmp/Inpainting/BundleFusion/B_imgs_gt/office0/01698.jpg,/root/autodl-tmp/Inpainting/masks/irregular_mask/mask_rates_20_30/0006252.png,0212_center.png,01698.jpg,0006252.png,0212_center,01698,0006252,"[256, 256]","[256, 256]","[256, 256]",False,False,0.273956298828125,17954,10.85460584514874,10.43566334077428,0.03413840010762215,0.03523756563663483,11.023814491970565,0.03477545827627182,0.7205278873443604,0.384246826171875,10.049740781354142,0.03413840010762215,False,0,0,849,pred[849] <-> gt[849] <-> mask[849]
850,850,850,results/B_mask_20_30_reliability_inference/line_debug/0212_reliability.png,/root/autodl-tmp/Inpainting/BundleFusion/B_imgs_gt/office0/01700.jpg,/root/autodl-tmp/Inpainting/masks/irregular_mask/mask_rates_20_30/0006255.png,0212_reliability.png,01700.jpg,0006255.png,0212_reliability,01700,0006255,"[256, 256]","[256, 256]","[256, 256]",False,False,0.28289794921875,18540,12.066544708940308,12.65497754223536,0.060076236724853516,0.05957764387130737,11.854699076257123,0.05009271577000618,0.7030603885650635,0.2460784912109375,11.783730823532695,0.06283248215913773,True,0,0,850,pred[850] <-> gt[850] <-> mask[850]
851,851,851,results/B_mask_20_30_reliability_inference/line_debug/0212_soft.png,/root/autodl-tmp/Inpainting/BundleFusion/B_imgs_gt/office0/01702.jpg,/root/autodl-tmp/Inpainting/masks/irregular_mask/mask_rates_20_30/0006256.png,0212_soft.png,01702.jpg,0006256.png,0212_soft,01702,0006256,"[256, 256]","[256, 256]","[256, 256]",False,False,0.2044219970703125,13397,12.23775924230184,9.155130525436615,0.059712257236242294,0.059712257236242294,13.578301696420477,0.06672120094299316,0.6904672384262085,0.2760467529296875,12.301707525011953,0.059712257236242294,False,0,0,851,pred[851] <-> gt[851] <-> mask[851]
852,852,852,results/B_mask_20_30_reliability_inference/frames/0213.png,/root/autodl-tmp/Inpainting/BundleFusion/B_imgs_gt/office0/01704.jpg,/root/autodl-tmp/Inpainting/masks/irregular_mask/mask_rates_20_30/0006260.png,0213.png,01704.jpg,0006260.png,0213,01704,0006260,"[256, 256]","[256, 256]","[256, 256]",False,False,0.2319183349609375,15199,14.1745726161577,12.172083404564498,0.2810417115688324,0.3446066081523895,15.019940142902776,0.28601640462875366,0.6507946252822876,0.2384033203125,17.687363640929256,0.30355361104011536,False,0,0,852,pred[852] <-> gt[852] <-> mask[852]
853,853,853,results/B_mask_20_30_reliability_inference/line_debug/0213_center.png,/root/autodl-tmp/Inpainting/BundleFusion/B_imgs_gt/office0/01706.jpg,/root/autodl-tmp/Inpainting/masks/irregular_mask/mask_rates_20_30/0006261.png,0213_center.png,01706.jpg,0006261.png,0213_center,01706,0006261,"[256, 256]","[256, 256]","[256, 256]",False,False,0.2426910400390625,15905,11.048709772941582,9.42000604398805,0.03360934555530548,0.04050460457801819,11.733213429838168,0.027702951803803444,0.6908475160598755,0.3024444580078125,11.004024546286516,0.037193503230810165,False,0,0,853,pred[853] <-> gt[853] <-> mask[853]
854,854,854,results/B_mask_20_30_reliability_inference/line_debug/0213_reliability.png,/root/autodl-tmp/Inpainting/BundleFusion/B_imgs_gt/office0/01708.jpg,/root/autodl-tmp/Inpainting/masks/irregular_mask/mask_rates_20_30/0006266.png,0213_reliability.png,01708.jpg,0006266.png,0213_reliability,01708,0006266,"[256, 256]","[256, 256]","[256, 256]",False,False,0.2915496826171875,19107,11.856539856955795,11.587285341177218,0.05729516223073006,0.05489156022667885,11.972384906109577,0.05698848515748978,0.6971774697303772,0.3914794921875,10.736911866222727,0.05746385455131531,False,0,0,854,pred[854] <-> gt[854] <-> mask[854]
855,855,855,results/B_mask_20_30_reliability_inference/line_debug/0213_soft.png,/root/autodl-tmp/Inpainting/BundleFusion/B_imgs_gt/office0/01710.jpg,/root/autodl-tmp/Inpainting/masks/irregular_mask/mask_rates_20_30/0006278.png,0213_soft.png,01710.jpg,0006278.png,0213_soft,01710,0006278,"[256, 256]","[256, 256]","[256, 256]",False,False,0.24285888671875,15916,11.547939892833675,9.037439704164402,0.06074637547135353,0.06269589811563492,12.803236903066605,0.05949016287922859,0.6969042420387268,0.3357086181640625,11.703576671582198,0.06246258690953255,False,0,0,855,pred[855] <-> gt[855] <-> mask[855]
856,856,856,results/B_mask_20_30_reliability_inference/frames/0214.png,/root/autodl-tmp/Inpainting/BundleFusion/B_imgs_gt/office0/01712.jpg,/root/autodl-tmp/Inpainting/masks/irregular_mask/mask_rates_20_30/0006298.png,0214.png,01712.jpg,0006298.png,0214,01712,0006298,"[256, 256]","[256, 256]","[256, 256]",False,False,0.2709808349609375,17759,13.800106079737393,17.46434529259739,0.32205355167388916,0.32205355167388916,12.96567890629768,0.28448429703712463,0.6200960278511047,0.296722412109375,15.371355367251759,0.32205355167388916,True,0,0,856,pred[856] <-> gt[856] <-> mask[856]
857,857,857,results/B_mask_20_30_reliability_inference/line_debug/0214_center.png,/root/autodl-tmp/Inpainting/BundleFusion/B_imgs_gt/office0/01714.jpg,/root/autodl-tmp/Inpainting/masks/irregular_mask/mask_rates_20_30/0006305.png,0214_center.png,01714.jpg,0006305.png,0214_center,01714,0006305,"[256, 256]","[256, 256]","[256, 256]",False,False,0.249847412109375,16374,11.054262307079306,10.211208360803269,0.027706528082489967,0.028110401704907417,11.375769947101444,0.02936253324151039,0.7003393769264221,0.3194732666015625,9.952131374766381,0.028159260749816895,False,0,0,857,pred[857] <-> gt[857] <-> mask[857]
858,858,858,results/B_mask_20_30_reliability_inference/line_debug/0214_reliability.png,/root/autodl-tmp/Inpainting/BundleFusion/B_imgs_gt/office0/01716.jpg,/root/autodl-tmp/Inpainting/masks/irregular_mask/mask_rates_20_30/0006308.png,0214_reliability.png,01716.jpg,0006308.png,0214_reliability,01716,0006308,"[256, 256]","[256, 256]","[256, 256]",False,False,0.26995849609375,17692,11.740664847076532,14.274395411823651,0.05943457409739494,0.05673899129033089,11.083193877419621,0.050645969808101654,0.6941970586776733,0.4382171630859375,12.12032486499467,0.05945625901222229,True,0,0,858,pred[858] <-> gt[858] <-> mask[858]
859,859,859,results/B_mask_20_30_reliability_inference/line_debug/0214_soft.png,/root/autodl-tmp/Inpainting/BundleFusion/B_imgs_gt/office0/01718.jpg,/root/autodl-tmp/Inpainting/masks/irregular_mask/mask_rates_20_30/0006312.png,0214_soft.png,01718.jpg,0006312.png,0214_soft,01718,0006312,"[256, 256]","[256, 256]","[256, 256]",False,False,0.2781982421875,18232,11.408209771173663,10.673074435127774,0.059758663177490234,0.05476956069469452,11.728463197337929,0.06680634617805481,0.7025011777877808,0.287384033203125,10.445306668763727,0.05642586946487427,False,0,0,859,pred[859] <-> gt[859] <-> mask[859]
860,860,860,results/B_mask_20_30_reliability_inference/frames/0215.png,/root/autodl-tmp/Inpainting/BundleFusion/B_imgs_gt/office0/01720.jpg,/root/autodl-tmp/Inpainting/masks/irregular_mask/mask_rates_20_30/0006321.png,0215.png,01720.jpg,0006321.png,0215,01720,0006321,"[256, 256]","[256, 256]","[256, 256]",False,False,0.2814483642578125,18445,13.036381555954526,13.109409672637916,0.2832491099834442,0.27052047848701477,13.008108873942334,0.29100939631462097,0.6547485589981079,0.223541259765625,10.79543541819051,0.2792247533798218,True,0,0,860,pred[860] <-> gt[860] <-> mask[860]
861,861,861,results/B_mask_20_30_reliability_inference/line_debug/0215_center.png,/root/autodl-tmp/Inpainting/BundleFusion/B_imgs_gt/office0/01722.jpg,/root/autodl-tmp/Inpainting/masks/irregular_mask/mask_rates_20_30/0006325.png,0215_center.png,01722.jpg,0006325.png,0215_center,01722,0006325,"[256, 256]","[256, 256]","[256, 256]",False,False,0.234130859375,15344,10.12303965996912,8.919229375830051,0.02911411225795746,0.029786964878439903,10.569273131720415,0.03155913203954697,0.72642582654953,0.261810302734375,10.267150494677209,0.02986256219446659,False,0,0,861,pred[861] <-> gt[861] <-> mask[861]
862,862,862,results/B_mask_20_30_reliability_inference/line_debug/0215_reliability.png,/root/autodl-tmp/Inpainting/BundleFusion/B_imgs_gt/office0/01724.jpg,/root/autodl-tmp/Inpainting/masks/irregular_mask/mask_rates_20_30/0006338.png,0215_reliability.png,01724.jpg,0006338.png,0215_reliability,01724,0006338,"[256, 256]","[256, 256]","[256, 256]",False,False,0.21923828125,14368,10.12300729219472,8.525876542971613,0.05593513324856758,0.036660753190517426,10.701991912268387,0.06177566945552826,0.6976218223571777,0.2819366455078125,9.16072126107974,0.04901013895869255,False,0,0,862,pred[862] <-> gt[862] <-> mask[862]
863,863,863,results/B_mask_20_30_reliability_inference/line_debug/0215_soft.png,/root/autodl-tmp/Inpainting/BundleFusion/B_imgs_gt/office0/01726.jpg,/root/autodl-tmp/Inpainting/masks/irregular_mask/mask_rates_20_30/0006342.png,0215_soft.png,01726.jpg,0006342.png,0215_soft,01726,0006342,"[256, 256]","[256, 256]","[256, 256]",False,False,0.2218475341796875,14539,9.605599777397627,9.24404631064154,0.05514495074748993,0.049845267087221146,9.714441491984866,0.055334147065877914,0.7097678184509277,0.252655029296875,9.419174591559788,0.05514495074748993,False,0,0,863,pred[863] <-> gt[863] <-> mask[863]
864,864,864,results/B_mask_20_30_reliability_inference/frames/0216.png,/root/autodl-tmp/Inpainting/BundleFusion/B_imgs_gt/office0/01728.jpg,/root/autodl-tmp/Inpainting/masks/irregular_mask/mask_rates_20_30/0006344.png,0216.png,01728.jpg,0006344.png,0216,01728,0006344,"[256, 256]","[256, 256]","[256, 256]",False,False,0.251129150390625,16458,10.845374069511688,9.348165392890973,0.24234306812286377,0.25483420491218567,11.490490961590105,0.24178937077522278,0.6711736917495728,0.2942352294921875,10.195416269924905,0.24493078887462616,False,0,0,864,pred[864] <-> gt[864] <-> mask[864]
865,865,865,results/B_mask_20_30_reliability_inference/line_debug/0216_center.png,/root/autodl-tmp/Inpainting/BundleFusion/B_imgs_gt/office0/01730.jpg,/root/autodl-tmp/Inpainting/masks/irregular_mask/mask_rates_20_30/0006356.png,0216_center.png,01730.jpg,0006356.png,0216_center,01730,0006356,"[256, 256]","[256, 256]","[256, 256]",False,False,0.2498626708984375,16375,8.22591808390017,8.477675185770945,0.014498934149742126,0.014498934149742126,8.1451994092121,0.01282093022018671,0.762603759765625,0.3038787841796875,8.330540326454624,0.014498934149742126,True,0,0,865,pred[865] <-> gt[865] <-> mask[865]
866,866,866,results/B_mask_20_30_reliability_inference/line_debug/0216_reliability.png,/root/autodl-tmp/Inpainting/BundleFusion/B_imgs_gt/office0/01732.jpg,/root/autodl-tmp/Inpainting/masks/irregular_mask/mask_rates_20_30/0006357.png,0216_reliability.png,01732.jpg,0006357.png,0216_reliability,01732,0006357,"[256, 256]","[256, 256]","[256, 256]",False,False,0.2436065673828125,15965,8.077856248202043,7.4320790052139705,0.024276122450828552,0.03009876422584057,8.308092310688762,0.02031116746366024,0.7858814597129822,0.2631072998046875,7.3358209658112505,0.026528164744377136,False,0,0,866,pred[866] <-> gt[866] <-> mask[866]
867,867,867,results/B_mask_20_30_reliability_inference/line_debug/0216_soft.png,/root/autodl-tmp/Inpainting/BundleFusion/B_imgs_gt/office0/01734.jpg,/root/autodl-tmp/Inpainting/masks/irregular_mask/mask_rates_20_30/0006360.png,0216_soft.png,01734.jpg,0006360.png,0216_soft,01734,0006360,"[256, 256]","[256, 256]","[256, 256]",False,False,0.286407470703125,18770,7.693678452065695,7.053890995802828,0.02080700360238552,0.020638445392251015,7.979547197362161,0.026996107771992683,0.7979286313056946,0.277130126953125,8.348249417565675,0.020373530685901642,False,0,0,867,pred[867] <-> gt[867] <-> mask[867]
868,868,868,results/B_mask_20_30_reliability_inference/frames/0217.png,/root/autodl-tmp/Inpainting/BundleFusion/B_imgs_gt/office0/01736.jpg,/root/autodl-tmp/Inpainting/masks/irregular_mask/mask_rates_20_30/0006361.png,0217.png,01736.jpg,0006361.png,0217,01736,0006361,"[256, 256]","[256, 256]","[256, 256]",False,False,0.2915802001953125,19109,10.292661465889283,11.911214524819599,0.17611896991729736,0.1755657196044922,9.76936368145764,0.17528997361660004,0.786185085773468,0.363311767578125,10.20001406639917,0.1702091246843338,True,0,0,868,pred[868] <-> gt[868] <-> mask[868]
869,869,869,results/B_mask_20_30_reliability_inference/line_debug/0217_center.png,/root/autodl-tmp/Inpainting/BundleFusion/B_imgs_gt/office0/01738.jpg,/root/autodl-tmp/Inpainting/masks/irregular_mask/mask_rates_20_30/0006363.png,0217_center.png,01738.jpg,0006363.png,0217_center,01738,0006363,"[256, 256]","[256, 256]","[256, 256]",False,False,0.2400360107421875,15731,7.884328887471419,8.185618498263027,0.004088085610419512,0.005186514463275671,7.793351134938669,0.004267052747309208,0.7968693375587463,0.2691802978515625,8.126700223010817,0.004447293933480978,True,0,0,869,pred[869] <-> gt[869] <-> mask[869]
870,870,870,results/B_mask_20_30_reliability_inference/line_debug/0217_reliability.png,/root/autodl-tmp/Inpainting/BundleFusion/B_imgs_gt/office0/01740.jpg,/root/autodl-tmp/Inpainting/masks/irregular_mask/mask_rates_20_30/0006364.png,0217_reliability.png,01740.jpg,0006364.png,0217_reliability,01740,0006364,"[256, 256]","[256, 256]","[256, 256]",False,False,0.2928466796875,19192,8.063109070690594,8.040630308609227,0.015265337191522121,0.015472307801246643,8.072452548542856,0.012376238591969013,0.8208969831466675,0.349609375,7.898018206314081,0.015265337191522121,False,0,0,870,pred[870] <-> gt[870] <-> mask[870]
871,871,871,results/B_mask_20_30_reliability_inference/line_debug/0217_soft.png,/root/autodl-tmp/Inpainting/BundleFusion/B_imgs_gt/office0/01742.jpg,/root/autodl-tmp/Inpainting/masks/irregular_mask/mask_rates_20_30/0006368.png,0217_soft.png,01742.jpg,0006368.png,0217_soft,01742,0006368,"[256, 256]","[256, 256]","[256, 256]",False,False,0.2815093994140625,18449,7.9695544430744905,9.189218038748486,0.01601392962038517,0.016238683834671974,7.5717124171500565,0.011093951761722565,0.8323180079460144,0.35986328125,8.000344300113566,0.01625007390975952,True,0,0,871,pred[871] <-> gt[871] <-> mask[871]
872,872,872,results/B_mask_20_30_reliability_inference/frames/0218.png,/root/autodl-tmp/Inpainting/BundleFusion/B_imgs_gt/office0/01744.jpg,/root/autodl-tmp/Inpainting/masks/irregular_mask/mask_rates_20_30/0006373.png,0218.png,01744.jpg,0006373.png,0218,01744,0006373,"[256, 256]","[256, 256]","[256, 256]",False,False,0.2895965576171875,18979,10.304153623550343,10.728064452258945,0.16445548832416534,0.17003107070922852,10.142555988493928,0.143818199634552,0.8476624488830566,0.279449462890625,10.322927468377532,0.16445548832416534,True,0,0,872,pred[872] <-> gt[872] <-> mask[872]
873,873,873,results/B_mask_20_30_reliability_inference/line_debug/0218_center.png,/root/autodl-tmp/Inpainting/BundleFusion/B_imgs_gt/office0/01746.jpg,/root/autodl-tmp/Inpainting/masks/irregular_mask/mask_rates_20_30/0006379.png,0218_center.png,01746.jpg,0006379.png,0218_center,01746,0006379,"[256, 256]","[256, 256]","[256, 256]",False,False,0.2364044189453125,15493,7.759433526332108,7.818951409222194,0.003946251701563597,0.0011303742649033666,7.741170664035991,0.004936882294714451,0.8303663730621338,0.17962646484375,7.5135133287637395,0.0018916126573458314,True,0,0,873,pred[873] <-> gt[873] <-> mask[873]
874,874,874,results/B_mask_20_30_reliability_inference/line_debug/0218_reliability.png,/root/autodl-tmp/Inpainting/BundleFusion/B_imgs_gt/office0/01748.jpg,/root/autodl-tmp/Inpainting/masks/irregular_mask/mask_rates_20_30/0006382.png,0218_reliability.png,01748.jpg,0006382.png,0218_reliability,01748,0006382,"[256, 256]","[256, 256]","[256, 256]",False,False,0.2039642333984375,13367,8.099086763514801,7.946691612329215,0.011837415397167206,0.012415061704814434,8.139010060175506,0.012373866513371468,0.8700392246246338,0.3211212158203125,8.285536018262103,0.012735109776258469,False,0,0,874,pred[874] <-> gt[874] <-> mask[874]
875,875,875,results/B_mask_20_30_reliability_inference/line_debug/0218_soft.png,/root/autodl-tmp/Inpainting/BundleFusion/B_imgs_gt/office0/01750.jpg,/root/autodl-tmp/Inpainting/masks/irregular_mask/mask_rates_20_30/0006389.png,0218_soft.png,01750.jpg,0006389.png,0218_soft,01750,0006389,"[256, 256]","[256, 256]","[256, 256]",False,False,0.2879791259765625,18873,7.929962770962503,7.341292334767618,0.009469944052398205,0.009328478015959263,8.192734273064962,0.011146998964250088,0.8942806124687195,0.355255126953125,7.998799356148314,0.009469944052398205,False,0,0,875,pred[875] <-> gt[875] <-> mask[875]
876,876,876,results/B_mask_20_30_reliability_inference/frames/0219.png,/root/autodl-tmp/Inpainting/BundleFusion/B_imgs_gt/office0/01752.jpg,/root/autodl-tmp/Inpainting/masks/irregular_mask/mask_rates_20_30/0006391.png,0219.png,01752.jpg,0006391.png,0219,01752,0006391,"[256, 256]","[256, 256]","[256, 256]",False,False,0.250213623046875,16398,10.302872333557985,11.879245795234052,0.2117755264043808,0.2117755264043808,9.882709697075958,0.18506765365600586,0.8594158887863159,0.3090972900390625,10.553239271368241,0.2117755264043808,True,0,0,876,pred[876] <-> gt[876] <-> mask[876]
877,877,877,results/B_mask_20_30_reliability_inference/line_debug/0219_center.png,/root/autodl-tmp/Inpainting/BundleFusion/B_imgs_gt/office0/01754.jpg,/root/autodl-tmp/Inpainting/masks/irregular_mask/mask_rates_20_30/0006430.png,0219_center.png,01754.jpg,0006430.png,0219_center,01754,0006430,"[256, 256]","[256, 256]","[256, 256]",False,False,0.2529296875,16576,6.9177218803962255,7.261459500477875,0.0011268240632489324,0.0011249406961724162,6.807248502139309,0.0011122508440166712,0.8820035457611084,0.4381103515625,7.369910622633875,0.0011268240632489324,True,0,0,877,pred[877] <-> gt[877] <-> mask[877]
878,878,878,results/B_mask_20_30_reliability_inference/line_debug/0219_reliability.png,/root/autodl-tmp/Inpainting/BundleFusion/B_imgs_gt/office0/01756.jpg,/root/autodl-tmp/Inpainting/masks/irregular_mask/mask_rates_20_30/0006433.png,0219_reliability.png,01756.jpg,0006433.png,0219_reliability,01756,0006433,"[256, 256]","[256, 256]","[256, 256]",False,False,0.2168731689453125,14213,6.828658797121474,8.118424747378729,0.009053449146449566,0.008084232918918133,6.530135092233205,0.009698156267404556,0.8880875706672668,0.2205657958984375,7.559138811702395,0.008169572800397873,True,0,0,878,pred[878] <-> gt[878] <-> mask[878]
879,879,879,results/B_mask_20_30_reliability_inference/line_debug/0219_soft.png,/root/autodl-tmp/Inpainting/BundleFusion/B_imgs_gt/office0/01758.jpg,/root/autodl-tmp/Inpainting/masks/irregular_mask/mask_rates_20_30/0006454.png,0219_soft.png,01758.jpg,0006454.png,0219_soft,01758,0006454,"[256, 256]","[256, 256]","[256, 256]",False,False,0.242156982421875,15870,6.641435858684185,8.20553093774429,0.009648123756051064,0.010823669843375683,6.240812852745611,0.00891254935413599,0.8865554332733154,0.3050537109375,7.349135516343273,0.010377040132880211,True,0,0,879,pred[879] <-> gt[879] <-> mask[879]
880,880,880,results/B_mask_20_30_reliability_inference/frames/0220.png,/root/autodl-tmp/Inpainting/BundleFusion/B_imgs_gt/office0/01760.jpg,/root/autodl-tmp/Inpainting/masks/irregular_mask/mask_rates_20_30/0006456.png,0220.png,01760.jpg,0006456.png,0220,01760,0006456,"[256, 256]","[256, 256]","[256, 256]",False,False,0.23883056640625,15652,9.594535727803283,9.185712158334569,0.23911499977111816,0.17420434951782227,9.731170165742709,0.2553400993347168,0.8056217432022095,0.3246307373046875,9.68277157922876,0.20427143573760986,False,0,0,880,pred[880] <-> gt[880] <-> mask[880]
881,881,881,results/B_mask_20_30_reliability_inference/line_debug/0220_center.png,/root/autodl-tmp/Inpainting/BundleFusion/B_imgs_gt/office0/01762.jpg,/root/autodl-tmp/Inpainting/masks/irregular_mask/mask_rates_20_30/0006461.png,0220_center.png,01762.jpg,0006461.png,0220_center,01762,0006461,"[256, 256]","[256, 256]","[256, 256]",False,False,0.2657470703125,17416,6.35141601932683,7.976723193902315,0.0010540565708652139,0.0010530129075050354,5.886502971628992,0.001048042788170278,0.8794112205505371,0.2219390869140625,6.7476967214147425,0.0010581915266811848,True,0,0,881,pred[881] <-> gt[881] <-> mask[881]
882,882,882,results/B_mask_20_30_reliability_inference/line_debug/0220_reliability.png,/root/autodl-tmp/Inpainting/BundleFusion/B_imgs_gt/office0/01764.jpg,/root/autodl-tmp/Inpainting/masks/irregular_mask/mask_rates_20_30/0006471.png,0220_reliability.png,01764.jpg,0006471.png,0220_reliability,01764,0006471,"[256, 256]","[256, 256]","[256, 256]",False,False,0.24139404296875,15820,6.041471381006023,6.79574061345892,0.006425196770578623,0.0050804149359464645,5.826550313076342,0.007438077591359615,0.8656817674636841,0.24407958984375,6.227171266751635,0.005580732133239508,True,0,0,882,pred[882] <-> gt[882] <-> mask[882]
883,883,883,results/B_mask_20_30_reliability_inference/line_debug/0220_soft.png,/root/autodl-tmp/Inpainting/BundleFusion/B_imgs_gt/office0/01766.jpg,/root/autodl-tmp/Inpainting/masks/irregular_mask/mask_rates_20_30/0006478.png,0220_soft.png,01766.jpg,0006478.png,0220_soft,01766,0006478,"[256, 256]","[256, 256]","[256, 256]",False,False,0.257965087890625,16906,5.518579284577219,3.88154516269834,0.0065551139414310455,0.006341100204735994,6.271438008908806,0.006701634265482426,0.8578920960426331,0.3299407958984375,5.964881578384304,0.0065551139414310455,False,0,0,883,pred[883] <-> gt[883] <-> mask[883]
884,884,884,results/B_mask_20_30_reliability_inference/frames/0221.png,/root/autodl-tmp/Inpainting/BundleFusion/B_imgs_gt/office0/01768.jpg,/root/autodl-tmp/Inpainting/masks/irregular_mask/mask_rates_20_30/0006491.png,0221.png,01768.jpg,0006491.png,0221,01768,0006491,"[256, 256]","[256, 256]","[256, 256]",False,False,0.259033203125,16976,7.263155067231337,9.660274919552661,0.22535933554172516,0.281169593334198,6.662648077931377,0.1885942816734314,0.7640402317047119,0.227508544921875,6.723853449122794,0.2544722259044647,True,0,0,884,pred[884] <-> gt[884] <-> mask[884]
885,885,885,results/B_mask_20_30_reliability_inference/line_debug/0221_center.png,/root/autodl-tmp/Inpainting/BundleFusion/B_imgs_gt/office0/01770.jpg,/root/autodl-tmp/Inpainting/masks/irregular_mask/mask_rates_20_30/0006510.png,0221_center.png,01770.jpg,0006510.png,0221_center,01770,0006510,"[256, 256]","[256, 256]","[256, 256]",False,False,0.2182464599609375,14303,4.67322523152188,3.7058514571291603,0.0016418080776929855,0.0017075507203117013,4.98678606909341,0.001658506109379232,0.858176052570343,0.2928466796875,5.282413189935962,0.0016857297159731388,False,0,0,885,pred[885] <-> gt[885] <-> mask[885]
886,886,886,results/B_mask_20_30_reliability_inference/line_debug/0221_reliability.png,/root/autodl-tmp/Inpainting/BundleFusion/B_imgs_gt/office0/01772.jpg,/root/autodl-tmp/Inpainting/masks/irregular_mask/mask_rates_20_30/0006513.png,0221_reliability.png,01772.jpg,0006513.png,0221_reliability,01772,0006513,"[256, 256]","[256, 256]","[256, 256]",False,False,0.228973388671875,15006,4.389043999053976,5.5167810444677645,0.005176524166017771,0.005494475364685059,4.103673694827095,0.005175330210477114,0.8364630341529846,0.443145751953125,4.341275262042496,0.005185658577829599,True,0,0,886,pred[886] <-> gt[886] <-> mask[886]
887,887,887,results/B_mask_20_30_reliability_inference/line_debug/0221_soft.png,/root/autodl-tmp/Inpainting/BundleFusion/B_imgs_gt/office0/01774.jpg,/root/autodl-tmp/Inpainting/masks/irregular_mask/mask_rates_20_30/0006520.png,0221_soft.png,01774.jpg,0006520.png,0221_soft,01774,0006520,"[256, 256]","[256, 256]","[256, 256]",False,False,0.2034454345703125,13333,4.102990879612674,4.372094414616864,0.005001789424568415,0.004065952729433775,4.036852068982613,0.005270800087600946,0.8267455697059631,0.1475372314453125,3.578594006159875,0.004709380678832531,True,0,0,887,pred[887] <-> gt[887] <-> mask[887]
888,888,888,results/B_mask_20_30_reliability_inference/frames/0222.png,/root/autodl-tmp/Inpainting/BundleFusion/B_imgs_gt/office0/01776.jpg,/root/autodl-tmp/Inpainting/masks/irregular_mask/mask_rates_20_30/0006524.png,0222.png,01776.jpg,0006524.png,0222,01776,0006524,"[256, 256]","[256, 256]","[256, 256]",False,False,0.23651123046875,15500,5.629600269731681,4.315862670384859,0.21487824618816376,0.20105093717575073,6.132892778410937,0.23248417675495148,0.7730221152305603,0.2397308349609375,4.60006423087062,0.21487824618816376,False,0,0,888,pred[888] <-> gt[888] <-> mask[888]
889,889,889,results/B_mask_20_30_reliability_inference/line_debug/0222_center.png,/root/autodl-tmp/Inpainting/BundleFusion/B_imgs_gt/office0/01778.jpg,/root/autodl-tmp/Inpainting/masks/irregular_mask/mask_rates_20_30/0006527.png,0222_center.png,01778.jpg,0006527.png,0222_center,01778,0006527,"[256, 256]","[256, 256]","[256, 256]",False,False,0.2675018310546875,17531,3.73527300031009,1.2734731041739957,0.000988550833426416,0.0009469657088629901,5.153111864671066,0.0009639902273193002,0.8443454504013062,0.21099853515625,3.7744045368536563,0.0009126284276135266,False,0,0,889,pred[889] <-> gt[889] <-> mask[889]
890,890,890,results/B_mask_20_30_reliability_inference/line_debug/0222_reliability.png,/root/autodl-tmp/Inpainting/BundleFusion/B_imgs_gt/office0/01780.jpg,/root/autodl-tmp/Inpainting/masks/irregular_mask/mask_rates_20_30/0006547.png,0222_reliability.png,01780.jpg,0006547.png,0222_reliability,01780,0006547,"[256, 256]","[256, 256]","[256, 256]",False,False,0.2532806396484375,16599,3.7888331710678975,3.8487605769858306,0.005280261393636465,0.00560730742290616,3.7686922927038005,0.004386371932923794,0.8072412610054016,0.3170166015625,3.0565407386004178,0.005280261393636465,True,0,0,890,pred[890] <-> gt[890] <-> mask[890]
891,891,891,results/B_mask_20_30_reliability_inference/line_debug/0222_soft.png,/root/autodl-tmp/Inpainting/BundleFusion/B_imgs_gt/office0/01782.jpg,/root/autodl-tmp/Inpainting/masks/irregular_mask/mask_rates_20_30/0006549.png,0222_soft.png,01782.jpg,0006549.png,0222_soft,01782,0006549,"[256, 256]","[256, 256]","[256, 256]",False,False,0.2340240478515625,15337,3.7582982716327895,2.6093183256044785,0.005195076111704111,0.0040054707787930965,4.179981383717584,0.006046641152352095,0.810179591178894,0.27166748046875,2.7608641541655072,0.0050220489501953125,False,0,0,891,pred[891] <-> gt[891] <-> mask[891]
892,892,892,results/B_mask_20_30_reliability_inference/frames/0223.png,/root/autodl-tmp/Inpainting/BundleFusion/B_imgs_gt/office0/01784.jpg,/root/autodl-tmp/Inpainting/masks/irregular_mask/mask_rates_20_30/0006553.png,0223.png,01784.jpg,0006553.png,0223,01784,0006553,"[256, 256]","[256, 256]","[256, 256]",False,False,0.20269775390625,13284,5.501088142577196,4.4459078283133735,0.18513089418411255,0.19002632796764374,5.815880249003429,0.17999395728111267,0.7652428150177002,0.2481689453125,4.997556418395228,0.1854916363954544,False,0,0,892,pred[892] <-> gt[892] <-> mask[892]
893,893,893,results/B_mask_20_30_reliability_inference/line_debug/0223_center.png,/root/autodl-tmp/Inpainting/BundleFusion/B_imgs_gt/office0/01786.jpg,/root/autodl-tmp/Inpainting/masks/irregular_mask/mask_rates_20_30/0006557.png,0223_center.png,01786.jpg,0006557.png,0223_center,01786,0006557,"[256, 256]","[256, 256]","[256, 256]",False,False,0.27423095703125,17972,3.578219366592113,2.971166882270852,0.0006756949587725103,0.000854449172038585,3.831650369229664,0.0005609950167126954,0.8391260504722595,0.25946044921875,2.4324310748712126,0.0009047519997693598,False,0,0,893,pred[893] <-> gt[893] <-> mask[893]
894,894,894,results/B_mask_20_30_reliability_inference/line_debug/0223_reliability.png,/root/autodl-tmp/Inpainting/BundleFusion/B_imgs_gt/office0/01788.jpg,/root/autodl-tmp/Inpainting/masks/irregular_mask/mask_rates_20_30/0006567.png,0223_reliability.png,01788.jpg,0006567.png,0223_reliability,01788,0006567,"[256, 256]","[256, 256]","[256, 256]",False,False,0.2503509521484375,16407,3.6005308672703906,2.160898355230919,0.004274575039744377,0.002626359462738037,4.211624125008272,0.004704257007688284,0.8418715000152588,0.228424072265625,2.838877159892234,0.0034392077941447496,False,0,0,894,pred[894] <-> gt[894] <-> mask[894]
895,895,895,results/B_mask_20_30_reliability_inference/line_debug/0223_soft.png,/root/autodl-tmp/Inpainting/BundleFusion/B_imgs_gt/office0/01790.jpg,/root/autodl-tmp/Inpainting/masks/irregular_mask/mask_rates_20_30/0006580.png,0223_soft.png,01790.jpg,0006580.png,0223_soft,01790,0006580,"[256, 256]","[256, 256]","[256, 256]",False,False,0.2876129150390625,18849,3.5807258299194444,2.92734276489695,0.004353981930762529,0.004353981930762529,3.8751520137739393,0.004351795185357332,0.8681976795196533,0.3225250244140625,2.941503381131887,0.004353981930762529,False,0,0,895,pred[895] <-> gt[895] <-> mask[895]
896,896,896,results/B_mask_20_30_reliability_inference/frames/0224.png,/root/autodl-tmp/Inpainting/BundleFusion/B_imgs_gt/office0/01792.jpg,/root/autodl-tmp/Inpainting/masks/irregular_mask/mask_rates_20_30/0006583.png,0224.png,01792.jpg,0006583.png,0224,01792,0006583,"[256, 256]","[256, 256]","[256, 256]",False,False,0.2001800537109375,13119,5.775246719654752,5.03601241681298,0.19765497744083405,0.1826958805322647,5.981776747446026,0.1877899467945099,0.7856192588806152,0.2278289794921875,5.083592832865676,0.1887812614440918,False,0,0,896,pred[896] <-> gt[896] <-> mask[896]
897,897,897,results/B_mask_20_30_reliability_inference/line_debug/0224_center.png,/root/autodl-tmp/Inpainting/BundleFusion/B_imgs_gt/office0/01794.jpg,/root/autodl-tmp/Inpainting/masks/irregular_mask/mask_rates_20_30/0006592.png,0224_center.png,01794.jpg,0006592.png,0224_center,01794,0006592,"[256, 256]","[256, 256]","[256, 256]",False,False,0.2625579833984375,17207,3.735416934714187,3.677471986219993,0.0010651064803823829,0.0011522722197696567,3.756235588899811,0.0012892468366771936,0.9010322690010071,0.2475128173828125,3.9099280480550735,0.0011027157306671143,False,0,0,897,pred[897] <-> gt[897] <-> mask[897]
898,898,898,results/B_mask_20_30_reliability_inference/line_debug/0224_reliability.png,/root/autodl-tmp/Inpainting/BundleFusion/B_imgs_gt/office0/01796.jpg,/root/autodl-tmp/Inpainting/masks/irregular_mask/mask_rates_20_30/0006613.png,0224_reliability.png,01796.jpg,0006613.png,0224_reliability,01796,0006613,"[256, 256]","[256, 256]","[256, 256]",False,False,0.21844482421875,14316,4.016759448167494,6.883203028932857,0.004813325125724077,0.0058623808436095715,3.4666346412716575,0.003946034237742424,0.8398626446723938,0.2596282958984375,5.1922972636630496,0.005220918450504541,True,0,0,898,pred[898] <-> gt[898] <-> mask[898]
899,899,899,results/B_mask_20_30_reliability_inference/line_debug/0224_soft.png,/root/autodl-tmp/Inpainting/BundleFusion/B_imgs_gt/office0/01798.jpg,/root/autodl-tmp/Inpainting/masks/irregular_mask/mask_rates_20_30/0006617.png,0224_soft.png,01798.jpg,0006617.png,0224_soft,01798,0006617,"[256, 256]","[256, 256]","[256, 256]",False,False,0.2359619140625,15464,4.239606289894055,6.661236026386859,0.004997365176677704,0.005042911507189274,3.701133838001045,0.004871919751167297,0.835500180721283,0.388519287109375,5.4443411616671336,0.0051349555142223835,True,0,0,899,pred[899] <-> gt[899] <-> mask[899]
900,900,900,results/B_mask_20_30_reliability_inference/frames/0225.png,/root/autodl-tmp/Inpainting/BundleFusion/B_imgs_gt/office0/01800.jpg,/root/autodl-tmp/Inpainting/masks/irregular_mask/mask_rates_20_30/0006623.png,0225.png,01800.jpg,0006623.png,0225,01800,0006623,"[256, 256]","[256, 256]","[256, 256]",False,False,0.2473907470703125,16213,7.291352594682095,7.353250648715628,0.211416557431221,0.22794027626514435,7.271196494983023,0.21972595155239105,0.7751245498657227,0.2790985107421875,7.603616328811958,0.2225772589445114,True,0,0,900,pred[900] <-> gt[900] <-> mask[900]
901,901,901,results/B_mask_20_30_reliability_inference/line_debug/0225_center.png,/root/autodl-tmp/Inpainting/BundleFusion/B_imgs_gt/office0/01802.jpg,/root/autodl-tmp/Inpainting/masks/irregular_mask/mask_rates_20_30/0006642.png,0225_center.png,01802.jpg,0006642.png,0225_center,01802,0006642,"[256, 256]","[256, 256]","[256, 256]",False,False,0.2999267578125,19656,4.741586593743894,5.853177835387367,0.0011334316805005074,0.0011758493492379785,4.340522004049174,0.0011946745216846466,0.8672990202903748,0.3591461181640625,4.992712952409138,0.0011411849409341812,True,0,0,901,pred[901] <-> gt[901] <-> mask[901]
902,902,902,results/B_mask_20_30_reliability_inference/line_debug/0225_reliability.png,/root/autodl-tmp/Inpainting/BundleFusion/B_imgs_gt/office0/01804.jpg,/root/autodl-tmp/Inpainting/masks/irregular_mask/mask_rates_20_30/0006647.png,0225_reliability.png,01804.jpg,0006647.png,0225_reliability,01804,0006647,"[256, 256]","[256, 256]","[256, 256]",False,False,0.23358154296875,15308,4.911562857802776,4.370020028939887,0.004672377835959196,0.004752967040985823,5.090997356204738,0.004444108810275793,0.8610689640045166,0.3975372314453125,4.860044468784148,0.004672377835959196,False,0,0,902,pred[902] <-> gt[902] <-> mask[902]
903,903,903,results/B_mask_20_30_reliability_inference/line_debug/0225_soft.png,/root/autodl-tmp/Inpainting/BundleFusion/B_imgs_gt/office0/01806.jpg,/root/autodl-tmp/Inpainting/masks/irregular_mask/mask_rates_20_30/0006653.png,0225_soft.png,01806.jpg,0006653.png,0225_soft,01806,0006653,"[256, 256]","[256, 256]","[256, 256]",False,False,0.2642669677734375,17319,4.984806757166603,4.629892253744976,0.004244595766067505,0.004244595766067505,5.119714792825421,0.004063114523887634,0.8493651151657104,0.330047607421875,4.625698202298563,0.004244595766067505,False,0,0,903,pred[903] <-> gt[903] <-> mask[903]
904,904,904,results/B_mask_20_30_reliability_inference/frames/0226.png,/root/autodl-tmp/Inpainting/BundleFusion/B_imgs_gt/office0/01808.jpg,/root/autodl-tmp/Inpainting/masks/irregular_mask/mask_rates_20_30/0006658.png,0226.png,01808.jpg,0006658.png,0226,01808,0006658,"[256, 256]","[256, 256]","[256, 256]",False,False,0.27874755859375,18268,8.155936615766773,9.32923899626638,0.1856311559677124,0.19186769425868988,7.775712873347553,0.18351970613002777,0.7780094146728516,0.2515869140625,9.01721793033414,0.18620435893535614,True,0,0,904,pred[904] <-> gt[904] <-> mask[904]
905,905,905,results/B_mask_20_30_reliability_inference/line_debug/0226_center.png,/root/autodl-tmp/Inpainting/BundleFusion/B_imgs_gt/office0/01810.jpg,/root/autodl-tmp/Inpainting/masks/irregular_mask/mask_rates_20_30/0006660.png,0226_center.png,01810.jpg,0006660.png,0226_center,01810,0006660,"[256, 256]","[256, 256]","[256, 256]",False,False,0.2280426025390625,14945,5.29038427862054,6.064599361314285,0.0016984756803140044,0.0016984756803140044,5.085797710808613,0.0018718924839049578,0.819145143032074,0.3018341064453125,5.576024600311495,0.0016984756803140044,True,0,0,905,pred[905] <-> gt[905] <-> mask[905]
906,906,906,results/B_mask_20_30_reliability_inference/line_debug/0226_reliability.png,/root/autodl-tmp/Inpainting/BundleFusion/B_imgs_gt/office0/01812.jpg,/root/autodl-tmp/Inpainting/masks/irregular_mask/mask_rates_20_30/0006669.png,0226_reliability.png,01812.jpg,0006669.png,0226_reliability,01812,0006669,"[256, 256]","[256, 256]","[256, 256]",False,False,0.211639404296875,13870,5.6265837623004415,6.00280461328089,0.004217070993036032,0.0048488411121070385,5.530898032067766,0.004142667166888714,0.8419243097305298,0.3303070068359375,6.145799469399601,0.004657113924622536,True,0,0,906,pred[906] <-> gt[906] <-> mask[906]
907,907,907,results/B_mask_20_30_reliability_inference/line_debug/0226_soft.png,/root/autodl-tmp/Inpainting/BundleFusion/B_imgs_gt/office0/01814.jpg,/root/autodl-tmp/Inpainting/masks/irregular_mask/mask_rates_20_30/0006670.png,0226_soft.png,01814.jpg,0006670.png,0226_soft,01814,0006670,"[256, 256]","[256, 256]","[256, 256]",False,False,0.211181640625,13840,5.81673999519718,4.939029507459632,0.005419094115495682,0.005391150712966919,6.085282103337255,0.005122154485434294,0.8301043510437012,0.2828521728515625,5.7251355249077545,0.005496654659509659,False,0,0,907,pred[907] <-> gt[907] <-> mask[907]
908,908,908,results/B_mask_20_30_reliability_inference/frames/0227.png,/root/autodl-tmp/Inpainting/BundleFusion/B_imgs_gt/office0/01816.jpg,/root/autodl-tmp/Inpainting/masks/irregular_mask/mask_rates_20_30/0006676.png,0227.png,01816.jpg,0006676.png,0227,01816,0006676,"[256, 256]","[256, 256]","[256, 256]",False,False,0.21539306640625,14116,8.666449069570724,10.03841292081734,0.16009388864040375,0.1546793133020401,8.3549478698526,0.1574307382106781,0.7664217352867126,0.3097991943359375,8.952604874060242,0.15130585432052612,True,0,0,908,pred[908] <-> gt[908] <-> mask[908]
909,909,909,results/B_mask_20_30_reliability_inference/line_debug/0227_center.png,/root/autodl-tmp/Inpainting/BundleFusion/B_imgs_gt/office0/01818.jpg,/root/autodl-tmp/Inpainting/masks/irregular_mask/mask_rates_20_30/0006679.png,0227_center.png,01818.jpg,0006679.png,0227_center,01818,0006679,"[256, 256]","[256, 256]","[256, 256]",False,False,0.2613983154296875,17131,5.960196539623065,5.890667369478538,0.0010570647427812219,0.0011567265028133988,5.985072175871705,0.0009555285796523094,0.8216607570648193,0.4008636474609375,6.288047654997676,0.0010570647427812219,False,0,0,909,pred[909] <-> gt[909] <-> mask[909]
910,910,910,results/B_mask_20_30_reliability_inference/line_debug/0227_reliability.png,/root/autodl-tmp/Inpainting/BundleFusion/B_imgs_gt/office0/01820.jpg,/root/autodl-tmp/Inpainting/masks/irregular_mask/mask_rates_20_30/0006682.png,0227_reliability.png,01820.jpg,0006682.png,0227_reliability,01820,0006682,"[256, 256]","[256, 256]","[256, 256]",False,False,0.2253570556640625,14769,6.270330564044114,7.255067070148798,0.006558316294103861,0.007115418557077646,6.021289570231366,0.007121002301573753,0.8333556652069092,0.284637451171875,7.204274434571435,0.007161775603890419,True,0,0,910,pred[910] <-> gt[910] <-> mask[910]
911,911,911,results/B_mask_20_30_reliability_inference/line_debug/0227_soft.png,/root/autodl-tmp/Inpainting/BundleFusion/B_imgs_gt/office0/01822.jpg,/root/autodl-tmp/Inpainting/masks/irregular_mask/mask_rates_20_30/0006693.png,0227_soft.png,01822.jpg,0006693.png,0227_soft,01822,0006693,"[256, 256]","[256, 256]","[256, 256]",False,False,0.226898193359375,14870,6.408787225585479,7.271009032428859,0.007218611892312765,0.009092909283936024,6.185128748500134,0.006265814416110516,0.8344913721084595,0.2787933349609375,7.025771321964923,0.00782016757875681,True,0,0,911,pred[911] <-> gt[911] <-> mask[911]
912,912,912,results/B_mask_20_30_reliability_inference/frames/0228.png,/root/autodl-tmp/Inpainting/BundleFusion/B_imgs_gt/office0/01824.jpg,/root/autodl-tmp/Inpainting/masks/irregular_mask/mask_rates_20_30/0006695.png,0228.png,01824.jpg,0006695.png,0228,01824,0006695,"[256, 256]","[256, 256]","[256, 256]",False,False,0.2072296142578125,13581,8.883331680909404,11.032819371996364,0.14872834086418152,0.13697156310081482,8.46132736533986,0.15857172012329102,0.7739288806915283,0.2871856689453125,10.853575102319073,0.13070876896381378,True,0,0,912,pred[912] <-> gt[912] <-> mask[912]
913,913,913,results/B_mask_20_30_reliability_inference/line_debug/0228_center.png,/root/autodl-tmp/Inpainting/BundleFusion/B_imgs_gt/office0/01826.jpg,/root/autodl-tmp/Inpainting/masks/irregular_mask/mask_rates_20_30/0006706.png,0228_center.png,01826.jpg,0006706.png,0228_center,01826,0006706,"[256, 256]","[256, 256]","[256, 256]",False,False,0.2055511474609375,13471,6.403285831913107,6.352574185104287,0.002961448160931468,0.0014551682397723198,6.416503806616261,0.0039177569560706615,0.8364439010620117,0.2742919921875,6.290298555836907,0.0021831176709383726,False,0,0,913,pred[913] <-> gt[913] <-> mask[913]
914,914,914,results/B_mask_20_30_reliability_inference/line_debug/0228_reliability.png,/root/autodl-tmp/Inpainting/BundleFusion/B_imgs_gt/office0/01828.jpg,/root/autodl-tmp/Inpainting/masks/irregular_mask/mask_rates_20_30/0006711.png,0228_reliability.png,01828.jpg,0006711.png,0228_reliability,01828,0006711,"[256, 256]","[256, 256]","[256, 256]",False,False,0.23223876953125,15220,6.737085471334529,6.1074307806601125,0.009647831320762634,0.003503437852486968,6.947041712964014,0.011617769487202168,0.8372935056686401,0.288970947265625,6.37543458774926,0.005394758656620979,False,0,0,914,pred[914] <-> gt[914] <-> mask[914]
915,915,915,results/B_mask_20_30_reliability_inference/line_debug/0228_soft.png,/root/autodl-tmp/Inpainting/BundleFusion/B_imgs_gt/office0/01830.jpg,/root/autodl-tmp/Inpainting/masks/irregular_mask/mask_rates_20_30/0006717.png,0228_soft.png,01830.jpg,0006717.png,0228_soft,01830,0006717,"[256, 256]","[256, 256]","[256, 256]",False,False,0.2527618408203125,16565,6.8607005405624495,6.959495377198639,0.012509554624557495,0.013778422959148884,6.827784230338616,0.013077100738883018,0.8348158597946167,0.3253326416015625,6.852551457414249,0.012779063545167446,True,0,0,915,pred[915] <-> gt[915] <-> mask[915]
916,916,916,results/B_mask_20_30_reliability_inference/frames/0229.png,/root/autodl-tmp/Inpainting/BundleFusion/B_imgs_gt/office0/01832.jpg,/root/autodl-tmp/Inpainting/masks/irregular_mask/mask_rates_20_30/0006720.png,0229.png,01832.jpg,0006720.png,0229,01832,0006720,"[256, 256]","[256, 256]","[256, 256]",False,False,0.200927734375,13168,9.266543014091532,11.639282203470284,0.1527920812368393,0.1951657086610794,8.829600197153049,0.13979384303092957,0.7645799517631531,0.2730712890625,10.98969881867562,0.17453539371490479,True,0,0,916,pred[916] <-> gt[916] <-> mask[916]
917,917,917,results/B_mask_20_30_reliability_inference/line_debug/0229_center.png,/root/autodl-tmp/Inpainting/BundleFusion/B_imgs_gt/office0/01834.jpg,/root/autodl-tmp/Inpainting/masks/irregular_mask/mask_rates_20_30/0006721.png,0229_center.png,01834.jpg,0006721.png,0229_center,01834,0006721,"[256, 256]","[256, 256]","[256, 256]",False,False,0.2751312255859375,18031,7.059962570394661,6.075654286060451,0.0074880062602460384,0.003907075151801109,7.500941963240731,0.010817795060575008,0.7726241946220398,0.3782806396484375,7.141418457543489,0.0074880062602460384,False,0,0,917,pred[917] <-> gt[917] <-> mask[917]
918,918,918,results/B_mask_20_30_reliability_inference/line_debug/0229_reliability.png,/root/autodl-tmp/Inpainting/BundleFusion/B_imgs_gt/office0/01836.jpg,/root/autodl-tmp/Inpainting/masks/irregular_mask/mask_rates_20_30/0006722.png,0229_reliability.png,01836.jpg,0006722.png,0229_reliability,01836,0006722,"[256, 256]","[256, 256]","[256, 256]",False,False,0.289642333984375,18982,7.336923609848912,7.726616127116124,0.015723632648587227,0.019796758890151978,7.18754820095344,0.01649603433907032,0.7927373647689819,0.23822021484375,7.62342864483189,0.017365531995892525,True,0,0,918,pred[918] <-> gt[918] <-> mask[918]
919,919,919,results/B_mask_20_30_reliability_inference/line_debug/0229_soft.png,/root/autodl-tmp/Inpainting/BundleFusion/B_imgs_gt/office0/01838.jpg,/root/autodl-tmp/Inpainting/masks/irregular_mask/mask_rates_20_30/0006723.png,0229_soft.png,01838.jpg,0006723.png,0229_soft,01838,0006723,"[256, 256]","[256, 256]","[256, 256]",False,False,0.298065185546875,19534,6.788350754315179,7.713518213137547,0.008691816590726376,0.010354641824960709,6.448194269717779,0.009912676177918911,0.8149975538253784,0.365234375,7.728921430165636,0.008938644081354141,True,0,0,919,pred[919] <-> gt[919] <-> mask[919]
920,920,920,results/B_mask_20_30_reliability_inference/frames/0230.png,/root/autodl-tmp/Inpainting/BundleFusion/B_imgs_gt/office0/01840.jpg,/root/autodl-tmp/Inpainting/masks/irregular_mask/mask_rates_20_30/0006724.png,0230.png,01840.jpg,0006724.png,0230,01840,0006724,"[256, 256]","[256, 256]","[256, 256]",False,False,0.2621612548828125,17181,9.022545787730706,8.975673771141198,0.174221470952034,0.17475388944149017,9.039323043627098,0.18706922233104706,0.7761942744255066,0.369476318359375,9.918985861496685,0.17288868129253387,False,0,0,920,pred[920] <-> gt[920] <-> mask[920]
921,921,921,results/B_mask_20_30_reliability_inference/line_debug/0230_center.png,/root/autodl-tmp/Inpainting/BundleFusion/B_imgs_gt/office0/01842.jpg,/root/autodl-tmp/Inpainting/masks/irregular_mask/mask_rates_20_30/0006743.png,0230_center.png,01842.jpg,0006743.png,0230_center,01842,0006743,"[256, 256]","[256, 256]","[256, 256]",False,False,0.2664642333984375,17463,5.79112631531196,5.459415188068942,0.0010226467857137322,0.0011611479567363858,5.918185647840733,0.0010708206100389361,0.8221619129180908,0.2799530029296875,5.461313707999944,0.0010555051267147064,False,0,0,921,pred[921] <-> gt[921] <-> mask[921]
922,922,922,results/B_mask_20_30_reliability_inference/line_debug/0230_reliability.png,/root/autodl-tmp/Inpainting/BundleFusion/B_imgs_gt/office0/01844.jpg,/root/autodl-tmp/Inpainting/masks/irregular_mask/mask_rates_20_30/0006750.png,0230_reliability.png,01844.jpg,0006750.png,0230_reliability,01844,0006750,"[256, 256]","[256, 256]","[256, 256]",False,False,0.2850341796875,18680,5.604513454945023,5.962586746443832,0.0058942981995642185,0.005315227434039116,5.469604195025804,0.006028033327311277,0.8170326948165894,0.2836761474609375,5.538747033493792,0.005652608349919319,True,0,0,922,pred[922] <-> gt[922] <-> mask[922]
923,923,923,results/B_mask_20_30_reliability_inference/line_debug/0230_soft.png,/root/autodl-tmp/Inpainting/BundleFusion/B_imgs_gt/office0/01846.jpg,/root/autodl-tmp/Inpainting/masks/irregular_mask/mask_rates_20_30/0006784.png,0230_soft.png,01846.jpg,0006784.png,0230_soft,01846,0006784,"[256, 256]","[256, 256]","[256, 256]",False,False,0.2348480224609375,15391,5.338276419805606,6.860207048345258,0.005885802675038576,0.006974928546696901,4.9610849541557895,0.0048504178412258625,0.8294485807418823,0.310516357421875,6.505827022261245,0.006198866758495569,True,0,0,923,pred[923] <-> gt[923] <-> mask[923]
924,924,924,results/B_mask_20_30_reliability_inference/frames/0231.png,/root/autodl-tmp/Inpainting/BundleFusion/B_imgs_gt/office0/01848.jpg,/root/autodl-tmp/Inpainting/masks/irregular_mask/mask_rates_20_30/0006806.png,0231.png,01848.jpg,0006806.png,0231,01848,0006806,"[256, 256]","[256, 256]","[256, 256]",False,False,0.2173614501953125,14245,8.426725043150666,7.103599797301121,0.20273476839065552,0.21638959646224976,8.879079160306553,0.20653191208839417,0.7715944647789001,0.2149658203125,7.546580904780258,0.21987633407115936,False,0,0,924,pred[924] <-> gt[924] <-> mask[924]
925,925,925,results/B_mask_20_30_reliability_inference/line_debug/0231_center.png,/root/autodl-tmp/Inpainting/BundleFusion/B_imgs_gt/office0/01850.jpg,/root/autodl-tmp/Inpainting/masks/irregular_mask/mask_rates_20_30/0006825.png,0231_center.png,01850.jpg,0006825.png,0231_center,01850,0006825,"[256, 256]","[256, 256]","[256, 256]",False,False,0.2925872802734375,19175,5.26499896105755,7.99687955751021,0.0013506371760740876,0.00151040218770504,4.498197158376769,0.0011180550791323185,0.8628591299057007,0.27685546875,6.908852645186193,0.0016060015186667442,True,0,0,925,pred[925] <-> gt[925] <-> mask[925]
926,926,926,results/B_mask_20_30_reliability_inference/line_debug/0231_reliability.png,/root/autodl-tmp/Inpainting/BundleFusion/B_imgs_gt/office0/01852.jpg,/root/autodl-tmp/Inpainting/masks/irregular_mask/mask_rates_20_30/0006831.png,0231_reliability.png,01852.jpg,0006831.png,0231_reliability,01852,0006831,"[256, 256]","[256, 256]","[256, 256]",False,False,0.2236785888671875,14659,5.475996625557818,6.204090988756283,0.005736976396292448,0.007658099289983511,5.287027301398448,0.0051388805732131,0.8322347402572632,0.17138671875,6.464475561618116,0.0070217065513134,True,0,0,926,pred[926] <-> gt[926] <-> mask[926]
927,927,927,results/B_mask_20_30_reliability_inference/line_debug/0231_soft.png,/root/autodl-tmp/Inpainting/BundleFusion/B_imgs_gt/office0/01854.jpg,/root/autodl-tmp/Inpainting/masks/irregular_mask/mask_rates_20_30/0006837.png,0231_soft.png,01854.jpg,0006837.png,0231_soft,01854,0006837,"[256, 256]","[256, 256]","[256, 256]",False,False,0.2607879638671875,17091,5.3027280476958225,6.298528922166842,0.006011888384819031,0.006293781101703644,4.999612445922542,0.005932873114943504,0.8197137117385864,0.3227081298828125,6.414416125339519,0.006011888384819031,True,0,0,927,pred[927] <-> gt[927] <-> mask[927]
928,928,928,results/B_mask_20_30_reliability_inference/frames/0232.png,/root/autodl-tmp/Inpainting/BundleFusion/B_imgs_gt/office0/01856.jpg,/root/autodl-tmp/Inpainting/masks/irregular_mask/mask_rates_20_30/0006839.png,0232.png,01856.jpg,0006839.png,0232,01856,0006839,"[256, 256]","[256, 256]","[256, 256]",False,False,0.2617034912109375,17151,8.350965969368714,9.763504246304468,0.24042777717113495,0.28001198172569275,7.9432843049761885,0.241922065615654,0.7838223576545715,0.3911285400390625,8.976033143851245,0.2618344724178314,True,0,0,928,pred[928] <-> gt[928] <-> mask[928]
929,929,929,results/B_mask_20_30_reliability_inference/line_debug/0232_center.png,/root/autodl-tmp/Inpainting/BundleFusion/B_imgs_gt/office0/01858.jpg,/root/autodl-tmp/Inpainting/masks/irregular_mask/mask_rates_20_30/0006855.png,0232_center.png,01858.jpg,0006855.png,0232_center,01858,0006855,"[256, 256]","[256, 256]","[256, 256]",False,False,0.217071533203125,14226,4.5607117454437605,6.79212413023068,0.0009778325911611319,0.0011233435943722725,4.102020825973561,0.0005963106523267925,0.828435480594635,0.1931610107421875,5.304586276812651,0.0010731853544712067,True,0,0,929,pred[929] <-> gt[929] <-> mask[929]
930,930,930,results/B_mask_20_30_reliability_inference/line_debug/0232_reliability.png,/root/autodl-tmp/Inpainting/BundleFusion/B_imgs_gt/office0/01860.jpg,/root/autodl-tmp/Inpainting/masks/irregular_mask/mask_rates_20_30/0006862.png,0232_reliability.png,01860.jpg,0006862.png,0232_reliability,01860,0006862,"[256, 256]","[256, 256]","[256, 256]",False,False,0.2109832763671875,13827,4.462190448375105,3.5682145063727715,0.006874092388898134,0.006760598625987768,4.736079581936554,0.007350154686719179,0.8034955263137817,0.329254150390625,4.253763133247488,0.006874092388898134,False,0,0,930,pred[930] <-> gt[930] <-> mask[930]
931,931,931,results/B_mask_20_30_reliability_inference/line_debug/0232_soft.png,/root/autodl-tmp/Inpainting/BundleFusion/B_imgs_gt/office0/01862.jpg,/root/autodl-tmp/Inpainting/masks/irregular_mask/mask_rates_20_30/0006883.png,0232_soft.png,01862.jpg,0006883.png,0232_soft,01862,0006883,"[256, 256]","[256, 256]","[256, 256]",False,False,0.22540283203125,14772,4.14592055406081,4.712560737553934,0.007129866164177656,0.007045452948659658,3.9940233289556937,0.007263887673616409,0.8086181282997131,0.352813720703125,4.608512048290963,0.007100196089595556,True,0,0,931,pred[931] <-> gt[931] <-> mask[931]
932,932,932,results/B_mask_20_30_reliability_inference/frames/0233.png,/root/autodl-tmp/Inpainting/BundleFusion/B_imgs_gt/office0/01864.jpg,/root/autodl-tmp/Inpainting/masks/irregular_mask/mask_rates_20_30/0006885.png,0233.png,01864.jpg,0006885.png,0233,01864,0006885,"[256, 256]","[256, 256]","[256, 256]",False,False,0.23504638671875,15404,6.509932665671352,3.411286064245492,0.2510705888271332,0.17816253006458282,8.184192821980627,0.2935419976711273,0.7679214477539062,0.2299041748046875,6.067374977734962,0.21713049709796906,False,0,0,932,pred[932] <-> gt[932] <-> mask[932]
933,933,933,results/B_mask_20_30_reliability_inference/line_debug/0233_center.png,/root/autodl-tmp/Inpainting/BundleFusion/B_imgs_gt/office0/01866.jpg,/root/autodl-tmp/Inpainting/masks/irregular_mask/mask_rates_20_30/0006889.png,0233_center.png,01866.jpg,0006889.png,0233_center,01866,0006889,"[256, 256]","[256, 256]","[256, 256]",False,False,0.20697021484375,13564,3.709141975962785,4.61148646262547,0.0010686734458431602,0.0011484973365440965,3.501538947284092,0.0010896535823121667,0.821239173412323,0.2335052490234375,3.9158786661138265,0.0011069452157244086,True,0,0,933,pred[933] <-> gt[933] <-> mask[933]
934,934,934,results/B_mask_20_30_reliability_inference/line_debug/0233_reliability.png,/root/autodl-tmp/Inpainting/BundleFusion/B_imgs_gt/office0/01868.jpg,/root/autodl-tmp/Inpainting/masks/irregular_mask/mask_rates_20_30/0006900.png,0233_reliability.png,01868.jpg,0006900.png,0233_reliability,01868,0006900,"[256, 256]","[256, 256]","[256, 256]",False,False,0.2026824951171875,13283,3.7247847454641443,5.187856592703204,0.007195442449301481,0.007181654218584299,3.419981203807483,0.00670416746288538,0.800513744354248,0.417938232421875,4.022699763576167,0.007299528922885656,True,0,0,934,pred[934] <-> gt[934] <-> mask[934]
935,935,935,results/B_mask_20_30_reliability_inference/line_debug/0233_soft.png,/root/autodl-tmp/Inpainting/BundleFusion/B_imgs_gt/office0/01870.jpg,/root/autodl-tmp/Inpainting/masks/irregular_mask/mask_rates_20_30/0006908.png,0233_soft.png,01870.jpg,0006908.png,0233_soft,01870,0006908,"[256, 256]","[256, 256]","[256, 256]",False,False,0.28533935546875,18700,3.66260823632388,2.235071297468381,0.007253199350088835,0.0070933327078819275,4.395994270837615,0.006828810553997755,0.8016207218170166,0.321807861328125,4.127951156010134,0.007397600915282965,False,0,0,935,pred[935] <-> gt[935] <-> mask[935]
936,936,936,results/B_mask_20_30_reliability_inference/frames/0234.png,/root/autodl-tmp/Inpainting/BundleFusion/B_imgs_gt/office0/01872.jpg,/root/autodl-tmp/Inpainting/masks/irregular_mask/mask_rates_20_30/0006916.png,0234.png,01872.jpg,0006916.png,0234,01872,0006916,"[256, 256]","[256, 256]","[256, 256]",False,False,0.2503814697265625,16409,6.126467380885203,8.018484140640176,0.2532406747341156,0.24039886891841888,5.64220972988899,0.24955317378044128,0.7594313621520996,0.3703155517578125,5.98806281052672,0.25006139278411865,True,0,0,936,pred[936] <-> gt[936] <-> mask[936]
937,937,937,results/B_mask_20_30_reliability_inference/line_debug/0234_center.png,/root/autodl-tmp/Inpainting/BundleFusion/B_imgs_gt/office0/01874.jpg,/root/autodl-tmp/Inpainting/masks/irregular_mask/mask_rates_20_30/0006917.png,0234_center.png,01874.jpg,0006917.png,0234_center,01874,0006917,"[256, 256]","[256, 256]","[256, 256]",False,False,0.288177490234375,18886,3.604274280551674,3.85974607689485,0.0009601724450476468,0.0010132032912224531,3.5049748574317166,0.0009729972225613892,0.8450930714607239,0.3777923583984375,2.8016256116373626,0.0009601724450476468,True,0,0,937,pred[937] <-> gt[937] <-> mask[937]
938,938,938,results/B_mask_20_30_reliability_inference/line_debug/0234_reliability.png,/root/autodl-tmp/Inpainting/BundleFusion/B_imgs_gt/office0/01876.jpg,/root/autodl-tmp/Inpainting/masks/irregular_mask/mask_rates_20_30/0006927.png,0234_reliability.png,01876.jpg,0006927.png,0234_reliability,01876,0006927,"[256, 256]","[256, 256]","[256, 256]",False,False,0.2271881103515625,14889,3.8006346560102635,3.8933740236700154,0.0069940462708473206,0.0069940462708473206,3.7737437544017016,0.006694866344332695,0.8398091793060303,0.4314117431640625,3.7959378279249414,0.0069940462708473206,True,0,0,938,pred[938] <-> gt[938] <-> mask[938]
939,939,939,results/B_mask_20_30_reliability_inference/line_debug/0234_soft.png,/root/autodl-tmp/Inpainting/BundleFusion/B_imgs_gt/office0/01878.jpg,/root/autodl-tmp/Inpainting/masks/irregular_mask/mask_rates_20_30/0006928.png,0234_soft.png,01878.jpg,0006928.png,0234_soft,01878,0006928,"[256, 256]","[256, 256]","[256, 256]",False,False,0.255096435546875,16718,3.9224041186502663,3.4306986417817513,0.0070766969583928585,0.0071074627339839935,4.10445723793147,0.007276137359440327,0.8338449597358704,0.301910400390625,3.585837590103382,0.0070766969583928585,False,0,0,939,pred[939] <-> gt[939] <-> mask[939]
940,940,940,results/B_mask_20_30_reliability_inference/frames/0235.png,/root/autodl-tmp/Inpainting/BundleFusion/B_imgs_gt/office0/01880.jpg,/root/autodl-tmp/Inpainting/masks/irregular_mask/mask_rates_20_30/0006929.png,0235.png,01880.jpg,0006929.png,0235,01880,0006929,"[256, 256]","[256, 256]","[256, 256]",False,False,0.23138427734375,15164,6.60391143752895,5.566920936142514,0.27567628026008606,0.20843549072742462,6.9716487543434615,0.29877594113349915,0.7682356834411621,0.2725067138671875,5.539813796089316,0.26016882061958313,False,0,0,940,pred[940] <-> gt[940] <-> mask[940]
941,941,941,results/B_mask_20_30_reliability_inference/line_debug/0235_center.png,/root/autodl-tmp/Inpainting/BundleFusion/B_imgs_gt/office0/01882.jpg,/root/autodl-tmp/Inpainting/masks/irregular_mask/mask_rates_20_30/0006932.png,0235_center.png,01882.jpg,0006932.png,0235_center,01882,0006932,"[256, 256]","[256, 256]","[256, 256]",False,False,0.271881103515625,17818,3.9184773775084842,4.393818734830369,0.0012980300234630704,0.0012980300234630704,3.753525760295835,0.0012769097229465842,0.8427101373672485,0.3038482666015625,4.104417607835559,0.0012980300234630704,True,0,0,941,pred[941] <-> gt[941] <-> mask[941]
942,942,942,results/B_mask_20_30_reliability_inference/line_debug/0235_reliability.png,/root/autodl-tmp/Inpainting/BundleFusion/B_imgs_gt/office0/01884.jpg,/root/autodl-tmp/Inpainting/masks/irregular_mask/mask_rates_20_30/0006937.png,0235_reliability.png,01884.jpg,0006937.png,0235_reliability,01884,0006937,"[256, 256]","[256, 256]","[256, 256]",False,False,0.228424072265625,14970,4.046368244449409,5.457562064824074,0.00663406029343605,0.006830287631601095,3.7035639743468334,0.006648004055023193,0.8412383794784546,0.2759552001953125,3.9725660054952243,0.00669354060664773,True,0,0,942,pred[942] <-> gt[942] <-> mask[942]
943,943,943,results/B_mask_20_30_reliability_inference/line_debug/0235_soft.png,/root/autodl-tmp/Inpainting/BundleFusion/B_imgs_gt/office0/01886.jpg,/root/autodl-tmp/Inpainting/masks/irregular_mask/mask_rates_20_30/0006942.png,0235_soft.png,01886.jpg,0006942.png,0235_soft,01886,0006942,"[256, 256]","[256, 256]","[256, 256]",False,False,0.238433837890625,15626,4.165218882112283,3.340677062032337,0.0070012216456234455,0.007382877171039581,4.459234377435295,0.007207298651337624,0.8479964733123779,0.2604827880859375,3.592060530838606,0.007155034691095352,False,0,0,943,pred[943] <-> gt[943] <-> mask[943]
944,944,944,results/B_mask_20_30_reliability_inference/frames/0236.png,/root/autodl-tmp/Inpainting/BundleFusion/B_imgs_gt/office0/01888.jpg,/root/autodl-tmp/Inpainting/masks/irregular_mask/mask_rates_20_30/0006953.png,0236.png,01888.jpg,0006953.png,0236,01888,0006953,"[256, 256]","[256, 256]","[256, 256]",False,False,0.259674072265625,17018,7.076172297900514,5.333162078607234,0.2857182025909424,0.2616606056690216,7.902240856619731,0.3240293264389038,0.766785204410553,0.361663818359375,7.359452159732732,0.28506729006767273,False,0,0,944,pred[944] <-> gt[944] <-> mask[944]
945,945,945,results/B_mask_20_30_reliability_inference/line_debug/0236_center.png,/root/autodl-tmp/Inpainting/BundleFusion/B_imgs_gt/office0/01890.jpg,/root/autodl-tmp/Inpainting/masks/irregular_mask/mask_rates_20_30/0006964.png,0236_center.png,01890.jpg,0006964.png,0236_center,01890,0006964,"[256, 256]","[256, 256]","[256, 256]",False,False,0.240264892578125,15746,4.087583348676718,4.651708753640859,0.0009893834358081222,0.0010914683807641268,3.9234224941212243,0.0010037858737632632,0.8299041390419006,0.2486572265625,3.4474490111742084,0.0010456377640366554,True,0,0,945,pred[945] <-> gt[945] <-> mask[945]
946,946,946,results/B_mask_20_30_reliability_inference/line_debug/0236_reliability.png,/root/autodl-tmp/Inpainting/BundleFusion/B_imgs_gt/office0/01892.jpg,/root/autodl-tmp/Inpainting/masks/irregular_mask/mask_rates_20_30/0006967.png,0236_reliability.png,01892.jpg,0006967.png,0236_reliability,01892,0006967,"[256, 256]","[256, 256]","[256, 256]",False,False,0.233734130859375,15318,4.246092206160345,3.9896474138367193,0.006761461496353149,0.0062308344058692455,4.3274280526526265,0.00676582008600235,0.833195149898529,0.2940673828125,4.455319201341294,0.006669195368885994,False,0,0,946,pred[946] <-> gt[946] <-> mask[946]
947,947,947,results/B_mask_20_30_reliability_inference/line_debug/0236_soft.png,/root/autodl-tmp/Inpainting/BundleFusion/B_imgs_gt/office0/01894.jpg,/root/autodl-tmp/Inpainting/masks/irregular_mask/mask_rates_20_30/0006969.png,0236_soft.png,01894.jpg,0006969.png,0236_soft,01894,0006969,"[256, 256]","[256, 256]","[256, 256]",False,False,0.28729248046875,18828,4.4410644205293845,4.408685708611474,0.007247129920870066,0.007026482839137316,4.454184572057454,0.007313052657991648,0.8388659358024597,0.2581024169921875,4.022019711026531,0.007054141256958246,False,0,0,947,pred[947] <-> gt[947] <-> mask[947]
948,948,948,results/B_mask_20_30_reliability_inference/frames/0237.png,/root/autodl-tmp/Inpainting/BundleFusion/B_imgs_gt/office0/01896.jpg,/root/autodl-tmp/Inpainting/masks/irregular_mask/mask_rates_20_30/0006978.png,0237.png,01896.jpg,0006978.png,0237,01896,0006978,"[256, 256]","[256, 256]","[256, 256]",False,False,0.2159881591796875,14155,7.2784437321739155,9.223367132510042,0.2907170355319977,0.2907170355319977,6.866691130676278,0.2982841730117798,0.7617489099502563,0.1837158203125,8.155797032369948,0.2907170355319977,True,0,0,948,pred[948] <-> gt[948] <-> mask[948]
949,949,949,results/B_mask_20_30_reliability_inference/line_debug/0237_center.png,/root/autodl-tmp/Inpainting/BundleFusion/B_imgs_gt/office0/01898.jpg,/root/autodl-tmp/Inpainting/masks/irregular_mask/mask_rates_20_30/0006982.png,0237_center.png,01898.jpg,0006982.png,0237_center,01898,0006982,"[256, 256]","[256, 256]","[256, 256]",False,False,0.28765869140625,18852,4.360085295259957,5.306983157506121,0.0012605738593265414,0.0011098835384473205,4.029434140465371,0.0012029855279251933,0.8450722694396973,0.3788909912109375,3.7777686477420893,0.0012605738593265414,True,0,0,949,pred[949] <-> gt[949] <-> mask[949]
950,950,950,results/B_mask_20_30_reliability_inference/line_debug/0237_reliability.png,/root/autodl-tmp/Inpainting/BundleFusion/B_imgs_gt/office0/01900.jpg,/root/autodl-tmp/Inpainting/masks/irregular_mask/mask_rates_20_30/0006984.png,0237_reliability.png,01900.jpg,0006984.png,0237_reliability,01900,0006984,"[256, 256]","[256, 256]","[256, 256]",False,False,0.2625732421875,17208,4.478204406918677,3.8053449134606554,0.008134483359754086,0.008431648835539818,4.7453966007536055,0.008091120980679989,0.8427602648735046,0.4253692626953125,4.758518388931274,0.008134483359754086,False,0,0,950,pred[950] <-> gt[950] <-> mask[950]
951,951,951,results/B_mask_20_30_reliability_inference/line_debug/0237_soft.png,/root/autodl-tmp/Inpainting/BundleFusion/B_imgs_gt/office0/01902.jpg,/root/autodl-tmp/Inpainting/masks/irregular_mask/mask_rates_20_30/0006991.png,0237_soft.png,01902.jpg,0006991.png,0237_soft,01902,0006991,"[256, 256]","[256, 256]","[256, 256]",False,False,0.26025390625,17056,4.454206939787905,3.7670212805489873,0.008441654033958912,0.009635710157454014,4.724377990543243,0.008187691681087017,0.8354122638702393,0.211822509765625,3.63408573788298,0.009161784313619137,False,0,0,951,pred[951] <-> gt[951] <-> mask[951]
952,952,952,results/B_mask_20_30_reliability_inference/frames/0238.png,/root/autodl-tmp/Inpainting/BundleFusion/B_imgs_gt/office0/01904.jpg,/root/autodl-tmp/Inpainting/masks/irregular_mask/mask_rates_20_30/0006994.png,0238.png,01904.jpg,0006994.png,0238,01904,0006994,"[256, 256]","[256, 256]","[256, 256]",False,False,0.22625732421875,14828,7.262844499102218,7.076505756499028,0.26950690150260925,0.27546241879463196,7.318879449843587,0.2749369740486145,0.7398969531059265,0.3736724853515625,6.737445874126468,0.27147147059440613,False,0,0,952,pred[952] <-> gt[952] <-> mask[952]
953,953,953,results/B_mask_20_30_reliability_inference/line_debug/0238_center.png,/root/autodl-tmp/Inpainting/BundleFusion/B_imgs_gt/office0/01906.jpg,/root/autodl-tmp/Inpainting/masks/irregular_mask/mask_rates_20_30/0006997.png,0238_center.png,01906.jpg,0006997.png,0238_center,01906,0006997,"[256, 256]","[256, 256]","[256, 256]",False,False,0.2525482177734375,16551,4.265676067169268,6.009154771567888,0.0014961323468014598,0.0014653682010248303,3.80572107387421,0.0015170997940003872,0.8075189590454102,0.2416229248046875,3.669909550384795,0.0015214290469884872,True,0,0,953,pred[953] <-> gt[953] <-> mask[953]
954,954,954,results/B_mask_20_30_reliability_inference/line_debug/0238_reliability.png,/root/autodl-tmp/Inpainting/BundleFusion/B_imgs_gt/office0/01908.jpg,/root/autodl-tmp/Inpainting/masks/irregular_mask/mask_rates_20_30/0007006.png,0238_reliability.png,01908.jpg,0007006.png,0238_reliability,01908,0007006,"[256, 256]","[256, 256]","[256, 256]",False,False,0.2224884033203125,14581,4.301506112505088,4.853004120703428,0.006977437529712915,0.00685017229989171,4.1557737165116055,0.00701896520331502,0.8059639930725098,0.3225555419921875,4.454255319783532,0.006874361541122198,True,0,0,954,pred[954] <-> gt[954] <-> mask[954]
955,955,955,results/B_mask_20_30_reliability_inference/line_debug/0238_soft.png,/root/autodl-tmp/Inpainting/BundleFusion/B_imgs_gt/office0/01910.jpg,/root/autodl-tmp/Inpainting/masks/irregular_mask/mask_rates_20_30/0007007.png,0238_soft.png,01910.jpg,0007007.png,0238_soft,01910,0007007,"[256, 256]","[256, 256]","[256, 256]",False,False,0.2003173828125,13128,4.264755135600726,5.274232340281384,0.007545093540102243,0.00892004743218422,4.0447888525877715,0.007285602390766144,0.827712893486023,0.22552490234375,5.413560374269495,0.008072576485574245,True,0,0,955,pred[955] <-> gt[955] <-> mask[955]
956,956,956,results/B_mask_20_30_reliability_inference/frames/0239.png,/root/autodl-tmp/Inpainting/BundleFusion/B_imgs_gt/office0/01912.jpg,/root/autodl-tmp/Inpainting/masks/irregular_mask/mask_rates_20_30/0007014.png,0239.png,01912.jpg,0007014.png,0239,01912,0007014,"[256, 256]","[256, 256]","[256, 256]",False,False,0.270599365234375,17734,7.408287089110685,7.85608946297621,0.276857852935791,0.26769518852233887,7.253235855814509,0.29693546891212463,0.746402382850647,0.35845947265625,6.981776074807337,0.2616097033023834,True,0,0,956,pred[956] <-> gt[956] <-> mask[956]
957,957,957,results/B_mask_20_30_reliability_inference/line_debug/0239_center.png,/root/autodl-tmp/Inpainting/BundleFusion/B_imgs_gt/office0/01914.jpg,/root/autodl-tmp/Inpainting/masks/irregular_mask/mask_rates_20_30/0007016.png,0239_center.png,01914.jpg,0007016.png,0239_center,01914,0007016,"[256, 256]","[256, 256]","[256, 256]",False,False,0.2899017333984375,18999,4.20421309331721,4.008568017400566,0.0010032708523795009,0.0011995893437415361,4.2866911283480835,0.0009928203653544188,0.8509473204612732,0.305999755859375,5.576578905933923,0.0010920660570263863,False,0,0,957,pred[957] <-> gt[957] <-> mask[957]
958,958,958,results/B_mask_20_30_reliability_inference/line_debug/0239_reliability.png,/root/autodl-tmp/Inpainting/BundleFusion/B_imgs_gt/office0/01916.jpg,/root/autodl-tmp/Inpainting/masks/irregular_mask/mask_rates_20_30/0007020.png,0239_reliability.png,01916.jpg,0007020.png,0239_reliability,01916,0007020,"[256, 256]","[256, 256]","[256, 256]",False,False,0.236328125,15488,4.3764882233446265,4.747257462712422,0.005679124966263771,0.006132892798632383,4.267879151482586,0.005594376940280199,0.8494117259979248,0.4084625244140625,5.1543093499175585,0.005723090376704931,True,0,0,958,pred[958] <-> gt[958] <-> mask[958]
959,959,959,results/B_mask_20_30_reliability_inference/line_debug/0239_soft.png,/root/autodl-tmp/Inpainting/BundleFusion/B_imgs_gt/office0/01918.jpg,/root/autodl-tmp/Inpainting/masks/irregular_mask/mask_rates_20_30/0007022.png,0239_soft.png,01918.jpg,0007022.png,0239_soft,01918,0007022,"[256, 256]","[256, 256]","[256, 256]",False,False,0.2266845703125,14856,4.47279180824958,4.650137217287714,0.005957072600722313,0.008376558311283588,4.422149875461327,0.004972502589225769,0.8437050580978394,0.201080322265625,5.989048496523941,0.007260368671268225,True,0,0,959,pred[959] <-> gt[959] <-> mask[959]
960,960,960,results/B_mask_20_30_reliability_inference/frames/0240.png,/root/autodl-tmp/Inpainting/BundleFusion/B_imgs_gt/office0/01920.jpg,/root/autodl-tmp/Inpainting/masks/irregular_mask/mask_rates_20_30/0007032.png,0240.png,01920.jpg,0007032.png,0240,01920,0007032,"[256, 256]","[256, 256]","[256, 256]",False,False,0.2045135498046875,13403,7.543834319075943,8.269410838576237,0.25027528405189514,0.24144737422466278,7.375355117293063,0.25973913073539734,0.7458462715148926,0.3712615966796875,6.831738181285002,0.25027528405189514,True,0,0,960,pred[960] <-> gt[960] <-> mask[960]
961,961,961,results/B_mask_20_30_reliability_inference/line_debug/0240_center.png,/root/autodl-tmp/Inpainting/BundleFusion/B_imgs_gt/office0/01922.jpg,/root/autodl-tmp/Inpainting/masks/irregular_mask/mask_rates_20_30/0007038.png,0240_center.png,01922.jpg,0007038.png,0240_center,01922,0007038,"[256, 256]","[256, 256]","[256, 256]",False,False,0.2959747314453125,19397,4.3032424071239275,5.429350902707122,0.0007987632416188717,0.0009128923411481082,3.905047836487542,0.0006768947350792587,0.8383722305297852,0.2427978515625,6.637584575937698,0.0008252359111793339,True,0,0,961,pred[961] <-> gt[961] <-> mask[961]
962,962,962,results/B_mask_20_30_reliability_inference/line_debug/0240_reliability.png,/root/autodl-tmp/Inpainting/BundleFusion/B_imgs_gt/office0/01924.jpg,/root/autodl-tmp/Inpainting/masks/irregular_mask/mask_rates_20_30/0007042.png,0240_reliability.png,01924.jpg,0007042.png,0240_reliability,01924,0007042,"[256, 256]","[256, 256]","[256, 256]",False,False,0.2780303955078125,18221,4.498755793377352,4.469015150404992,0.007079690229147673,0.006792882457375526,4.5102635165410785,0.007924346253275871,0.8310953378677368,0.36688232421875,4.279670946550727,0.007079690229147673,False,0,0,962,pred[962] <-> gt[962] <-> mask[962]
963,963,963,results/B_mask_20_30_reliability_inference/line_debug/0240_soft.png,/root/autodl-tmp/Inpainting/BundleFusion/B_imgs_gt/office0/01926.jpg,/root/autodl-tmp/Inpainting/masks/irregular_mask/mask_rates_20_30/0007058.png,0240_soft.png,01926.jpg,0007058.png,0240_soft,01926,0007058,"[256, 256]","[256, 256]","[256, 256]",False,False,0.2393035888671875,15683,4.441257032754417,4.098536715487296,0.007363384589552879,0.004579718690365553,4.554914224714183,0.008420207537710667,0.8291639685630798,0.264495849609375,4.0475844881766365,0.005566746462136507,False,0,0,963,pred[963] <-> gt[963] <-> mask[963]
964,964,964,results/B_mask_20_30_reliability_inference/frames/0241.png,/root/autodl-tmp/Inpainting/BundleFusion/B_imgs_gt/office0/01928.jpg,/root/autodl-tmp/Inpainting/masks/irregular_mask/mask_rates_20_30/0007073.png,0241.png,01928.jpg,0007073.png,0241,01928,0007073,"[256, 256]","[256, 256]","[256, 256]",False,False,0.22412109375,14688,6.879393067216464,9.382909353710831,0.23578454554080963,0.23822122812271118,6.361872985152409,0.2452104091644287,0.737598180770874,0.2812347412109375,9.49061906564876,0.23429815471172333,True,0,0,964,pred[964] <-> gt[964] <-> mask[964]
965,965,965,results/B_mask_20_30_reliability_inference/line_debug/0241_center.png,/root/autodl-tmp/Inpainting/BundleFusion/B_imgs_gt/office0/01930.jpg,/root/autodl-tmp/Inpainting/masks/irregular_mask/mask_rates_20_30/0007080.png,0241_center.png,01930.jpg,0007080.png,0241_center,01930,0007080,"[256, 256]","[256, 256]","[256, 256]",False,False,0.270965576171875,17758,3.5010613798315897,4.351723563941255,0.0011561847059056163,0.0012129502138122916,3.2230209242423995,0.0009321051184087992,0.8416973352432251,0.325775146484375,3.1425891575280995,0.0011690001701936126,True,0,0,965,pred[965] <-> gt[965] <-> mask[965]
966,966,966,results/B_mask_20_30_reliability_inference/line_debug/0241_reliability.png,/root/autodl-tmp/Inpainting/BundleFusion/B_imgs_gt/office0/01932.jpg,/root/autodl-tmp/Inpainting/masks/irregular_mask/mask_rates_20_30/0007093.png,0241_reliability.png,01932.jpg,0007093.png,0241_reliability,01932,0007093,"[256, 256]","[256, 256]","[256, 256]",False,False,0.2598876953125,17032,3.5045152381350175,4.267221147954012,0.004280276596546173,0.0046036746352910995,3.2655875851275433,0.0035296636633574963,0.8191131353378296,0.4026031494140625,3.505775578070907,0.00434306962415576,True,0,0,966,pred[966] <-> gt[966] <-> mask[966]
967,967,967,results/B_mask_20_30_reliability_inference/line_debug/0241_soft.png,/root/autodl-tmp/Inpainting/BundleFusion/B_imgs_gt/office0/01934.jpg,/root/autodl-tmp/Inpainting/masks/irregular_mask/mask_rates_20_30/0007103.png,0241_soft.png,01934.jpg,0007103.png,0241_soft,01934,0007103,"[256, 256]","[256, 256]","[256, 256]",False,False,0.201873779296875,13230,3.2906552676136696,4.73369955367205,0.005714848637580872,0.00801076740026474,2.9907060925465356,0.00468419399112463,0.8273278474807739,0.2659454345703125,4.5943391971006395,0.0066330633126199245,True,0,0,967,pred[967] <-> gt[967] <-> mask[967]
968,968,968,results/B_mask_20_30_reliability_inference/frames/0242.png,/root/autodl-tmp/Inpainting/BundleFusion/B_imgs_gt/office0/01936.jpg,/root/autodl-tmp/Inpainting/masks/irregular_mask/mask_rates_20_30/0007111.png,0242.png,01936.jpg,0007111.png,0242,01936,0007111,"[256, 256]","[256, 256]","[256, 256]",False,False,0.2770233154296875,18155,5.801675764353398,8.71399570405724,0.1946668177843094,0.23822243511676788,5.056386488857575,0.13911375403404236,0.7689700126647949,0.2673492431640625,6.164930777114394,0.21550016105175018,True,0,0,968,pred[968] <-> gt[968] <-> mask[968]
969,969,969,results/B_mask_20_30_reliability_inference/line_debug/0242_center.png,/root/autodl-tmp/Inpainting/BundleFusion/B_imgs_gt/office0/01938.jpg,/root/autodl-tmp/Inpainting/masks/irregular_mask/mask_rates_20_30/0007115.png,0242_center.png,01938.jpg,0007115.png,0242_center,01938,0007115,"[256, 256]","[256, 256]","[256, 256]",False,False,0.29522705078125,19348,3.1495026588993236,3.741613248045757,0.0010423307539895177,0.0007554205949418247,2.9236131574602315,0.0012902191374450922,0.8389828205108643,0.3596954345703125,3.5361691222076326,0.0010423307539895177,True,0,0,969,pred[969] <-> gt[969] <-> mask[969]
970,970,970,results/B_mask_20_30_reliability_inference/line_debug/0242_reliability.png,/root/autodl-tmp/Inpainting/BundleFusion/B_imgs_gt/office0/01940.jpg,/root/autodl-tmp/Inpainting/masks/irregular_mask/mask_rates_20_30/0007123.png,0242_reliability.png,01940.jpg,0007123.png,0242_reliability,01940,0007123,"[256, 256]","[256, 256]","[256, 256]",False,False,0.27874755859375,18268,3.2483907551455915,3.2784852947477767,0.0035163171123713255,0.0035163171123713255,3.2368157740021064,0.004395806230604649,0.833209216594696,0.3633575439453125,3.1266260487677613,0.0035163171123713255,True,0,0,970,pred[970] <-> gt[970] <-> mask[970]
971,971,971,results/B_mask_20_30_reliability_inference/line_debug/0242_soft.png,/root/autodl-tmp/Inpainting/BundleFusion/B_imgs_gt/office0/01942.jpg,/root/autodl-tmp/Inpainting/masks/irregular_mask/mask_rates_20_30/0007124.png,0242_soft.png,01942.jpg,0007124.png,0242_soft,01942,0007124,"[256, 256]","[256, 256]","[256, 256]",False,False,0.2015380859375,13208,3.265369968983381,3.8092318169920434,0.004646063316613436,0.0049835494719445705,3.1382224893399946,0.004650935996323824,0.835654616355896,0.271026611328125,3.962521882310474,0.004989995155483484,True,0,0,971,pred[971] <-> gt[971] <-> mask[971]
972,972,972,results/B_mask_20_30_reliability_inference/frames/0243.png,/root/autodl-tmp/Inpainting/BundleFusion/B_imgs_gt/office0/01944.jpg,/root/autodl-tmp/Inpainting/masks/irregular_mask/mask_rates_20_30/0007125.png,0243.png,01944.jpg,0007125.png,0243,01944,0007125,"[256, 256]","[256, 256]","[256, 256]",False,False,0.258514404296875,16942,6.01500574912747,4.447808295379141,0.24899648129940033,0.24899648129940033,6.728527304084011,0.24376249313354492,0.7856525778770447,0.2702178955078125,6.021244262828883,0.24899648129940033,False,0,0,972,pred[972] <-> gt[972] <-> mask[972]
973,973,973,results/B_mask_20_30_reliability_inference/line_debug/0243_center.png,/root/autodl-tmp/Inpainting/BundleFusion/B_imgs_gt/office0/01946.jpg,/root/autodl-tmp/Inpainting/masks/irregular_mask/mask_rates_20_30/0007129.png,0243_center.png,01946.jpg,0007129.png,0243_center,01946,0007129,"[256, 256]","[256, 256]","[256, 256]",False,False,0.2934417724609375,19231,3.382078233397774,2.3490988784825917,0.0005380954244174063,0.0008301997440867126,3.8956024891394914,0.0003288187144789845,0.8459540605545044,0.3564453125,3.4141398972495547,0.0005380954244174063,False,0,0,973,pred[973] <-> gt[973] <-> mask[973]
974,974,974,results/B_mask_20_30_reliability_inference/line_debug/0243_reliability.png,/root/autodl-tmp/Inpainting/BundleFusion/B_imgs_gt/office0/01948.jpg,/root/autodl-tmp/Inpainting/masks/irregular_mask/mask_rates_20_30/0007148.png,0243_reliability.png,01948.jpg,0007148.png,0243_reliability,01948,0007148,"[256, 256]","[256, 256]","[256, 256]",False,False,0.2964019775390625,19425,3.6507993392909626,3.9961867923414065,0.006385208573192358,0.006338333711028099,3.513139261459473,0.005314982496201992,0.8188416957855225,0.4034423828125,3.504334677244407,0.0063875592313706875,True,0,0,974,pred[974] <-> gt[974] <-> mask[974]
975,975,975,results/B_mask_20_30_reliability_inference/line_debug/0243_soft.png,/root/autodl-tmp/Inpainting/BundleFusion/B_imgs_gt/office0/01950.jpg,/root/autodl-tmp/Inpainting/masks/irregular_mask/mask_rates_20_30/0007163.png,0243_soft.png,01950.jpg,0007163.png,0243_soft,01950,0007163,"[256, 256]","[256, 256]","[256, 256]",False,False,0.2499847412109375,16383,3.735612588096482,2.8879415578797722,0.006799452006816864,0.005873836576938629,4.059378610036909,0.006511680781841278,0.8132401704788208,0.2784423828125,3.362225226797348,0.006663940381258726,False,0,0,975,pred[975] <-> gt[975] <-> mask[975]
976,976,976,results/B_mask_20_30_reliability_inference/frames/0244.png,/root/autodl-tmp/Inpainting/BundleFusion/B_imgs_gt/office0/01952.jpg,/root/autodl-tmp/Inpainting/masks/irregular_mask/mask_rates_20_30/0007168.png,0244.png,01952.jpg,0007168.png,0244,01952,0007168,"[256, 256]","[256, 256]","[256, 256]",False,False,0.248870849609375,16310,6.851075444506064,7.015704741283441,0.3049294650554657,0.32651713490486145,6.797876903670015,0.3244185149669647,0.7598896026611328,0.279266357421875,7.690307733491756,0.32287681102752686,True,0,0,976,pred[976] <-> gt[976] <-> mask[976]
977,977,977,results/B_mask_20_30_reliability_inference/line_debug/0244_center.png,/root/autodl-tmp/Inpainting/BundleFusion/B_imgs_gt/office0/01954.jpg,/root/autodl-tmp/Inpainting/masks/irregular_mask/mask_rates_20_30/0007170.png,0244_center.png,01954.jpg,0007170.png,0244_center,01954,0007170,"[256, 256]","[256, 256]","[256, 256]",False,False,0.218109130859375,14294,3.8880879965032284,5.392306587930334,0.0015291007002815604,0.0020666164346039295,3.54717840379104,0.0013003934873268008,0.8805791139602661,0.2666015625,4.892876408124546,0.0018993212142959237,True,0,0,977,pred[977] <-> gt[977] <-> mask[977]
978,978,978,results/B_mask_20_30_reliability_inference/line_debug/0244_reliability.png,/root/autodl-tmp/Inpainting/BundleFusion/B_imgs_gt/office0/01956.jpg,/root/autodl-tmp/Inpainting/masks/irregular_mask/mask_rates_20_30/0007176.png,0244_reliability.png,01956.jpg,0007176.png,0244_reliability,01956,0007176,"[256, 256]","[256, 256]","[256, 256]",False,False,0.2015533447265625,13209,4.002798271298904,5.82447635596073,0.005223182961344719,0.00563547620549798,3.6425724975965363,0.004775320645421743,0.8396160006523132,0.32379150390625,4.698939079094111,0.005148549098521471,True,0,0,978,pred[978] <-> gt[978] <-> mask[978]
979,979,979,results/B_mask_20_30_reliability_inference/line_debug/0244_soft.png,/root/autodl-tmp/Inpainting/BundleFusion/B_imgs_gt/office0/01958.jpg,/root/autodl-tmp/Inpainting/masks/irregular_mask/mask_rates_20_30/0007179.png,0244_soft.png,01958.jpg,0007179.png,0244_soft,01958,0007179,"[256, 256]","[256, 256]","[256, 256]",False,False,0.2412261962890625,15809,3.9916960730728768,4.516296841546547,0.006117875222116709,0.00638810358941555,3.8373712337075814,0.006171258632093668,0.8370972275733948,0.3235626220703125,5.370659258427606,0.006949262227863073,True,0,0,979,pred[979] <-> gt[979] <-> mask[979]
980,980,980,results/B_mask_20_30_reliability_inference/frames/0245.png,/root/autodl-tmp/Inpainting/BundleFusion/B_imgs_gt/office0/01960.jpg,/root/autodl-tmp/Inpainting/masks/irregular_mask/mask_rates_20_30/0007185.png,0245.png,01960.jpg,0007185.png,0245,01960,0007185,"[256, 256]","[256, 256]","[256, 256]",False,False,0.2714385986328125,17789,7.51856499237328,7.699220108442968,0.3506714403629303,0.35488927364349365,7.453135069076218,0.35955217480659485,0.7470293045043945,0.3593597412109375,8.611216877209758,0.35021471977233887,True,0,0,980,pred[980] <-> gt[980] <-> mask[980]
981,981,981,results/B_mask_20_30_reliability_inference/line_debug/0245_center.png,/root/autodl-tmp/Inpainting/BundleFusion/B_imgs_gt/office0/01962.jpg,/root/autodl-tmp/Inpainting/masks/irregular_mask/mask_rates_20_30/0007192.png,0245_center.png,01962.jpg,0007192.png,0245_center,01962,0007192,"[256, 256]","[256, 256]","[256, 256]",False,False,0.277557373046875,18190,3.7682521098885013,2.901438341132912,0.0008610393851995468,0.000659565906971693,4.153422191337544,0.0010078434133902192,0.8767091631889343,0.3197784423828125,3.4424452786315407,0.0008861047099344432,False,0,0,981,pred[981] <-> gt[981] <-> mask[981]
982,982,982,results/B_mask_20_30_reliability_inference/line_debug/0245_reliability.png,/root/autodl-tmp/Inpainting/BundleFusion/B_imgs_gt/office0/01964.jpg,/root/autodl-tmp/Inpainting/masks/irregular_mask/mask_rates_20_30/0007195.png,0245_reliability.png,01964.jpg,0007195.png,0245_reliability,01964,0007195,"[256, 256]","[256, 256]","[256, 256]",False,False,0.2454833984375,16088,3.7483185297564092,5.123698009072105,0.005508676171302795,0.005481760483235121,3.380770815244531,0.0053148213773965836,0.8540070056915283,0.23516845703125,4.884253253708758,0.005508676171302795,True,0,0,982,pred[982] <-> gt[982] <-> mask[982]
983,983,983,results/B_mask_20_30_reliability_inference/line_debug/0245_soft.png,/root/autodl-tmp/Inpainting/BundleFusion/B_imgs_gt/office0/01966.jpg,/root/autodl-tmp/Inpainting/masks/irregular_mask/mask_rates_20_30/0007196.png,0245_soft.png,01966.jpg,0007196.png,0245_soft,01966,0007196,"[256, 256]","[256, 256]","[256, 256]",False,False,0.20709228515625,13572,3.685014569057224,4.311409146823156,0.0058287144638597965,0.005688626319169998,3.5352739731997476,0.005610609892755747,0.8458492755889893,0.2030181884765625,4.209549909805508,0.00550132105126977,True,0,0,983,pred[983] <-> gt[983] <-> mask[983]
984,984,984,results/B_mask_20_30_reliability_inference/frames/0246.png,/root/autodl-tmp/Inpainting/BundleFusion/B_imgs_gt/office0/01968.jpg,/root/autodl-tmp/Inpainting/masks/irregular_mask/mask_rates_20_30/0007209.png,0246.png,01968.jpg,0007209.png,0246,01968,0007209,"[256, 256]","[256, 256]","[256, 256]",False,False,0.2230377197265625,14617,7.718446514763757,8.822673583940245,0.3736149072647095,0.41874420642852783,7.447201433439129,0.3917942941188812,0.7397130727767944,0.378662109375,8.63962942794144,0.3818136155605316,True,0,0,984,pred[984] <-> gt[984] <-> mask[984]
985,985,985,results/B_mask_20_30_reliability_inference/line_debug/0246_center.png,/root/autodl-tmp/Inpainting/BundleFusion/B_imgs_gt/office0/01970.jpg,/root/autodl-tmp/Inpainting/masks/irregular_mask/mask_rates_20_30/0007213.png,0246_center.png,01970.jpg,0007213.png,0246_center,01970,0007213,"[256, 256]","[256, 256]","[256, 256]",False,False,0.2673187255859375,17519,3.5163435883900984,3.257507390005496,0.00035028127604164183,0.00038635963574051857,3.61475781138119,0.0002445060817990452,0.8875463008880615,0.4619293212890625,3.9918547771971937,0.00035028127604164183,False,0,0,985,pred[985] <-> gt[985] <-> mask[985]
986,986,986,results/B_mask_20_30_reliability_inference/line_debug/0246_reliability.png,/root/autodl-tmp/Inpainting/BundleFusion/B_imgs_gt/office0/01972.jpg,/root/autodl-tmp/Inpainting/masks/irregular_mask/mask_rates_20_30/0007216.png,0246_reliability.png,01972.jpg,0007216.png,0246_reliability,01972,0007216,"[256, 256]","[256, 256]","[256, 256]",False,False,0.2936553955078125,19245,3.6057957518228494,5.91712036665974,0.0039013430941849947,0.004114057403057814,2.9181078666462485,0.003589911386370659,0.8453872799873352,0.35113525390625,4.354160995171956,0.00396006740629673,True,0,0,986,pred[986] <-> gt[986] <-> mask[986]
987,987,987,results/B_mask_20_30_reliability_inference/line_debug/0246_soft.png,/root/autodl-tmp/Inpainting/BundleFusion/B_imgs_gt/office0/01974.jpg,/root/autodl-tmp/Inpainting/masks/irregular_mask/mask_rates_20_30/0007218.png,0246_soft.png,01974.jpg,0007218.png,0246_soft,01974,0007218,"[256, 256]","[256, 256]","[256, 256]",False,False,0.2731475830078125,17901,3.6966399549547586,4.575180045010311,0.0038388550747185946,0.0043940297327935696,3.4075770956842826,0.003439027350395918,0.838071882724762,0.2519073486328125,5.197327952305956,0.004225483629852533,True,0,0,987,pred[987] <-> gt[987] <-> mask[987]
988,988,988,results/B_mask_20_30_reliability_inference/frames/0247.png,/root/autodl-tmp/Inpainting/BundleFusion/B_imgs_gt/office0/01976.jpg,/root/autodl-tmp/Inpainting/masks/irregular_mask/mask_rates_20_30/0007222.png,0247.png,01976.jpg,0007222.png,0247,01976,0007222,"[256, 256]","[256, 256]","[256, 256]",False,False,0.258270263671875,16926,7.806886813886983,10.879492451502294,0.41519424319267273,0.4961186349391937,7.100672678452735,0.374632328748703,0.7358637452125549,0.3920440673828125,9.255871006742877,0.4389684200286865,True,0,0,988,pred[988] <-> gt[988] <-> mask[988]
989,989,989,results/B_mask_20_30_reliability_inference/line_debug/0247_center.png,/root/autodl-tmp/Inpainting/BundleFusion/B_imgs_gt/office0/01978.jpg,/root/autodl-tmp/Inpainting/masks/irregular_mask/mask_rates_20_30/0007230.png,0247_center.png,01978.jpg,0007230.png,0247_center,01978,0007230,"[256, 256]","[256, 256]","[256, 256]",False,False,0.257720947265625,16890,3.953506013466717,3.7227180459596596,0.0012465114705264568,0.0012694144388660789,4.036593376567632,0.001237616641446948,0.8502310514450073,0.3664703369140625,3.449141782843888,0.0012465114705264568,False,0,0,989,pred[989] <-> gt[989] <-> mask[989]
990,990,990,results/B_mask_20_30_reliability_inference/line_debug/0247_reliability.png,/root/autodl-tmp/Inpainting/BundleFusion/B_imgs_gt/office0/01980.jpg,/root/autodl-tmp/Inpainting/masks/irregular_mask/mask_rates_20_30/0007232.png,0247_reliability.png,01980.jpg,0007232.png,0247_reliability,01980,0007232,"[256, 256]","[256, 256]","[256, 256]",False,False,0.2652740478515625,17385,4.06384969095012,5.44431123826457,0.005096741020679474,0.005177583545446396,3.6565861314911725,0.004781634546816349,0.8305854201316833,0.391815185546875,4.342537314716636,0.005096741020679474,True,0,0,990,pred[990] <-> gt[990] <-> mask[990]
991,991,991,results/B_mask_20_30_reliability_inference/line_debug/0247_soft.png,/root/autodl-tmp/Inpainting/BundleFusion/B_imgs_gt/office0/01982.jpg,/root/autodl-tmp/Inpainting/masks/irregular_mask/mask_rates_20_30/0007247.png,0247_soft.png,01982.jpg,0007247.png,0247_soft,01982,0007247,"[256, 256]","[256, 256]","[256, 256]",False,False,0.2170867919921875,14227,4.171078631565022,3.1310800771916054,0.005558357108384371,0.005414243787527084,4.5097779658588975,0.005059380549937487,0.8290252685546875,0.2860107421875,3.528451313986975,0.005864657461643219,False,0,0,991,pred[991] <-> gt[991] <-> mask[991]
992,992,992,results/B_mask_20_30_reliability_inference/frames/0248.png,/root/autodl-tmp/Inpainting/BundleFusion/B_imgs_gt/office0/01984.jpg,/root/autodl-tmp/Inpainting/masks/irregular_mask/mask_rates_20_30/0007260.png,0248.png,01984.jpg,0007260.png,0248,01984,0007260,"[256, 256]","[256, 256]","[256, 256]",False,False,0.23565673828125,15444,8.173847661999977,10.103301096624495,0.4409617483615875,0.39418402314186096,7.718291411343829,0.4531119763851166,0.716002881526947,0.295562744140625,7.129594576894402,0.42198446393013,True,0,0,992,pred[992] <-> gt[992] <-> mask[992]
993,993,993,results/B_mask_20_30_reliability_inference/line_debug/0248_center.png,/root/autodl-tmp/Inpainting/BundleFusion/B_imgs_gt/office0/01986.jpg,/root/autodl-tmp/Inpainting/masks/irregular_mask/mask_rates_20_30/0007279.png,0248_center.png,01986.jpg,0007279.png,0248_center,01986,0007279,"[256, 256]","[256, 256]","[256, 256]",False,False,0.21649169921875,14188,4.195800256824741,6.381757978381074,0.00040470215026289225,0.0008060775580815971,3.745396900050204,0.00035178681719116867,0.877753734588623,0.23760986328125,6.647064751061302,0.0006114027928560972,True,0,0,993,pred[993] <-> gt[993] <-> mask[993]
994,994,994,results/B_mask_20_30_reliability_inference/line_debug/0248_reliability.png,/root/autodl-tmp/Inpainting/BundleFusion/B_imgs_gt/office0/01988.jpg,/root/autodl-tmp/Inpainting/masks/irregular_mask/mask_rates_20_30/0007284.png,0248_reliability.png,01988.jpg,0007284.png,0248_reliability,01988,0007284,"[256, 256]","[256, 256]","[256, 256]",False,False,0.2091522216796875,13707,4.412432286463163,6.956679172942599,0.0055577694438397884,0.0064406427554786205,3.9309154518605016,0.0050435676239430904,0.8685708045959473,0.179779052734375,6.346537819971968,0.006371182855218649,True,0,0,994,pred[994] <-> gt[994] <-> mask[994]
995,995,995,results/B_mask_20_30_reliability_inference/line_debug/0248_soft.png,/root/autodl-tmp/Inpainting/BundleFusion/B_imgs_gt/office0/01990.jpg,/root/autodl-tmp/Inpainting/masks/irregular_mask/mask_rates_20_30/0007296.png,0248_soft.png,01990.jpg,0007296.png,0248_soft,01990,0007296,"[256, 256]","[256, 256]","[256, 256]",False,False,0.2411651611328125,15805,4.515718262079077,6.341632649860225,0.006163784768432379,0.006490644067525864,4.06607276869425,0.005819999147206545,0.8689091801643372,0.31585693359375,5.315228192748655,0.006397453602403402,True,0,0,995,pred[995] <-> gt[995] <-> mask[995]
996,996,996,results/B_mask_20_30_reliability_inference/frames/0249.png,/root/autodl-tmp/Inpainting/BundleFusion/B_imgs_gt/office0/01992.jpg,/root/autodl-tmp/Inpainting/masks/irregular_mask/mask_rates_20_30/0007302.png,0249.png,01992.jpg,0007302.png,0249,01992,0007302,"[256, 256]","[256, 256]","[256, 256]",False,False,0.290069580078125,19010,8.804075041657477,10.551727496741602,0.4615354537963867,0.4982631206512451,8.252726376042967,0.44384825229644775,0.7117778658866882,0.315704345703125,8.76415519764883,0.4615354537963867,True,0,0,996,pred[996] <-> gt[996] <-> mask[996]
997,997,997,results/B_mask_20_30_reliability_inference/line_debug/0249_center.png,/root/autodl-tmp/Inpainting/BundleFusion/B_imgs_gt/office0/01994.jpg,/root/autodl-tmp/Inpainting/masks/irregular_mask/mask_rates_20_30/0007307.png,0249_center.png,01994.jpg,0007307.png,0249_center,01994,0007307,"[256, 256]","[256, 256]","[256, 256]",False,False,0.2454833984375,16088,4.540349562869404,6.087919539012091,0.00025227549485862255,0.001381615293212235,4.1361875064037426,-7.011199340922758e-05,0.8997634053230286,0.27728271484375,6.41131395690337,0.0009503479232080281,True,0,0,997,pred[997] <-> gt[997] <-> mask[997]
998,998,998,results/B_mask_20_30_reliability_inference/line_debug/0249_reliability.png,/root/autodl-tmp/Inpainting/BundleFusion/B_imgs_gt/office0/01996.jpg,/root/autodl-tmp/Inpainting/masks/irregular_mask/mask_rates_20_30/0007310.png,0249_reliability.png,01996.jpg,0007310.png,0249_reliability,01996,0007310,"[256, 256]","[256, 256]","[256, 256]",False,False,0.219970703125,14416,4.713093822640868,2.6249185919664004,0.004670396912842989,0.004393542185425758,5.543864968047556,0.005784710869193077,0.8826373219490051,0.1804351806640625,3.9497259720778795,0.005079356953501701,False,0,0,998,pred[998] <-> gt[998] <-> mask[998]
999,999,999,results/B_mask_20_30_reliability_inference/line_debug/0249_soft.png,/root/autodl-tmp/Inpainting/BundleFusion/B_imgs_gt/office0/01998.jpg,/root/autodl-tmp/Inpainting/masks/irregular_mask/mask_rates_20_30/0007312.png,0249_soft.png,01998.jpg,0007312.png,0249_soft,01998,0007312,"[256, 256]","[256, 256]","[256, 256]",False,False,0.2019500732421875,13235,4.871482150823337,3.174218266221851,0.007099654525518417,0.00790442992001772,5.431616940436459,0.005749278701841831,0.8867823481559753,0.2228851318359375,3.8856272446930467,0.007853129878640175,False,0,0,999,pred[999] <-> gt[999] <-> mask[999]
1000,1000,1000,results/B_mask_20_30_reliability_inference/frames/0250.png,/root/autodl-tmp/Inpainting/BundleFusion/B_imgs_gt/office0/02000.jpg,/root/autodl-tmp/Inpainting/masks/irregular_mask/mask_rates_20_30/0007328.png,0250.png,02000.jpg,0007328.png,0250,02000,0007328,"[256, 256]","[256, 256]","[256, 256]",False,False,0.2591094970703125,16981,8.731309542492413,8.758494552378576,0.46373486518859863,0.46373486518859863,8.721842469973197,0.47310778498649597,0.726304292678833,0.28155517578125,9.026572339659468,0.46373486518859863,True,0,0,1000,pred[1000] <-> gt[1000] <-> mask[1000]
1001,1001,1001,results/B_mask_20_30_reliability_inference/line_debug/0250_center.png,/root/autodl-tmp/Inpainting/BundleFusion/B_imgs_gt/office0/02002.jpg,/root/autodl-tmp/Inpainting/masks/irregular_mask/mask_rates_20_30/0007334.png,0250_center.png,02002.jpg,0007334.png,0250_center,02002,0007334,"[256, 256]","[256, 256]","[256, 256]",False,False,0.2048187255859375,13423,4.836962527803854,5.616858558448059,0.001403797883540392,0.0016899533802643418,4.65687113991266,0.0014438829384744167,0.9129617810249329,0.3023681640625,5.256396816450746,0.0014737279852852225,True,0,0,1001,pred[1001] <-> gt[1001] <-> mask[1001]
1002,1002,1002,results/B_mask_20_30_reliability_inference/line_debug/0250_reliability.png,/root/autodl-tmp/Inpainting/BundleFusion/B_imgs_gt/office0/02004.jpg,/root/autodl-tmp/Inpainting/masks/irregular_mask/mask_rates_20_30/0007350.png,0250_reliability.png,02004.jpg,0007350.png,0250_reliability,02004,0007350,"[256, 256]","[256, 256]","[256, 256]",False,False,0.2288970947265625,15001,4.9470554985251,5.10331158309424,0.006104661617428064,0.006104661617428064,4.901733586727484,0.0062362211756408215,0.9076776504516602,0.3622283935546875,4.729323722031216,0.006104661617428064,True,0,0,1002,pred[1002] <-> gt[1002] <-> mask[1002]
1003,1003,1003,results/B_mask_20_30_reliability_inference/line_debug/0250_soft.png,/root/autodl-tmp/Inpainting/BundleFusion/B_imgs_gt/office0/02006.jpg,/root/autodl-tmp/Inpainting/masks/irregular_mask/mask_rates_20_30/0007351.png,0250_soft.png,02006.jpg,0007351.png,0250_soft,02006,0007351,"[256, 256]","[256, 256]","[256, 256]",False,False,0.25714111328125,16852,4.972798695554326,6.19408464742604,0.006147261243313551,0.006486166268587112,4.6190922626969,0.005485743284225464,0.8964799642562866,0.2647247314453125,5.073159168592218,0.00658841198310256,True,0,0,1003,pred[1003] <-> gt[1003] <-> mask[1003]
1004,1004,1004,results/B_mask_20_30_reliability_inference/frames/0251.png,/root/autodl-tmp/Inpainting/BundleFusion/B_imgs_gt/office0/02008.jpg,/root/autodl-tmp/Inpainting/masks/irregular_mask/mask_rates_20_30/0007357.png,0251.png,02008.jpg,0007357.png,0251,02008,0007357,"[256, 256]","[256, 256]","[256, 256]",False,False,0.28021240234375,18364,8.802194931416912,9.040526391712373,0.4692333936691284,0.4852471649646759,8.712838363408713,0.4909249246120453,0.7582804560661316,0.177032470703125,9.127632614056294,0.47878289222717285,True,0,0,1004,pred[1004] <-> gt[1004] <-> mask[1004]
1005,1005,1005,results/B_mask_20_30_reliability_inference/line_debug/0251_center.png,/root/autodl-tmp/Inpainting/BundleFusion/B_imgs_gt/office0/02010.jpg,/root/autodl-tmp/Inpainting/masks/irregular_mask/mask_rates_20_30/0007359.png,0251_center.png,02010.jpg,0007359.png,0251_center,02010,0007359,"[256, 256]","[256, 256]","[256, 256]",False,False,0.2204742431640625,14449,4.986651189764496,5.174408372678845,0.0008235843852162361,0.0008758464828133583,4.934987445436771,0.0008363437955267727,0.904495120048523,0.319427490234375,4.691823589873191,0.0008495706715621054,True,0,0,1005,pred[1005] <-> gt[1005] <-> mask[1005]
1006,1006,1006,results/B_mask_20_30_reliability_inference/line_debug/0251_reliability.png,/root/autodl-tmp/Inpainting/BundleFusion/B_imgs_gt/office0/02012.jpg,/root/autodl-tmp/Inpainting/masks/irregular_mask/mask_rates_20_30/0007369.png,0251_reliability.png,02012.jpg,0007369.png,0251_reliability,02012,0007369,"[256, 256]","[256, 256]","[256, 256]",False,False,0.245758056640625,16106,5.143807088655591,8.143926222664426,0.006064887624233961,0.005677444860339165,4.489747028519235,0.006462241522967815,0.8852800130844116,0.228240966796875,7.591611313616159,0.0060922265984117985,True,0,0,1006,pred[1006] <-> gt[1006] <-> mask[1006]
1007,1007,1007,results/B_mask_20_30_reliability_inference/line_debug/0251_soft.png,/root/autodl-tmp/Inpainting/BundleFusion/B_imgs_gt/office0/02014.jpg,/root/autodl-tmp/Inpainting/masks/irregular_mask/mask_rates_20_30/0007372.png,0251_soft.png,02014.jpg,0007372.png,0251_soft,02014,0007372,"[256, 256]","[256, 256]","[256, 256]",False,False,0.23040771484375,15100,5.154504223274859,4.437789944686809,0.005655994173139334,0.006241446360945702,5.39430193081626,0.005365744698792696,0.8810364007949829,0.30963134765625,3.9773878542079704,0.006083718966692686,False,0,0,1007,pred[1007] <-> gt[1007] <-> mask[1007]
1008,1008,1008,results/B_mask_20_30_reliability_inference/frames/0252.png,/root/autodl-tmp/Inpainting/BundleFusion/B_imgs_gt/office0/02016.jpg,/root/autodl-tmp/Inpainting/masks/irregular_mask/mask_rates_20_30/0007374.png,0252.png,02016.jpg,0007374.png,0252,02016,0007374,"[256, 256]","[256, 256]","[256, 256]",False,False,0.2285003662109375,14975,8.750359385881788,6.794370004143056,0.4387967586517334,0.4516278803348541,9.55173155115343,0.44583094120025635,0.7663368582725525,0.287933349609375,8.942097868674617,0.43832671642303467,False,0,0,1008,pred[1008] <-> gt[1008] <-> mask[1008]
1009,1009,1009,results/B_mask_20_30_reliability_inference/line_debug/0252_center.png,/root/autodl-tmp/Inpainting/BundleFusion/B_imgs_gt/office0/02018.jpg,/root/autodl-tmp/Inpainting/masks/irregular_mask/mask_rates_20_30/0007375.png,0252_center.png,02018.jpg,0007375.png,0252_center,02018,0007375,"[256, 256]","[256, 256]","[256, 256]",False,False,0.2347412109375,15384,4.94910168919334,4.4308962328887675,0.0011636618291959167,0.0012070852098986506,5.1213012434839555,0.001178943901322782,0.9034757018089294,0.330810546875,5.107312499747917,0.0011636618291959167,False,0,0,1009,pred[1009] <-> gt[1009] <-> mask[1009]
1010,1010,1010,results/B_mask_20_30_reliability_inference/line_debug/0252_reliability.png,/root/autodl-tmp/Inpainting/BundleFusion/B_imgs_gt/office0/02020.jpg,/root/autodl-tmp/Inpainting/masks/irregular_mask/mask_rates_20_30/0007386.png,0252_reliability.png,02020.jpg,0007386.png,0252_reliability,02020,0007386,"[256, 256]","[256, 256]","[256, 256]",False,False,0.241485595703125,15826,4.9852851990089375,8.242888960358073,0.005782498512417078,0.005491342395544052,4.310877223979963,0.005744404159486294,0.8997087478637695,0.286956787109375,7.055297401137106,0.0057705980725586414,True,0,0,1010,pred[1010] <-> gt[1010] <-> mask[1010]
1011,1011,1011,results/B_mask_20_30_reliability_inference/line_debug/0252_soft.png,/root/autodl-tmp/Inpainting/BundleFusion/B_imgs_gt/office0/02022.jpg,/root/autodl-tmp/Inpainting/masks/irregular_mask/mask_rates_20_30/0007392.png,0252_soft.png,02022.jpg,0007392.png,0252_soft,02022,0007392,"[256, 256]","[256, 256]","[256, 256]",False,False,0.2689361572265625,17625,4.939208613708183,5.027002598541435,0.005884003359824419,0.004700464196503162,4.907353131585099,0.00623575272038579,0.8911467790603638,0.4417877197265625,4.8192126277964515,0.005622629076242447,True,0,0,1011,pred[1011] <-> gt[1011] <-> mask[1011]
1012,1012,1012,results/B_mask_20_30_reliability_inference/frames/0253.png,/root/autodl-tmp/Inpainting/BundleFusion/B_imgs_gt/office0/02024.jpg,/root/autodl-tmp/Inpainting/masks/irregular_mask/mask_rates_20_30/0007394.png,0253.png,02024.jpg,0007394.png,0253,02024,0007394,"[256, 256]","[256, 256]","[256, 256]",False,False,0.2682647705078125,17581,8.395537317322635,7.693393936581874,0.4226645529270172,0.3673233985900879,8.684322495670349,0.4578065276145935,0.7875111103057861,0.2378082275390625,9.154160509385594,0.4132317006587982,False,0,0,1012,pred[1012] <-> gt[1012] <-> mask[1012]
1013,1013,1013,results/B_mask_20_30_reliability_inference/line_debug/0253_center.png,/root/autodl-tmp/Inpainting/BundleFusion/B_imgs_gt/office0/02026.jpg,/root/autodl-tmp/Inpainting/masks/irregular_mask/mask_rates_20_30/0007399.png,0253_center.png,02026.jpg,0007399.png,0253_center,02026,0007399,"[256, 256]","[256, 256]","[256, 256]",False,False,0.2873382568359375,18831,4.683158242265243,5.17747029851934,0.001421824679709971,0.001453894772566855,4.498751068885525,0.0015866415342316031,0.9135351181030273,0.3623046875,4.919802055598299,0.0014397393679246306,True,0,0,1013,pred[1013] <-> gt[1013] <-> mask[1013]
1014,1014,1014,results/B_mask_20_30_reliability_inference/line_debug/0253_reliability.png,/root/autodl-tmp/Inpainting/BundleFusion/B_imgs_gt/office0/02028.jpg,/root/autodl-tmp/Inpainting/masks/irregular_mask/mask_rates_20_30/0007405.png,0253_reliability.png,02028.jpg,0007405.png,0253_reliability,02028,0007405,"[256, 256]","[256, 256]","[256, 256]",False,False,0.2681884765625,17576,4.563665905004909,7.860165162485584,0.0060229175724089146,0.005579309072345495,3.7902700086562726,0.006292309146374464,0.896097719669342,0.35015869140625,6.4654484980943145,0.006115964148193598,True,0,0,1014,pred[1014] <-> gt[1014] <-> mask[1014]
1015,1015,1015,results/B_mask_20_30_reliability_inference/line_debug/0253_soft.png,/root/autodl-tmp/Inpainting/BundleFusion/B_imgs_gt/office0/02030.jpg,/root/autodl-tmp/Inpainting/masks/irregular_mask/mask_rates_20_30/0007406.png,0253_soft.png,02030.jpg,0007406.png,0253_soft,02030,0007406,"[256, 256]","[256, 256]","[256, 256]",False,False,0.2754974365234375,18055,4.518232345916376,2.698078829354481,0.006017155945301056,0.005689399782568216,5.47628517632674,0.006722113583236933,0.8994791507720947,0.294769287109375,3.7869485172888813,0.006017155945301056,False,0,0,1015,pred[1015] <-> gt[1015] <-> mask[1015]
1016,1016,1016,results/B_mask_20_30_reliability_inference/frames/0254.png,/root/autodl-tmp/Inpainting/BundleFusion/B_imgs_gt/office0/02032.jpg,/root/autodl-tmp/Inpainting/masks/irregular_mask/mask_rates_20_30/0007409.png,0254.png,02032.jpg,0007409.png,0254,02032,0007409,"[256, 256]","[256, 256]","[256, 256]",False,False,0.22540283203125,14772,8.379134170918613,7.111892104874534,0.43080028891563416,0.355273574590683,8.8299407626867,0.46267369389533997,0.777878999710083,0.25677490234375,7.681576014978932,0.4050622880458832,False,0,0,1016,pred[1016] <-> gt[1016] <-> mask[1016]
1017,1017,1017,results/B_mask_20_30_reliability_inference/line_debug/0254_center.png,/root/autodl-tmp/Inpainting/BundleFusion/B_imgs_gt/office0/02034.jpg,/root/autodl-tmp/Inpainting/masks/irregular_mask/mask_rates_20_30/0007412.png,0254_center.png,02034.jpg,0007412.png,0254_center,02034,0007412,"[256, 256]","[256, 256]","[256, 256]",False,False,0.216705322265625,14202,4.317254407373385,5.5881738340618465,0.0011169902281835675,0.001286935992538929,4.022641917384783,0.0009558179881423712,0.9278637766838074,0.371917724609375,5.972215690028384,0.001239063567481935,True,0,0,1017,pred[1017] <-> gt[1017] <-> mask[1017]
1018,1018,1018,results/B_mask_20_30_reliability_inference/line_debug/0254_reliability.png,/root/autodl-tmp/Inpainting/BundleFusion/B_imgs_gt/office0/02036.jpg,/root/autodl-tmp/Inpainting/masks/irregular_mask/mask_rates_20_30/0007418.png,0254_reliability.png,02036.jpg,0007418.png,0254_reliability,02036,0007418,"[256, 256]","[256, 256]","[256, 256]",False,False,0.22882080078125,14996,4.298265993276081,3.8828503659509246,0.005777273792773485,0.0058397226966917515,4.429578812942406,0.005870365537703037,0.9061232805252075,0.3400726318359375,4.84171683885125,0.005430197808891535,False,0,0,1018,pred[1018] <-> gt[1018] <-> mask[1018]
1019,1019,1019,results/B_mask_20_30_reliability_inference/line_debug/0254_soft.png,/root/autodl-tmp/Inpainting/BundleFusion/B_imgs_gt/office0/02038.jpg,/root/autodl-tmp/Inpainting/masks/irregular_mask/mask_rates_20_30/0007419.png,0254_soft.png,02038.jpg,0007419.png,0254_soft,02038,0007419,"[256, 256]","[256, 256]","[256, 256]",False,False,0.2448577880859375,16047,4.199739952099067,5.842626091924455,0.0057922471314668655,0.005862399935722351,3.777414359297382,0.00560818612575531,0.9027569890022278,0.290985107421875,5.094899506371256,0.005560383666306734,True,0,0,1019,pred[1019] <-> gt[1019] <-> mask[1019]
1020,1020,1020,results/B_mask_20_30_reliability_inference/frames/0255.png,/root/autodl-tmp/Inpainting/BundleFusion/B_imgs_gt/office0/02040.jpg,/root/autodl-tmp/Inpainting/masks/irregular_mask/mask_rates_20_30/0007422.png,0255.png,02040.jpg,0007422.png,0255,02040,0007422,"[256, 256]","[256, 256]","[256, 256]",False,False,0.2064361572265625,13529,8.397928919390482,8.372437532473514,0.4163114130496979,0.3742755949497223,8.404584407982622,0.42768746614456177,0.7791318297386169,0.311309814453125,8.236372216301604,0.40372195839881897,False,0,0,1020,pred[1020] <-> gt[1020] <-> mask[1020]
1021,1021,1021,results/B_mask_20_30_reliability_inference/line_debug/0255_center.png,/root/autodl-tmp/Inpainting/BundleFusion/B_imgs_gt/office0/02042.jpg,/root/autodl-tmp/Inpainting/masks/irregular_mask/mask_rates_20_30/0007433.png,0255_center.png,02042.jpg,0007433.png,0255_center,02042,0007433,"[256, 256]","[256, 256]","[256, 256]",False,False,0.2143402099609375,14047,4.040021549028064,4.363054118161064,0.001388711272738874,0.0012500894954428077,3.9559106641662978,0.001155525678768754,0.899718165397644,0.337188720703125,4.59315052129401,0.0013417013688012958,True,0,0,1021,pred[1021] <-> gt[1021] <-> mask[1021]
1022,1022,1022,results/B_mask_20_30_reliability_inference/line_debug/0255_reliability.png,/root/autodl-tmp/Inpainting/BundleFusion/B_imgs_gt/office0/02044.jpg,/root/autodl-tmp/Inpainting/masks/irregular_mask/mask_rates_20_30/0007452.png,0255_reliability.png,02044.jpg,0007452.png,0255_reliability,02044,0007452,"[256, 256]","[256, 256]","[256, 256]",False,False,0.2724456787109375,17855,4.0999942707068415,6.672900859460676,0.0058349487371742725,0.00598730007186532,3.4278176665734357,0.00577401602640748,0.8862477540969849,0.3038482666015625,5.488821406101816,0.005932421889156103,True,0,0,1022,pred[1022] <-> gt[1022] <-> mask[1022]
1023,1023,1023,results/B_mask_20_30_reliability_inference/line_debug/0255_soft.png,/root/autodl-tmp/Inpainting/BundleFusion/B_imgs_gt/office0/02046.jpg,/root/autodl-tmp/Inpainting/masks/irregular_mask/mask_rates_20_30/0007454.png,0255_soft.png,02046.jpg,0007454.png,0255_soft,02046,0007454,"[256, 256]","[256, 256]","[256, 256]",False,False,0.27435302734375,17980,4.084561844988775,4.112689483314847,0.006008991505950689,0.006574748083949089,4.073974885519677,0.0055564045906066895,0.8816848993301392,0.267181396484375,4.707803563840353,0.006386045832186937,True,0,0,1023,pred[1023] <-> gt[1023] <-> mask[1023]
1024,1024,1024,results/B_mask_20_30_reliability_inference/frames/0256.png,/root/autodl-tmp/Inpainting/BundleFusion/B_imgs_gt/office0/02048.jpg,/root/autodl-tmp/Inpainting/masks/irregular_mask/mask_rates_20_30/0007466.png,0256.png,02048.jpg,0007466.png,0256,02048,0007466,"[256, 256]","[256, 256]","[256, 256]",False,False,0.21044921875,13792,8.384470317861787,6.921257323818465,0.4101254940032959,0.360679030418396,8.874902224491061,0.4383861720561981,0.7765423655509949,0.33538818359375,8.670305518386385,0.38822099566459656,False,0,0,1024,pred[1024] <-> gt[1024] <-> mask[1024]
1025,1025,1025,results/B_mask_20_30_reliability_inference/line_debug/0256_center.png,/root/autodl-tmp/Inpainting/BundleFusion/B_imgs_gt/office0/02050.jpg,/root/autodl-tmp/Inpainting/masks/irregular_mask/mask_rates_20_30/0007470.png,0256_center.png,02050.jpg,0007470.png,0256_center,02050,0007470,"[256, 256]","[256, 256]","[256, 256]",False,False,0.2050933837890625,13441,3.9035135058518273,5.720674522179863,0.0007644964498467743,0.0008226903155446053,3.536360504697761,0.0006860795547254384,0.9095970392227173,0.3944549560546875,4.581547749910181,0.0007644964498467743,True,0,0,1025,pred[1025] <-> gt[1025] <-> mask[1025]
1026,1026,1026,results/B_mask_20_30_reliability_inference/line_debug/0256_reliability.png,/root/autodl-tmp/Inpainting/BundleFusion/B_imgs_gt/office0/02052.jpg,/root/autodl-tmp/Inpainting/masks/irregular_mask/mask_rates_20_30/0007472.png,0256_reliability.png,02052.jpg,0007472.png,0256_reliability,02052,0007472,"[256, 256]","[256, 256]","[256, 256]",False,False,0.2006988525390625,13153,3.9077016043080883,1.3185916301077547,0.005073935259133577,0.0035716674756258726,4.902265000032672,0.00555863743647933,0.8953848481178284,0.16168212890625,2.2609330667903667,0.004908333998173475,False,0,0,1026,pred[1026] <-> gt[1026] <-> mask[1026]
1027,1027,1027,results/B_mask_20_30_reliability_inference/line_debug/0256_soft.png,/root/autodl-tmp/Inpainting/BundleFusion/B_imgs_gt/office0/02054.jpg,/root/autodl-tmp/Inpainting/masks/irregular_mask/mask_rates_20_30/0007475.png,0256_soft.png,02054.jpg,0007475.png,0256_soft,02054,0007475,"[256, 256]","[256, 256]","[256, 256]",False,False,0.2089080810546875,13691,3.8753785731779473,3.7845517225193204,0.005146638955920935,0.005767533555626869,3.899684468764142,0.005108637269586325,0.8954476714134216,0.2891387939453125,4.030037767846377,0.005854876711964607,False,0,0,1027,pred[1027] <-> gt[1027] <-> mask[1027]
1028,1028,1028,results/B_mask_20_30_reliability_inference/frames/0257.png,/root/autodl-tmp/Inpainting/BundleFusion/B_imgs_gt/office0/02056.jpg,/root/autodl-tmp/Inpainting/masks/irregular_mask/mask_rates_20_30/0007484.png,0257.png,02056.jpg,0007484.png,0257,02056,0007484,"[256, 256]","[256, 256]","[256, 256]",False,False,0.2554779052734375,16743,8.035186034135421,7.680436277143209,0.3594692647457123,0.3466830551624298,8.163914690976238,0.37371551990509033,0.7547444701194763,0.355224609375,8.779761345088918,0.3594692647457123,False,0,0,1028,pred[1028] <-> gt[1028] <-> mask[1028]
1029,1029,1029,results/B_mask_20_30_reliability_inference/line_debug/0257_center.png,/root/autodl-tmp/Inpainting/BundleFusion/B_imgs_gt/office0/02058.jpg,/root/autodl-tmp/Inpainting/masks/irregular_mask/mask_rates_20_30/0007490.png,0257_center.png,02058.jpg,0007490.png,0257_center,02058,0007490,"[256, 256]","[256, 256]","[256, 256]",False,False,0.291107177734375,19078,3.1098462841947323,3.8650297472321715,0.0007803722401149571,0.00036448161699809134,2.8341353448277893,0.0011145443422719836,0.8920075297355652,0.254486083984375,3.6250217338436492,0.001149344490841031,True,0,0,1029,pred[1029] <-> gt[1029] <-> mask[1029]
1030,1030,1030,results/B_mask_20_30_reliability_inference/line_debug/0257_reliability.png,/root/autodl-tmp/Inpainting/BundleFusion/B_imgs_gt/office0/02060.jpg,/root/autodl-tmp/Inpainting/masks/irregular_mask/mask_rates_20_30/0007494.png,0257_reliability.png,02060.jpg,0007494.png,0257_reliability,02060,0007494,"[256, 256]","[256, 256]","[256, 256]",False,False,0.2376708984375,15576,3.1066825433433083,3.239427028753587,0.0030160166788846254,0.003145570633932948,3.0661128305133807,0.002348135458305478,0.8825339674949646,0.35333251953125,3.196602694087849,0.0030160166788846254,True,0,0,1030,pred[1030] <-> gt[1030] <-> mask[1030]
1031,1031,1031,results/B_mask_20_30_reliability_inference/line_debug/0257_soft.png,/root/autodl-tmp/Inpainting/BundleFusion/B_imgs_gt/office0/02062.jpg,/root/autodl-tmp/Inpainting/masks/irregular_mask/mask_rates_20_30/0007495.png,0257_soft.png,02062.jpg,0007495.png,0257_soft,02062,0007495,"[256, 256]","[256, 256]","[256, 256]",False,False,0.2440032958984375,15991,3.063747909905865,3.87040915476907,0.0036483195144683123,0.004033134318888187,2.8324135962103574,0.0029316721484065056,0.8876018524169922,0.3114776611328125,2.8054988027395433,0.003889812156558037,True,0,0,1031,pred[1031] <-> gt[1031] <-> mask[1031]
1032,1032,1032,results/B_mask_20_30_reliability_inference/frames/0258.png,/root/autodl-tmp/Inpainting/BundleFusion/B_imgs_gt/office0/02064.jpg,/root/autodl-tmp/Inpainting/masks/irregular_mask/mask_rates_20_30/0007500.png,0258.png,02064.jpg,0007500.png,0258,02064,0007500,"[256, 256]","[256, 256]","[256, 256]",False,False,0.2254486083984375,14775,8.255300942682307,5.56405047193584,0.3082068860530853,0.2006128430366516,9.50374364596722,0.3586573302745819,0.7567745447158813,0.1751251220703125,8.111815450386322,0.24590593576431274,False,0,0,1032,pred[1032] <-> gt[1032] <-> mask[1032]
1033,1033,1033,results/B_mask_20_30_reliability_inference/line_debug/0258_center.png,/root/autodl-tmp/Inpainting/BundleFusion/B_imgs_gt/office0/02066.jpg,/root/autodl-tmp/Inpainting/masks/irregular_mask/mask_rates_20_30/0007515.png,0258_center.png,02066.jpg,0007515.png,0258_center,02066,0007515,"[256, 256]","[256, 256]","[256, 256]",False,False,0.260284423828125,17058,3.1205138577075804,2.552660543679081,0.0018271174049004912,0.00287568848580122,3.339400477681096,0.0013203517301008105,0.8586184978485107,0.231536865234375,2.1972927857669045,0.0021685075480490923,False,0,0,1033,pred[1033] <-> gt[1033] <-> mask[1033]
1034,1034,1034,results/B_mask_20_30_reliability_inference/line_debug/0258_reliability.png,/root/autodl-tmp/Inpainting/BundleFusion/B_imgs_gt/office0/02068.jpg,/root/autodl-tmp/Inpainting/masks/irregular_mask/mask_rates_20_30/0007519.png,0258_reliability.png,02068.jpg,0007519.png,0258_reliability,02068,0007519,"[256, 256]","[256, 256]","[256, 256]",False,False,0.203216552734375,13318,3.3138079181110367,4.164433110021605,0.005272483918815851,0.004829194862395525,3.121121955775112,0.0055837081745266914,0.8366162776947021,0.213836669921875,3.978035722234747,0.00368477706797421,True,0,0,1034,pred[1034] <-> gt[1034] <-> mask[1034]
1035,1035,1035,results/B_mask_20_30_reliability_inference/line_debug/0258_soft.png,/root/autodl-tmp/Inpainting/BundleFusion/B_imgs_gt/office0/02070.jpg,/root/autodl-tmp/Inpainting/masks/irregular_mask/mask_rates_20_30/0007535.png,0258_soft.png,02070.jpg,0007535.png,0258_soft,02070,0007535,"[256, 256]","[256, 256]","[256, 256]",False,False,0.29547119140625,19364,3.4449415530960343,3.205231095372956,0.00692634517326951,0.006262205075472593,3.549549670250305,0.007854575291275978,0.838598906993866,0.2774505615234375,3.5140042782208445,0.007474405225366354,False,0,0,1035,pred[1035] <-> gt[1035] <-> mask[1035]
1036,1036,1036,results/B_mask_20_30_reliability_inference/frames/0259.png,/root/autodl-tmp/Inpainting/BundleFusion/B_imgs_gt/office0/02072.jpg,/root/autodl-tmp/Inpainting/masks/irregular_mask/mask_rates_20_30/0007562.png,0259.png,02072.jpg,0007562.png,0259,02072,0007562,"[256, 256]","[256, 256]","[256, 256]",False,False,0.2316741943359375,15183,8.768363861055098,8.721139541641318,0.28370165824890137,0.28370165824890137,8.782704875166736,0.27118980884552,0.7319456338882446,0.3779449462890625,9.663031083400536,0.28370165824890137,False,0,0,1036,pred[1036] <-> gt[1036] <-> mask[1036]
1037,1037,1037,results/B_mask_20_30_reliability_inference/line_debug/0259_center.png,/root/autodl-tmp/Inpainting/BundleFusion/B_imgs_gt/office0/02074.jpg,/root/autodl-tmp/Inpainting/masks/irregular_mask/mask_rates_20_30/0007564.png,0259_center.png,02074.jpg,0007564.png,0259_center,02074,0007564,"[256, 256]","[256, 256]","[256, 256]",False,False,0.2265167236328125,14845,3.799751450526015,3.4882258127926735,0.0020164093002676964,0.0025122498627752066,3.895379368966705,0.0018291543237864971,0.8473538756370544,0.2795867919921875,3.32261473495148,0.002506590448319912,False,0,0,1037,pred[1037] <-> gt[1037] <-> mask[1037]
1038,1038,1038,results/B_mask_20_30_reliability_inference/line_debug/0259_reliability.png,/root/autodl-tmp/Inpainting/BundleFusion/B_imgs_gt/office0/02076.jpg,/root/autodl-tmp/Inpainting/masks/irregular_mask/mask_rates_20_30/0007579.png,0259_reliability.png,02076.jpg,0007579.png,0259_reliability,02076,0007579,"[256, 256]","[256, 256]","[256, 256]",False,False,0.2296295166015625,15049,4.199277529286167,3.566678888486571,0.006948059890419245,0.004166307393461466,4.407162904487944,0.0076235258020460606,0.8389639854431152,0.3840179443359375,3.8853419408183165,0.004605473484843969,False,0,0,1038,pred[1038] <-> gt[1038] <-> mask[1038]
1039,1039,1039,results/B_mask_20_30_reliability_inference/line_debug/0259_soft.png,/root/autodl-tmp/Inpainting/BundleFusion/B_imgs_gt/office0/02078.jpg,/root/autodl-tmp/Inpainting/masks/irregular_mask/mask_rates_20_30/0007580.png,0259_soft.png,02078.jpg,0007580.png,0259_soft,02078,0007580,"[256, 256]","[256, 256]","[256, 256]",False,False,0.262359619140625,17194,4.716400905955779,5.598643507773552,0.007087476085871458,0.007371618878096342,4.4413276405268745,0.0045585352927446365,0.8119754791259766,0.381683349609375,4.589275886072176,0.007087476085871458,True,0,0,1039,pred[1039] <-> gt[1039] <-> mask[1039]
1040,1040,1040,results/B_mask_20_30_reliability_inference/frames/0260.png,/root/autodl-tmp/Inpainting/BundleFusion/B_imgs_gt/office0/02080.jpg,/root/autodl-tmp/Inpainting/masks/irregular_mask/mask_rates_20_30/0007581.png,0260.png,02080.jpg,0007581.png,0260,02080,0007581,"[256, 256]","[256, 256]","[256, 256]",False,False,0.2221832275390625,14561,8.425021166954261,10.238178489455725,0.2725726068019867,0.1951020359992981,8.021000619132872,0.3029065728187561,0.749419629573822,0.21954345703125,9.064754687036823,0.24320833384990692,True,0,0,1040,pred[1040] <-> gt[1040] <-> mask[1040]
1041,1041,1041,results/B_mask_20_30_reliability_inference/line_debug/0260_center.png,/root/autodl-tmp/Inpainting/BundleFusion/B_imgs_gt/office0/02082.jpg,/root/autodl-tmp/Inpainting/masks/irregular_mask/mask_rates_20_30/0007583.png,0260_center.png,02082.jpg,0007583.png,0260_center,02082,0007583,"[256, 256]","[256, 256]","[256, 256]",False,False,0.215667724609375,14134,5.255868602101657,5.266385850227704,0.002726188628003001,0.0027106476482003927,5.252981129676032,0.0027530398219823837,0.8313387632369995,0.1799163818359375,4.028415954902929,0.0014797546900808811,True,0,0,1041,pred[1041] <-> gt[1041] <-> mask[1041]
1042,1042,1042,results/B_mask_20_30_reliability_inference/line_debug/0260_reliability.png,/root/autodl-tmp/Inpainting/BundleFusion/B_imgs_gt/office0/02084.jpg,/root/autodl-tmp/Inpainting/masks/irregular_mask/mask_rates_20_30/0007587.png,0260_reliability.png,02084.jpg,0007587.png,0260_reliability,02084,0007587,"[256, 256]","[256, 256]","[256, 256]",False,False,0.25677490234375,16828,5.760506368541989,7.38701909279583,0.012279607355594635,0.011364354752004147,5.315409960309314,0.010468665510416031,0.8038105368614197,0.342041015625,6.292389683791142,0.011898920871317387,True,0,0,1042,pred[1042] <-> gt[1042] <-> mask[1042]
1043,1043,1043,results/B_mask_20_30_reliability_inference/line_debug/0260_soft.png,/root/autodl-tmp/Inpainting/BundleFusion/B_imgs_gt/office0/02086.jpg,/root/autodl-tmp/Inpainting/masks/irregular_mask/mask_rates_20_30/0007588.png,0260_soft.png,02086.jpg,0007588.png,0260_soft,02086,0007588,"[256, 256]","[256, 256]","[256, 256]",False,False,0.2167510986328125,14205,6.170881270337439,7.229568115674435,0.013234354555606842,0.012173418886959553,5.91836920392619,0.010963233187794685,0.7896449565887451,0.245391845703125,6.618441890620129,0.012720865197479725,True,0,0,1043,pred[1043] <-> gt[1043] <-> mask[1043]
1044,1044,1044,results/B_mask_20_30_reliability_inference/frames/0261.png,/root/autodl-tmp/Inpainting/BundleFusion/B_imgs_gt/office0/02088.jpg,/root/autodl-tmp/Inpainting/masks/irregular_mask/mask_rates_20_30/0007591.png,0261.png,02088.jpg,0007591.png,0261,02088,0007591,"[256, 256]","[256, 256]","[256, 256]",False,False,0.2538299560546875,16635,7.771273782504563,8.97219047083069,0.2859164774417877,0.2854156196117401,7.428275111154838,0.2541654407978058,0.7661638855934143,0.33233642578125,7.660583690649241,0.2859164774417877,True,0,0,1044,pred[1044] <-> gt[1044] <-> mask[1044]
1045,1045,1045,results/B_mask_20_30_reliability_inference/line_debug/0261_center.png,/root/autodl-tmp/Inpainting/BundleFusion/B_imgs_gt/office0/02090.jpg,/root/autodl-tmp/Inpainting/masks/irregular_mask/mask_rates_20_30/0007612.png,0261_center.png,02090.jpg,0007612.png,0261_center,02090,0007612,"[256, 256]","[256, 256]","[256, 256]",False,False,0.2439727783203125,15989,7.681759881366737,8.751919683692408,0.013193648308515549,0.010926321148872375,7.385979607563083,0.0143121974542737,0.8177223801612854,0.2101287841796875,7.313181395669385,0.012695982120931149,True,0,0,1045,pred[1045] <-> gt[1045] <-> mask[1045]
1046,1046,1046,results/B_mask_20_30_reliability_inference/line_debug/0261_reliability.png,/root/autodl-tmp/Inpainting/BundleFusion/B_imgs_gt/office0/02092.jpg,/root/autodl-tmp/Inpainting/masks/irregular_mask/mask_rates_20_30/0007617.png,0261_reliability.png,02092.jpg,0007617.png,0261_reliability,02092,0007617,"[256, 256]","[256, 256]","[256, 256]",False,False,0.2163848876953125,14181,8.17775513774812,8.598564241756225,0.03328635171055794,0.038183119148015976,8.068395520547009,0.03268260508775711,0.7973570227622986,0.3521270751953125,8.902040209897054,0.03328635171055794,True,0,0,1046,pred[1046] <-> gt[1046] <-> mask[1046]
1047,1047,1047,results/B_mask_20_30_reliability_inference/line_debug/0261_soft.png,/root/autodl-tmp/Inpainting/BundleFusion/B_imgs_gt/office0/02094.jpg,/root/autodl-tmp/Inpainting/masks/irregular_mask/mask_rates_20_30/0007618.png,0261_soft.png,02094.jpg,0007618.png,0261_soft,02094,0007618,"[256, 256]","[256, 256]","[256, 256]",False,False,0.2872161865234375,18823,8.544266871984085,6.529248541682369,0.03701584413647652,0.04122404009103775,9.724117731208509,0.03584335744380951,0.7851274609565735,0.3455657958984375,9.399326229895783,0.038801804184913635,False,0,0,1047,pred[1047] <-> gt[1047] <-> mask[1047]
1048,1048,1048,results/B_mask_20_30_reliability_inference/frames/0262.png,/root/autodl-tmp/Inpainting/BundleFusion/B_imgs_gt/office0/02096.jpg,/root/autodl-tmp/Inpainting/masks/irregular_mask/mask_rates_20_30/0007629.png,0262.png,02096.jpg,0007629.png,0262,02096,0007629,"[256, 256]","[256, 256]","[256, 256]",False,False,0.24993896484375,16380,5.9663873352945345,8.164341285428625,0.18594521284103394,0.18826399743556976,5.42660964681949,0.1687445342540741,0.826521635055542,0.3589935302734375,5.745256733456675,0.18594521284103394,True,0,0,1048,pred[1048] <-> gt[1048] <-> mask[1048]
1049,1049,1049,results/B_mask_20_30_reliability_inference/line_debug/0262_center.png,/root/autodl-tmp/Inpainting/BundleFusion/B_imgs_gt/office0/02098.jpg,/root/autodl-tmp/Inpainting/masks/irregular_mask/mask_rates_20_30/0007634.png,0262_center.png,02098.jpg,0007634.png,0262_center,02098,0007634,"[256, 256]","[256, 256]","[256, 256]",False,False,0.2227935791015625,14601,9.161660653847449,13.23178142977307,0.026059487834572792,0.031540557742118835,8.463626552130425,0.018195994198322296,0.7552635669708252,0.2844696044921875,8.621044105954475,0.028076237067580223,True,0,0,1049,pred[1049] <-> gt[1049] <-> mask[1049]
1050,1050,1050,results/B_mask_20_30_reliability_inference/line_debug/0262_reliability.png,/root/autodl-tmp/Inpainting/BundleFusion/B_imgs_gt/office0/02100.jpg,/root/autodl-tmp/Inpainting/masks/irregular_mask/mask_rates_20_30/0007647.png,0262_reliability.png,02100.jpg,0007647.png,0262_reliability,02100,0007647,"[256, 256]","[256, 256]","[256, 256]",False,False,0.21258544921875,13932,9.762287265730404,10.626746231625654,0.05219504237174988,0.05210806056857109,9.55565626226891,0.04859756678342819,0.7141176462173462,0.2874298095703125,10.403641795793932,0.0532844252884388,True,0,0,1050,pred[1050] <-> gt[1050] <-> mask[1050]
1051,1051,1051,results/B_mask_20_30_reliability_inference/line_debug/0262_soft.png,/root/autodl-tmp/Inpainting/BundleFusion/B_imgs_gt/office0/02102.jpg,/root/autodl-tmp/Inpainting/masks/irregular_mask/mask_rates_20_30/0007688.png,0262_soft.png,02102.jpg,0007688.png,0262_soft,02102,0007688,"[256, 256]","[256, 256]","[256, 256]",False,False,0.2299957275390625,15073,10.062323590285828,8.240031745942542,0.05754020810127258,0.03742033615708351,10.797480784406295,0.07042153179645538,0.6994032263755798,0.27825927734375,9.62308944701576,0.055503834038972855,False,0,0,1051,pred[1051] <-> gt[1051] <-> mask[1051]
1052,1052,1052,results/B_mask_20_30_reliability_inference/frames/0263.png,/root/autodl-tmp/Inpainting/BundleFusion/B_imgs_gt/office0/02104.jpg,/root/autodl-tmp/Inpainting/masks/irregular_mask/mask_rates_20_30/0007696.png,0263.png,02104.jpg,0007696.png,0263,02104,0007696,"[256, 256]","[256, 256]","[256, 256]",False,False,0.28350830078125,18580,5.055392733288761,4.379730509373234,0.15869228541851044,0.15834760665893555,5.354747646552185,0.1691124588251114,0.8201369643211365,0.385009765625,4.787588300215841,0.15869228541851044,False,0,0,1052,pred[1052] <-> gt[1052] <-> mask[1052]
1053,1053,1053,results/B_mask_20_30_reliability_inference/line_debug/0263_center.png,/root/autodl-tmp/Inpainting/BundleFusion/B_imgs_gt/office0/02106.jpg,/root/autodl-tmp/Inpainting/masks/irregular_mask/mask_rates_20_30/0007700.png,0263_center.png,02106.jpg,0007700.png,0263_center,02106,0007700,"[256, 256]","[256, 256]","[256, 256]",False,False,0.2686767578125,17608,9.998071530996196,12.733728436545524,0.03607672452926636,0.029557669535279274,9.309904731824865,0.03297264873981476,0.7851519584655762,0.2997589111328125,11.08309297651854,0.034169089049100876,True,0,0,1053,pred[1053] <-> gt[1053] <-> mask[1053]
1054,1054,1054,results/B_mask_20_30_reliability_inference/line_debug/0263_reliability.png,/root/autodl-tmp/Inpainting/BundleFusion/B_imgs_gt/office0/02108.jpg,/root/autodl-tmp/Inpainting/masks/irregular_mask/mask_rates_20_30/0007706.png,0263_reliability.png,02108.jpg,0007706.png,0263_reliability,02108,0007706,"[256, 256]","[256, 256]","[256, 256]",False,False,0.27178955078125,17812,10.622259935395235,9.188922194565462,0.06454438716173172,0.05953181907534599,11.307379734051477,0.0737094134092331,0.7718818187713623,0.3731842041015625,9.775570561684152,0.06454438716173172,False,0,0,1054,pred[1054] <-> gt[1054] <-> mask[1054]
1055,1055,1055,results/B_mask_20_30_reliability_inference/line_debug/0263_soft.png,/root/autodl-tmp/Inpainting/BundleFusion/B_imgs_gt/office0/02110.jpg,/root/autodl-tmp/Inpainting/masks/irregular_mask/mask_rates_20_30/0007713.png,0263_soft.png,02110.jpg,0007713.png,0263_soft,02110,0007713,"[256, 256]","[256, 256]","[256, 256]",False,False,0.234222412109375,15350,9.825940408474684,7.502728831419262,0.07277370244264603,0.07335896044969559,10.884719206936433,0.07415904849767685,0.7627652287483215,0.3375701904296875,8.520771561883842,0.07277370244264603,False,0,0,1055,pred[1055] <-> gt[1055] <-> mask[1055]
1056,1056,1056,results/B_mask_20_30_reliability_inference/frames/0264.png,/root/autodl-tmp/Inpainting/BundleFusion/B_imgs_gt/office0/02112.jpg,/root/autodl-tmp/Inpainting/masks/irregular_mask/mask_rates_20_30/0007718.png,0264.png,02112.jpg,0007718.png,0264,02112,0007718,"[256, 256]","[256, 256]","[256, 256]",False,False,0.24749755859375,16220,4.650414037122928,4.073853851643525,0.14292027056217194,0.13317780196666718,4.858095043949447,0.1512816995382309,0.8509401082992554,0.34014892578125,5.524484473075109,0.13723978400230408,False,0,0,1056,pred[1056] <-> gt[1056] <-> mask[1056]
1057,1057,1057,results/B_mask_20_30_reliability_inference/line_debug/0264_center.png,/root/autodl-tmp/Inpainting/BundleFusion/B_imgs_gt/office0/02114.jpg,/root/autodl-tmp/Inpainting/masks/irregular_mask/mask_rates_20_30/0007736.png,0264_center.png,02114.jpg,0007736.png,0264_center,02114,0007736,"[256, 256]","[256, 256]","[256, 256]",False,False,0.2155609130859375,14127,9.621976651300175,7.890332848669866,0.04460875689983368,0.05453277751803398,10.24995598830422,0.03895958513021469,0.8064217567443848,0.2473602294921875,12.787946370049049,0.05158468708395958,False,0,0,1057,pred[1057] <-> gt[1057] <-> mask[1057]
1058,1058,1058,results/B_mask_20_30_reliability_inference/line_debug/0264_reliability.png,/root/autodl-tmp/Inpainting/BundleFusion/B_imgs_gt/office0/02116.jpg,/root/autodl-tmp/Inpainting/masks/irregular_mask/mask_rates_20_30/0007737.png,0264_reliability.png,02116.jpg,0007737.png,0264_reliability,02116,0007737,"[256, 256]","[256, 256]","[256, 256]",False,False,0.2118682861328125,13885,10.480188408300693,10.756376769170828,0.07715754956007004,0.08080863952636719,10.408843073673395,0.06814777851104736,0.7817195057868958,0.3040313720703125,11.207416800817443,0.07937733083963394,True,0,0,1058,pred[1058] <-> gt[1058] <-> mask[1058]
1059,1059,1059,results/B_mask_20_30_reliability_inference/line_debug/0264_soft.png,/root/autodl-tmp/Inpainting/BundleFusion/B_imgs_gt/office0/02118.jpg,/root/autodl-tmp/Inpainting/masks/irregular_mask/mask_rates_20_30/0007741.png,0264_soft.png,02118.jpg,0007741.png,0264_soft,02118,0007741,"[256, 256]","[256, 256]","[256, 256]",False,False,0.2259063720703125,14805,10.984112108754015,11.484900509469757,0.0782579705119133,0.0817132219672203,10.84822517624779,0.07980584353208542,0.7612228393554688,0.291656494140625,9.341908323540318,0.08225969970226288,True,0,0,1059,pred[1059] <-> gt[1059] <-> mask[1059]
1060,1060,1060,results/B_mask_20_30_reliability_inference/frames/0265.png,/root/autodl-tmp/Inpainting/BundleFusion/B_imgs_gt/office0/02120.jpg,/root/autodl-tmp/Inpainting/masks/irregular_mask/mask_rates_20_30/0007751.png,0265.png,02120.jpg,0007751.png,0265,02120,0007751,"[256, 256]","[256, 256]","[256, 256]",False,False,0.22772216796875,14924,4.727175618177495,7.805468224376613,0.18142461776733398,0.16414500772953033,4.121233557219931,0.1912512481212616,0.8261296153068542,0.16900634765625,5.365514679122314,0.1970689296722412,True,0,0,1060,pred[1060] <-> gt[1060] <-> mask[1060]
1061,1061,1061,results/B_mask_20_30_reliability_inference/line_debug/0265_center.png,/root/autodl-tmp/Inpainting/BundleFusion/B_imgs_gt/office0/02122.jpg,/root/autodl-tmp/Inpainting/masks/irregular_mask/mask_rates_20_30/0007757.png,0265_center.png,02122.jpg,0007757.png,0265_center,02122,0007757,"[256, 256]","[256, 256]","[256, 256]",False,False,0.299835205078125,19650,9.784217024520489,11.174519111343832,0.02833208441734314,0.023430513218045235,9.302470010900908,0.03251126408576965,0.7778432965278625,0.2884979248046875,8.600994940509338,0.0257327351719141,True,0,0,1061,pred[1061] <-> gt[1061] <-> mask[1061]
1062,1062,1062,results/B_mask_20_30_reliability_inference/line_debug/0265_reliability.png,/root/autodl-tmp/Inpainting/BundleFusion/B_imgs_gt/office0/02124.jpg,/root/autodl-tmp/Inpainting/masks/irregular_mask/mask_rates_20_30/0007758.png,0265_reliability.png,02124.jpg,0007758.png,0265_reliability,02124,0007758,"[256, 256]","[256, 256]","[256, 256]",False,False,0.2667388916015625,17481,9.443074206185551,6.334585924905058,0.04019797220826149,0.0296938419342041,11.522008081549677,0.04965129867196083,0.7741639614105225,0.227447509765625,9.663628163428314,0.035737138241529465,False,0,0,1062,pred[1062] <-> gt[1062] <-> mask[1062]
1063,1063,1063,results/B_mask_20_30_reliability_inference/line_debug/0265_soft.png,/root/autodl-tmp/Inpainting/BundleFusion/B_imgs_gt/office0/02126.jpg,/root/autodl-tmp/Inpainting/masks/irregular_mask/mask_rates_20_30/0007766.png,0265_soft.png,02126.jpg,0007766.png,0265_soft,02126,0007766,"[256, 256]","[256, 256]","[256, 256]",False,False,0.29437255859375,19292,8.853887295113823,7.316496764234746,0.03723738715052605,0.027221322059631348,9.700928578793807,0.048269789665937424,0.8019566535949707,0.2962799072265625,7.836155432743417,0.033372972160577774,False,0,0,1063,pred[1063] <-> gt[1063] <-> mask[1063]
1064,1064,1064,results/B_mask_20_30_reliability_inference/frames/0266.png,/root/autodl-tmp/Inpainting/BundleFusion/B_imgs_gt/office0/02128.jpg,/root/autodl-tmp/Inpainting/masks/irregular_mask/mask_rates_20_30/0007772.png,0266.png,02128.jpg,0007772.png,0266,02128,0007772,"[256, 256]","[256, 256]","[256, 256]",False,False,0.253997802734375,16646,5.029328665318817,6.056316808268213,0.30525341629981995,0.30525341629981995,4.728587347514082,0.29698115587234497,0.7648135423660278,0.393951416015625,6.1625705894267195,0.30525341629981995,True,0,0,1064,pred[1064] <-> gt[1064] <-> mask[1064]
1065,1065,1065,results/B_mask_20_30_reliability_inference/line_debug/0266_center.png,/root/autodl-tmp/Inpainting/BundleFusion/B_imgs_gt/office0/02130.jpg,/root/autodl-tmp/Inpainting/masks/irregular_mask/mask_rates_20_30/0007784.png,0266_center.png,02130.jpg,0007784.png,0266_center,02130,0007784,"[256, 256]","[256, 256]","[256, 256]",False,False,0.291656494140625,19114,7.875577313507804,7.239688935225654,0.01573522575199604,0.015161884017288685,8.167109230442632,0.016549643129110336,0.8103116750717163,0.3198394775390625,9.323225079852321,0.015879759564995766,False,0,0,1065,pred[1065] <-> gt[1065] <-> mask[1065]
1066,1066,1066,results/B_mask_20_30_reliability_inference/line_debug/0266_reliability.png,/root/autodl-tmp/Inpainting/BundleFusion/B_imgs_gt/office0/02132.jpg,/root/autodl-tmp/Inpainting/masks/irregular_mask/mask_rates_20_30/0007789.png,0266_reliability.png,02132.jpg,0007789.png,0266_reliability,02132,0007789,"[256, 256]","[256, 256]","[256, 256]",False,False,0.20947265625,13728,7.604689144954586,4.976039514524367,0.01661078818142414,0.010801835916936398,8.68593942530536,0.018647633492946625,0.8037437796592712,0.2449798583984375,6.935959041559647,0.013085156679153442,False,0,0,1066,pred[1066] <-> gt[1066] <-> mask[1066]
1067,1067,1067,results/B_mask_20_30_reliability_inference/line_debug/0266_soft.png,/root/autodl-tmp/Inpainting/BundleFusion/B_imgs_gt/office0/02134.jpg,/root/autodl-tmp/Inpainting/masks/irregular_mask/mask_rates_20_30/0007793.png,0266_soft.png,02134.jpg,0007793.png,0266_soft,02134,0007793,"[256, 256]","[256, 256]","[256, 256]",False,False,0.22967529296875,15052,7.06693239575047,7.409268391986952,0.012911391444504261,0.01051776111125946,6.969875226776364,0.01501461211591959,0.7996741533279419,0.24896240234375,6.859061161597967,0.012741533108055592,True,0,0,1067,pred[1067] <-> gt[1067] <-> mask[1067]
1068,1068,1068,results/B_mask_20_30_reliability_inference/frames/0267.png,/root/autodl-tmp/Inpainting/BundleFusion/B_imgs_gt/office0/02136.jpg,/root/autodl-tmp/Inpainting/masks/irregular_mask/mask_rates_20_30/0007797.png,0267.png,02136.jpg,0007797.png,0267,02136,0007797,"[256, 256]","[256, 256]","[256, 256]",False,False,0.2319793701171875,15203,7.097835465264232,12.079034970578686,0.4576251208782196,0.4689038097858429,6.283937966396228,0.41561442613601685,0.6918983459472656,0.369964599609375,9.573694099831618,0.4576251208782196,True,0,0,1068,pred[1068] <-> gt[1068] <-> mask[1068]
1069,1069,1069,results/B_mask_20_30_reliability_inference/line_debug/0267_center.png,/root/autodl-tmp/Inpainting/BundleFusion/B_imgs_gt/office0/02138.jpg,/root/autodl-tmp/Inpainting/masks/irregular_mask/mask_rates_20_30/0007803.png,0267_center.png,02138.jpg,0007803.png,0267_center,02138,0007803,"[256, 256]","[256, 256]","[256, 256]",False,False,0.286590576171875,18782,5.871700822031021,6.0693227087075154,0.0032395850867033005,0.0030504942405968904,5.794776209721695,0.003134294645860791,0.8119628429412842,0.29058837890625,5.941881382975658,0.0032395850867033005,True,0,0,1069,pred[1069] <-> gt[1069] <-> mask[1069]
1070,1070,1070,results/B_mask_20_30_reliability_inference/line_debug/0267_reliability.png,/root/autodl-tmp/Inpainting/BundleFusion/B_imgs_gt/office0/02140.jpg,/root/autodl-tmp/Inpainting/masks/irregular_mask/mask_rates_20_30/0007804.png,0267_reliability.png,02140.jpg,0007804.png,0267_reliability,02140,0007804,"[256, 256]","[256, 256]","[256, 256]",False,False,0.28564453125,18720,5.568238421768631,7.665470286000884,0.007126790005713701,0.006236195098608732,4.949372030462084,0.006329011637717485,0.8155197501182556,0.3809661865234375,5.863253954008842,0.006099103018641472,True,0,0,1070,pred[1070] <-> gt[1070] <-> mask[1070]
1071,1071,1071,results/B_mask_20_30_reliability_inference/line_debug/0267_soft.png,/root/autodl-tmp/Inpainting/BundleFusion/B_imgs_gt/office0/02142.jpg,/root/autodl-tmp/Inpainting/masks/irregular_mask/mask_rates_20_30/0007810.png,0267_soft.png,02142.jpg,0007810.png,0267_soft,02142,0007810,"[256, 256]","[256, 256]","[256, 256]",False,False,0.2439117431640625,15985,5.370231879659335,3.9323661739303666,0.006407301872968674,0.004259051755070686,5.958150751035517,0.008278816938400269,0.8123104572296143,0.3209686279296875,5.074192414692925,0.006446693558245897,False,0,0,1071,pred[1071] <-> gt[1071] <-> mask[1071]
1072,1072,1072,results/B_mask_20_30_reliability_inference/frames/0268.png,/root/autodl-tmp/Inpainting/BundleFusion/B_imgs_gt/office0/02144.jpg,/root/autodl-tmp/Inpainting/masks/irregular_mask/mask_rates_20_30/0007819.png,0268.png,02144.jpg,0007819.png,0268,02144,0007819,"[256, 256]","[256, 256]","[256, 256]",False,False,0.2920379638671875,19139,9.37192929620656,9.925859915697249,0.6009994745254517,0.6009994745254517,9.162531829448984,0.5923863053321838,0.6006031632423401,0.29559326171875,8.07612232583217,0.6009994745254517,True,0,0,1072,pred[1072] <-> gt[1072] <-> mask[1072]
1073,1073,1073,results/B_mask_20_30_reliability_inference/line_debug/0268_center.png,/root/autodl-tmp/Inpainting/BundleFusion/B_imgs_gt/office0/02146.jpg,/root/autodl-tmp/Inpainting/masks/irregular_mask/mask_rates_20_30/0007824.png,0268_center.png,02146.jpg,0007824.png,0268_center,02146,0007824,"[256, 256]","[256, 256]","[256, 256]",False,False,0.2166290283203125,14197,4.9104451139944585,5.489634985982299,0.0010151861933991313,0.0009058901923708618,4.7630299401490594,0.0009951883694157004,0.8719180822372437,0.269683837890625,4.956773092696656,0.0010151861933991313,True,0,0,1073,pred[1073] <-> gt[1073] <-> mask[1073]
1074,1074,1074,results/B_mask_20_30_reliability_inference/line_debug/0268_reliability.png,/root/autodl-tmp/Inpainting/BundleFusion/B_imgs_gt/office0/02148.jpg,/root/autodl-tmp/Inpainting/masks/irregular_mask/mask_rates_20_30/0007828.png,0268_reliability.png,02148.jpg,0007828.png,0268_reliability,02148,0007828,"[256, 256]","[256, 256]","[256, 256]",False,False,0.2223358154296875,14571,4.841327167880412,5.213236118212753,0.0027818530797958374,0.0020601237192749977,4.740600258404342,0.0031072262208908796,0.855833888053894,0.203277587890625,4.730328699787875,0.002512492472305894,True,0,0,1074,pred[1074] <-> gt[1074] <-> mask[1074]
1075,1075,1075,results/B_mask_20_30_reliability_inference/line_debug/0268_soft.png,/root/autodl-tmp/Inpainting/BundleFusion/B_imgs_gt/office0/02150.jpg,/root/autodl-tmp/Inpainting/masks/irregular_mask/mask_rates_20_30/0007832.png,0268_soft.png,02150.jpg,0007832.png,0268_soft,02150,0007832,"[256, 256]","[256, 256]","[256, 256]",False,False,0.2738189697265625,17945,4.84309342235217,6.551424365416615,0.0025593845639377832,0.002398455748334527,4.3407379105836235,0.002920665545389056,0.8569717407226562,0.302154541015625,5.109760742631828,0.0025649014860391617,True,0,0,1075,pred[1075] <-> gt[1075] <-> mask[1075]
1076,1076,1076,results/B_mask_20_30_reliability_inference/frames/0269.png,/root/autodl-tmp/Inpainting/BundleFusion/B_imgs_gt/office0/02152.jpg,/root/autodl-tmp/Inpainting/masks/irregular_mask/mask_rates_20_30/0007833.png,0269.png,02152.jpg,0007833.png,0269,02152,0007833,"[256, 256]","[256, 256]","[256, 256]",False,False,0.2590179443359375,16975,11.579954881496086,11.158905792541894,0.647104024887085,0.645393431186676,11.737325333018813,0.6612316966056824,0.5845357775688171,0.2597808837890625,12.695356875780423,0.6420764327049255,False,0,0,1076,pred[1076] <-> gt[1076] <-> mask[1076]
1077,1077,1077,results/B_mask_20_30_reliability_inference/line_debug/0269_center.png,/root/autodl-tmp/Inpainting/BundleFusion/B_imgs_gt/office0/02154.jpg,/root/autodl-tmp/Inpainting/masks/irregular_mask/mask_rates_20_30/0007837.png,0269_center.png,02154.jpg,0007837.png,0269_center,02154,0007837,"[256, 256]","[256, 256]","[256, 256]",False,False,0.2285308837890625,14977,4.931927201976684,4.313646869947384,0.0008388059213757515,0.0008388059213757515,5.13335698592397,0.0008459501550532877,0.8532373309135437,0.2211456298828125,5.192540701782419,0.0008388059213757515,False,0,0,1077,pred[1077] <-> gt[1077] <-> mask[1077]
1078,1078,1078,results/B_mask_20_30_reliability_inference/line_debug/0269_reliability.png,/root/autodl-tmp/Inpainting/BundleFusion/B_imgs_gt/office0/02156.jpg,/root/autodl-tmp/Inpainting/masks/irregular_mask/mask_rates_20_30/0007838.png,0269_reliability.png,02156.jpg,0007838.png,0269_reliability,02156,0007838,"[256, 256]","[256, 256]","[256, 256]",False,False,0.237518310546875,15566,5.01815652444494,2.747268340402358,0.0022096929606050253,0.0012618483742699027,6.063784617501029,0.0027352892793715,0.8447725772857666,0.1496734619140625,4.368467190001419,0.0012406365713104606,False,0,0,1078,pred[1078] <-> gt[1078] <-> mask[1078]
1079,1079,1079,results/B_mask_20_30_reliability_inference/line_debug/0269_soft.png,/root/autodl-tmp/Inpainting/BundleFusion/B_imgs_gt/office0/02158.jpg,/root/autodl-tmp/Inpainting/masks/irregular_mask/mask_rates_20_30/0007840.png,0269_soft.png,02158.jpg,0007840.png,0269_soft,02158,0007840,"[256, 256]","[256, 256]","[256, 256]",False,False,0.2810516357421875,18419,5.0780697417244856,6.963432514148219,0.0021169341634958982,0.002166466787457466,4.5179104169792,0.0017166679026558995,0.8538738489151001,0.2409210205078125,5.281727478953738,0.002118831966072321,True,0,0,1079,pred[1079] <-> gt[1079] <-> mask[1079]
1080,1080,1080,results/B_mask_20_30_reliability_inference/frames/0270.png,/root/autodl-tmp/Inpainting/BundleFusion/B_imgs_gt/office0/02160.jpg,/root/autodl-tmp/Inpainting/masks/irregular_mask/mask_rates_20_30/0007865.png,0270.png,02160.jpg,0007865.png,0270,02160,0007865,"[256, 256]","[256, 256]","[256, 256]",False,False,0.2347869873046875,15387,11.489642829285913,10.563795558544236,0.6611284613609314,0.6371297836303711,11.818403263250117,0.6663628816604614,0.6187977194786072,0.3452911376953125,11.490318573719575,0.6593239307403564,False,0,0,1080,pred[1080] <-> gt[1080] <-> mask[1080]
1081,1081,1081,results/B_mask_20_30_reliability_inference/line_debug/0270_center.png,/root/autodl-tmp/Inpainting/BundleFusion/B_imgs_gt/office0/02162.jpg,/root/autodl-tmp/Inpainting/masks/irregular_mask/mask_rates_20_30/0007866.png,0270_center.png,02162.jpg,0007866.png,0270_center,02162,0007866,"[256, 256]","[256, 256]","[256, 256]",False,False,0.2168731689453125,14213,5.108019903578413,4.035797723483708,0.0007268877234309912,0.0004089921712875366,5.4585963321357,0.0008387331617996097,0.8859314322471619,0.2529754638671875,4.929258361456389,0.0006806191522628069,False,0,0,1081,pred[1081] <-> gt[1081] <-> mask[1081]
1082,1082,1082,results/B_mask_20_30_reliability_inference/line_debug/0270_reliability.png,/root/autodl-tmp/Inpainting/BundleFusion/B_imgs_gt/office0/02164.jpg,/root/autodl-tmp/Inpainting/masks/irregular_mask/mask_rates_20_30/0007876.png,0270_reliability.png,02164.jpg,0007876.png,0270_reliability,02164,0007876,"[256, 256]","[256, 256]","[256, 256]",False,False,0.2027130126953125,13285,5.220016316517432,5.030157659721294,0.0021060218568891287,0.0017023306572809815,5.269641376704025,0.0020025046542286873,0.8606249094009399,0.2817840576171875,4.057501678587179,0.0015153068816289306,False,0,0,1082,pred[1082] <-> gt[1082] <-> mask[1082]
1083,1083,1083,results/B_mask_20_30_reliability_inference/line_debug/0270_soft.png,/root/autodl-tmp/Inpainting/BundleFusion/B_imgs_gt/office0/02166.jpg,/root/autodl-tmp/Inpainting/masks/irregular_mask/mask_rates_20_30/0007877.png,0270_soft.png,02166.jpg,0007877.png,0270_soft,02166,0007877,"[256, 256]","[256, 256]","[256, 256]",False,False,0.2737884521484375,17943,5.243305196456949,5.207427023250778,0.0024442041758447886,0.00237157940864563,5.2569087498952705,0.00217441120184958,0.8563920259475708,0.3953704833984375,4.608750674550926,0.0024442041758447886,False,0,0,1083,pred[1083] <-> gt[1083] <-> mask[1083]
1084,1084,1084,results/B_mask_20_30_reliability_inference/frames/0271.png,/root/autodl-tmp/Inpainting/BundleFusion/B_imgs_gt/office0/02168.jpg,/root/autodl-tmp/Inpainting/masks/irregular_mask/mask_rates_20_30/0007881.png,0271.png,02168.jpg,0007881.png,0271,02168,0007881,"[256, 256]","[256, 256]","[256, 256]",False,False,0.2415618896484375,15831,10.971754613447873,8.752595563421346,0.6659998297691345,0.6543188691139221,12.00877885661955,0.6789968013763428,0.5982615947723389,0.2244415283203125,9.754584175112443,0.6613627076148987,False,0,0,1084,pred[1084] <-> gt[1084] <-> mask[1084]
1085,1085,1085,results/B_mask_20_30_reliability_inference/line_debug/0271_center.png,/root/autodl-tmp/Inpainting/BundleFusion/B_imgs_gt/office0/02170.jpg,/root/autodl-tmp/Inpainting/masks/irregular_mask/mask_rates_20_30/0007885.png,0271_center.png,02170.jpg,0007885.png,0271_center,02170,0007885,"[256, 256]","[256, 256]","[256, 256]",False,False,0.2000579833984375,13111,5.469389062763242,8.56507275229269,0.0008281180635094643,0.0009707235149107873,4.948301724496171,0.0007331970264203846,0.8473125696182251,0.1538543701171875,7.771676111468764,0.0008618419524282217,True,0,0,1085,pred[1085] <-> gt[1085] <-> mask[1085]
1086,1086,1086,results/B_mask_20_30_reliability_inference/line_debug/0271_reliability.png,/root/autodl-tmp/Inpainting/BundleFusion/B_imgs_gt/office0/02172.jpg,/root/autodl-tmp/Inpainting/masks/irregular_mask/mask_rates_20_30/0007895.png,0271_reliability.png,02172.jpg,0007895.png,0271_reliability,02172,0007895,"[256, 256]","[256, 256]","[256, 256]",False,False,0.2572021484375,16856,5.6961557807585494,5.545858788090195,0.001871948130428791,0.0018129353411495686,5.749434693898844,0.002217607107013464,0.8592554926872253,0.2599945068359375,6.062279991932616,0.001871948130428791,False,0,0,1086,pred[1086] <-> gt[1086] <-> mask[1086]
1087,1087,1087,results/B_mask_20_30_reliability_inference/line_debug/0271_soft.png,/root/autodl-tmp/Inpainting/BundleFusion/B_imgs_gt/office0/02174.jpg,/root/autodl-tmp/Inpainting/masks/irregular_mask/mask_rates_20_30/0007897.png,0271_soft.png,02174.jpg,0007897.png,0271_soft,02174,0007897,"[256, 256]","[256, 256]","[256, 256]",False,False,0.2332611083984375,15287,5.848619403818867,8.239394427879349,0.0021106277126818895,0.003046930767595768,5.322489406150373,0.0019768914207816124,0.8694585561752319,0.2626953125,6.706235957327362,0.002496301895007491,True,0,0,1087,pred[1087] <-> gt[1087] <-> mask[1087]
1088,1088,1088,results/B_mask_20_30_reliability_inference/frames/0272.png,/root/autodl-tmp/Inpainting/BundleFusion/B_imgs_gt/office0/02176.jpg,/root/autodl-tmp/Inpainting/masks/irregular_mask/mask_rates_20_30/0007899.png,0272.png,02176.jpg,0007899.png,0272,02176,0007899,"[256, 256]","[256, 256]","[256, 256]",False,False,0.205352783203125,13458,9.719571946694032,9.24973343573924,0.6220093369483948,0.5928962230682373,9.849729923813133,0.6292269825935364,0.683137834072113,0.3035736083984375,8.632918737803708,0.6112228035926819,False,0,0,1088,pred[1088] <-> gt[1088] <-> mask[1088]
1089,1089,1089,results/B_mask_20_30_reliability_inference/line_debug/0272_center.png,/root/autodl-tmp/Inpainting/BundleFusion/B_imgs_gt/office0/02178.jpg,/root/autodl-tmp/Inpainting/masks/irregular_mask/mask_rates_20_30/0007930.png,0272_center.png,02178.jpg,0007930.png,0272_center,02178,0007930,"[256, 256]","[256, 256]","[256, 256]",False,False,0.244232177734375,16006,6.105220720449721,6.631913778245377,0.000766401644796133,0.0008375441539101303,5.947819209215092,0.000736159854568541,0.8983155488967896,0.283935546875,6.150597872998775,0.0008012878824956715,True,0,0,1089,pred[1089] <-> gt[1089] <-> mask[1089]
1090,1090,1090,results/B_mask_20_30_reliability_inference/line_debug/0272_reliability.png,/root/autodl-tmp/Inpainting/BundleFusion/B_imgs_gt/office0/02180.jpg,/root/autodl-tmp/Inpainting/masks/irregular_mask/mask_rates_20_30/0007936.png,0272_reliability.png,02180.jpg,0007936.png,0272_reliability,02180,0007936,"[256, 256]","[256, 256]","[256, 256]",False,False,0.209442138671875,13726,6.22185281564739,6.96117466146137,0.0035726148635149,0.00392924202606082,6.045383830192666,0.003747135167941451,0.8972760438919067,0.3321533203125,6.221854799647283,0.0035726148635149,True,0,0,1090,pred[1090] <-> gt[1090] <-> mask[1090]
1091,1091,1091,results/B_mask_20_30_reliability_inference/line_debug/0272_soft.png,/root/autodl-tmp/Inpainting/BundleFusion/B_imgs_gt/office0/02182.jpg,/root/autodl-tmp/Inpainting/masks/irregular_mask/mask_rates_20_30/0007942.png,0272_soft.png,02182.jpg,0007942.png,0272_soft,02182,0007942,"[256, 256]","[256, 256]","[256, 256]",False,False,0.2313385009765625,15161,6.362761078928399,6.722408276659188,0.003809359623119235,0.0038959335070103407,6.260104030414934,0.0029834976885467768,0.9049299359321594,0.3632659912109375,5.970253188658887,0.003809359623119235,True,0,0,1091,pred[1091] <-> gt[1091] <-> mask[1091]
1092,1092,1092,results/B_mask_20_30_reliability_inference/frames/0273.png,/root/autodl-tmp/Inpainting/BundleFusion/B_imgs_gt/office0/02184.jpg,/root/autodl-tmp/Inpainting/masks/irregular_mask/mask_rates_20_30/0007953.png,0273.png,02184.jpg,0007953.png,0273,02184,0007953,"[256, 256]","[256, 256]","[256, 256]",False,False,0.2789764404296875,18283,8.911247836110741,9.081499772771068,0.5849866271018982,0.5852269530296326,8.847124764463175,0.5892850160598755,0.7605504989624023,0.287322998046875,8.467590987738742,0.5817549228668213,True,0,0,1092,pred[1092] <-> gt[1092] <-> mask[1092]
1093,1093,1093,results/B_mask_20_30_reliability_inference/line_debug/0273_center.png,/root/autodl-tmp/Inpainting/BundleFusion/B_imgs_gt/office0/02186.jpg,/root/autodl-tmp/Inpainting/masks/irregular_mask/mask_rates_20_30/0007956.png,0273_center.png,02186.jpg,0007956.png,0273_center,02186,0007956,"[256, 256]","[256, 256]","[256, 256]",False,False,0.211090087890625,13834,6.458966764066137,4.538340621673194,0.000912817195057869,0.000890111259650439,7.1587564621983475,0.0010006952797994018,0.9267151951789856,0.2763671875,6.104239402262416,0.0009028951753862202,False,0,0,1093,pred[1093] <-> gt[1093] <-> mask[1093]
1094,1094,1094,results/B_mask_20_30_reliability_inference/line_debug/0273_reliability.png,/root/autodl-tmp/Inpainting/BundleFusion/B_imgs_gt/office0/02188.jpg,/root/autodl-tmp/Inpainting/masks/irregular_mask/mask_rates_20_30/0007963.png,0273_reliability.png,02188.jpg,0007963.png,0273_reliability,02188,0007963,"[256, 256]","[256, 256]","[256, 256]",False,False,0.2573089599609375,16863,6.484698394483633,8.385427574712955,0.00259173265658319,0.002558281412348151,5.9816654035891,0.0024727946147322655,0.9204349517822266,0.2258148193359375,7.301820878399563,0.002561112865805626,True,0,0,1094,pred[1094] <-> gt[1094] <-> mask[1094]
1095,1095,1095,results/B_mask_20_30_reliability_inference/line_debug/0273_soft.png,/root/autodl-tmp/Inpainting/BundleFusion/B_imgs_gt/office0/02190.jpg,/root/autodl-tmp/Inpainting/masks/irregular_mask/mask_rates_20_30/0007971.png,0273_soft.png,02190.jpg,0007971.png,0273_soft,02190,0007971,"[256, 256]","[256, 256]","[256, 256]",False,False,0.212127685546875,13902,6.184609221642844,8.499781468537543,0.0027541809249669313,0.0033315327018499374,5.726479364412418,0.0028496631421148777,0.9140561819076538,0.3288116455078125,7.391217499424059,0.0028787616174668074,True,0,0,1095,pred[1095] <-> gt[1095] <-> mask[1095]
1096,1096,1096,results/B_mask_20_30_reliability_inference/frames/0274.png,/root/autodl-tmp/Inpainting/BundleFusion/B_imgs_gt/office0/02192.jpg,/root/autodl-tmp/Inpainting/masks/irregular_mask/mask_rates_20_30/0007974.png,0274.png,02192.jpg,0007974.png,0274,02192,0007974,"[256, 256]","[256, 256]","[256, 256]",False,False,0.267852783203125,17554,9.169465197836654,8.230986018219347,0.5840158462524414,0.5429617762565613,9.570698561115329,0.5982010364532471,0.7072843313217163,0.270233154296875,8.579627539638706,0.5500077605247498,False,0,0,1096,pred[1096] <-> gt[1096] <-> mask[1096]
1097,1097,1097,results/B_mask_20_30_reliability_inference/line_debug/0274_center.png,/root/autodl-tmp/Inpainting/BundleFusion/B_imgs_gt/office0/02194.jpg,/root/autodl-tmp/Inpainting/masks/irregular_mask/mask_rates_20_30/0007979.png,0274_center.png,02194.jpg,0007979.png,0274_center,02194,0007979,"[256, 256]","[256, 256]","[256, 256]",False,False,0.2986297607421875,19571,5.577941024806398,6.347478268711041,0.0008203049073927104,0.0008203049073927104,5.287599709031525,0.00079814885975793,0.9011525511741638,0.3376312255859375,4.977910271707161,0.0008203049073927104,True,0,0,1097,pred[1097] <-> gt[1097] <-> mask[1097]
1098,1098,1098,results/B_mask_20_30_reliability_inference/line_debug/0274_reliability.png,/root/autodl-tmp/Inpainting/BundleFusion/B_imgs_gt/office0/02196.jpg,/root/autodl-tmp/Inpainting/masks/irregular_mask/mask_rates_20_30/0007984.png,0274_reliability.png,02196.jpg,0007984.png,0274_reliability,02196,0007984,"[256, 256]","[256, 256]","[256, 256]",False,False,0.232452392578125,15234,5.104727277826866,4.417375974348339,0.0040620011277496815,0.00399114890024066,5.336337159341053,0.004737180657684803,0.8577192425727844,0.3135986328125,4.757620666410384,0.0040620011277496815,False,0,0,1098,pred[1098] <-> gt[1098] <-> mask[1098]
1099,1099,1099,results/B_mask_20_30_reliability_inference/line_debug/0274_soft.png,/root/autodl-tmp/Inpainting/BundleFusion/B_imgs_gt/office0/02198.jpg,/root/autodl-tmp/Inpainting/masks/irregular_mask/mask_rates_20_30/0008001.png,0274_soft.png,02198.jpg,0008001.png,0274_soft,02198,0008001,"[256, 256]","[256, 256]","[256, 256]",False,False,0.2406158447265625,15769,4.850200640933707,6.997900300951631,0.003073145402595401,0.00358772836625576,4.344011580837308,0.0027787231374531984,0.8613855242729187,0.286895751953125,5.499799705723632,0.003403872950002551,True,0,0,1099,pred[1099] <-> gt[1099] <-> mask[1099]
1100,1100,1100,results/B_mask_20_30_reliability_inference/frames/0275.png,/root/autodl-tmp/Inpainting/BundleFusion/B_imgs_gt/office0/02200.jpg,/root/autodl-tmp/Inpainting/masks/irregular_mask/mask_rates_20_30/0008020.png,0275.png,02200.jpg,0008020.png,0275,02200,0008020,"[256, 256]","[256, 256]","[256, 256]",False,False,0.296478271484375,19430,10.34886696306719,8.70756662246332,0.6056786179542542,0.606032133102417,11.283026958018096,0.6224899291992188,0.6349499225616455,0.5232391357421875,10.941579415197696,0.6056786179542542,False,0,0,1100,pred[1100] <-> gt[1100] <-> mask[1100]
1101,1101,1101,results/B_mask_20_30_reliability_inference/line_debug/0275_center.png,/root/autodl-tmp/Inpainting/BundleFusion/B_imgs_gt/office0/02202.jpg,/root/autodl-tmp/Inpainting/masks/irregular_mask/mask_rates_20_30/0008021.png,0275_center.png,02202.jpg,0008021.png,0275_center,02202,0008021,"[256, 256]","[256, 256]","[256, 256]",False,False,0.264251708984375,17318,4.367962608460998,7.967542747270151,0.0006089124362915754,0.00072636449476704,3.567595544077195,0.00015183698269538581,0.884882390499115,0.24462890625,6.367009659925932,0.0007449943223036826,True,0,0,1101,pred[1101] <-> gt[1101] <-> mask[1101]
1102,1102,1102,results/B_mask_20_30_reliability_inference/line_debug/0275_reliability.png,/root/autodl-tmp/Inpainting/BundleFusion/B_imgs_gt/office0/02204.jpg,/root/autodl-tmp/Inpainting/masks/irregular_mask/mask_rates_20_30/0008032.png,0275_reliability.png,02204.jpg,0008032.png,0275_reliability,02204,0008032,"[256, 256]","[256, 256]","[256, 256]",False,False,0.20849609375,13664,4.274346631943261,8.326804203982777,0.0026090831961482763,0.0030322049278765917,3.630484381067914,0.0018015103414654732,0.8774749040603638,0.2347412109375,5.954665588132146,0.0027363647241145372,True,0,0,1102,pred[1102] <-> gt[1102] <-> mask[1102]
1103,1103,1103,results/B_mask_20_30_reliability_inference/line_debug/0275_soft.png,/root/autodl-tmp/Inpainting/BundleFusion/B_imgs_gt/office0/02206.jpg,/root/autodl-tmp/Inpainting/masks/irregular_mask/mask_rates_20_30/0008036.png,0275_soft.png,02206.jpg,0008036.png,0275_soft,02206,0008036,"[256, 256]","[256, 256]","[256, 256]",False,False,0.238861083984375,15654,4.080697238166006,6.594714453029146,0.002526414580643177,0.00205120793543756,3.5195993641710297,0.0025909608229994774,0.8759286999702454,0.177154541015625,5.4410585245268,0.002395798685029149,True,0,0,1103,pred[1103] <-> gt[1103] <-> mask[1103]
1104,1104,1104,results/B_mask_20_30_reliability_inference/frames/0276.png,/root/autodl-tmp/Inpainting/BundleFusion/B_imgs_gt/office0/02208.jpg,/root/autodl-tmp/Inpainting/masks/irregular_mask/mask_rates_20_30/0008039.png,0276.png,02208.jpg,0008039.png,0276,02208,0008039,"[256, 256]","[256, 256]","[256, 256]",False,False,0.234130859375,15344,10.98136036034939,10.636056931649795,0.5938264727592468,0.6037979125976562,11.092646181997685,0.5910276174545288,0.6830911636352539,0.337890625,10.303296509635976,0.5925689339637756,False,0,0,1104,pred[1104] <-> gt[1104] <-> mask[1104]
1105,1105,1105,results/B_mask_20_30_reliability_inference/line_debug/0276_center.png,/root/autodl-tmp/Inpainting/BundleFusion/B_imgs_gt/office0/02210.jpg,/root/autodl-tmp/Inpainting/masks/irregular_mask/mask_rates_20_30/0008056.png,0276_center.png,02210.jpg,0008056.png,0276_center,02210,0008056,"[256, 256]","[256, 256]","[256, 256]",False,False,0.2340240478515625,15337,3.7141190205271224,3.8289224689514367,0.0008085179142653942,0.0006495565176010132,3.6796409704113913,0.00087977503426373,0.8971399664878845,0.2883453369140625,4.144128618206795,0.0007091988227330148,True,0,0,1105,pred[1105] <-> gt[1105] <-> mask[1105]
1106,1106,1106,results/B_mask_20_30_reliability_inference/line_debug/0276_reliability.png,/root/autodl-tmp/Inpainting/BundleFusion/B_imgs_gt/office0/02212.jpg,/root/autodl-tmp/Inpainting/masks/irregular_mask/mask_rates_20_30/0008057.png,0276_reliability.png,02212.jpg,0008057.png,0276_reliability,02212,0008057,"[256, 256]","[256, 256]","[256, 256]",False,False,0.2777862548828125,18205,3.5292551104064036,2.743113708683617,0.003473014337942004,0.0030012994538992643,3.87405818984415,0.004261447582393885,0.9016309976577759,0.3038330078125,2.8881846762959205,0.003703054040670395,False,0,0,1106,pred[1106] <-> gt[1106] <-> mask[1106]
1107,1107,1107,results/B_mask_20_30_reliability_inference/line_debug/0276_soft.png,/root/autodl-tmp/Inpainting/BundleFusion/B_imgs_gt/office0/02214.jpg,/root/autodl-tmp/Inpainting/masks/irregular_mask/mask_rates_20_30/0008061.png,0276_soft.png,02214.jpg,0008061.png,0276_soft,02214,0008061,"[256, 256]","[256, 256]","[256, 256]",False,False,0.20733642578125,13588,3.39069135101774,3.7986444610935237,0.003137407824397087,0.0030720855575054884,3.290017876715063,0.0030872756615281105,0.9051191210746765,0.2697601318359375,2.8757437293709187,0.0029598595574498177,True,0,0,1107,pred[1107] <-> gt[1107] <-> mask[1107]
1108,1108,1108,results/B_mask_20_30_reliability_inference/frames/0277.png,/root/autodl-tmp/Inpainting/BundleFusion/B_imgs_gt/office0/02216.jpg,/root/autodl-tmp/Inpainting/masks/irregular_mask/mask_rates_20_30/0008062.png,0277.png,02216.jpg,0008062.png,0277,02216,0008062,"[256, 256]","[256, 256]","[256, 256]",False,False,0.2141571044921875,14035,11.247682248533913,9.948659502300165,0.5216048359870911,0.5153253078460693,11.681274489531344,0.5302069187164307,0.7422674298286438,0.24359130859375,11.433287467679223,0.5190569758415222,False,0,0,1108,pred[1108] <-> gt[1108] <-> mask[1108]
1109,1109,1109,results/B_mask_20_30_reliability_inference/line_debug/0277_center.png,/root/autodl-tmp/Inpainting/BundleFusion/B_imgs_gt/office0/02218.jpg,/root/autodl-tmp/Inpainting/masks/irregular_mask/mask_rates_20_30/0008072.png,0277_center.png,02218.jpg,0008072.png,0277_center,02218,0008072,"[256, 256]","[256, 256]","[256, 256]",False,False,0.27911376953125,18292,3.2259621726652754,2.1618930201971427,0.000827527604997158,0.0007759389118291438,3.7198562169950353,0.0006712140748277307,0.9080544114112854,0.2475128173828125,2.3421965391496262,0.000827527604997158,False,0,0,1109,pred[1109] <-> gt[1109] <-> mask[1109]
1110,1110,1110,results/B_mask_20_30_reliability_inference/line_debug/0277_reliability.png,/root/autodl-tmp/Inpainting/BundleFusion/B_imgs_gt/office0/02220.jpg,/root/autodl-tmp/Inpainting/masks/irregular_mask/mask_rates_20_30/0008081.png,0277_reliability.png,02220.jpg,0008081.png,0277_reliability,02220,0008081,"[256, 256]","[256, 256]","[256, 256]",False,False,0.23834228515625,15620,3.0887259841341534,2.5289966446683367,0.002551202429458499,0.0018092263489961624,3.2798099237371785,0.002965361112728715,0.8773719668388367,0.31207275390625,2.48909244605016,0.0025122754741460085,False,0,0,1110,pred[1110] <-> gt[1110] <-> mask[1110]
1111,1111,1111,results/B_mask_20_30_reliability_inference/line_debug/0277_soft.png,/root/autodl-tmp/Inpainting/BundleFusion/B_imgs_gt/office0/02222.jpg,/root/autodl-tmp/Inpainting/masks/irregular_mask/mask_rates_20_30/0008092.png,0277_soft.png,02222.jpg,0008092.png,0277_soft,02222,0008092,"[256, 256]","[256, 256]","[256, 256]",False,False,0.216583251953125,14194,2.8291771674404362,2.1266316263951337,0.002811912214383483,0.0025074381846934557,3.045283510981668,0.0032880324870347977,0.8639952540397644,0.341644287109375,2.4420617587568074,0.002811912214383483,False,0,0,1111,pred[1111] <-> gt[1111] <-> mask[1111]
1112,1112,1112,results/B_mask_20_30_reliability_inference/frames/0278.png,/root/autodl-tmp/Inpainting/BundleFusion/B_imgs_gt/office0/02224.jpg,/root/autodl-tmp/Inpainting/masks/irregular_mask/mask_rates_20_30/0008093.png,0278.png,02224.jpg,0008093.png,0278,02224,0008093,"[256, 256]","[256, 256]","[256, 256]",False,False,0.2834625244140625,18577,11.323624604371707,11.397193605235252,0.4487731456756592,0.42892158031463623,11.294861027745775,0.4471206068992615,0.7169375419616699,0.3750152587890625,12.025591746769352,0.4481654465198517,True,0,0,1112,pred[1112] <-> gt[1112] <-> mask[1112]
1113,1113,1113,results/B_mask_20_30_reliability_inference/line_debug/0278_center.png,/root/autodl-tmp/Inpainting/BundleFusion/B_imgs_gt/office0/02226.jpg,/root/autodl-tmp/Inpainting/masks/irregular_mask/mask_rates_20_30/0008101.png,0278_center.png,02226.jpg,0008101.png,0278_center,02226,0008101,"[256, 256]","[256, 256]","[256, 256]",False,False,0.2774200439453125,18181,2.9632767153021837,2.5805802567812144,0.0024959419388324022,0.0015919421566650271,3.119655304208247,0.003954614512622356,0.8756915330886841,0.39227294921875,2.618686992397147,0.0024959419388324022,False,0,0,1113,pred[1113] <-> gt[1113] <-> mask[1113]
1114,1114,1114,results/B_mask_20_30_reliability_inference/line_debug/0278_reliability.png,/root/autodl-tmp/Inpainting/BundleFusion/B_imgs_gt/office0/02228.jpg,/root/autodl-tmp/Inpainting/masks/irregular_mask/mask_rates_20_30/0008115.png,0278_reliability.png,02228.jpg,0008115.png,0278_reliability,02228,0008115,"[256, 256]","[256, 256]","[256, 256]",False,False,0.231292724609375,15158,3.804356069168918,4.462399366746949,0.013003828935325146,0.012099976651370525,3.6244107242902883,0.015256422571837902,0.8275296688079834,0.1692657470703125,4.928170053297566,0.014548665843904018,True,0,0,1114,pred[1114] <-> gt[1114] <-> mask[1114]
1115,1115,1115,results/B_mask_20_30_reliability_inference/line_debug/0278_soft.png,/root/autodl-tmp/Inpainting/BundleFusion/B_imgs_gt/office0/02230.jpg,/root/autodl-tmp/Inpainting/masks/irregular_mask/mask_rates_20_30/0008146.png,0278_soft.png,02230.jpg,0008146.png,0278_soft,02230,0008146,"[256, 256]","[256, 256]","[256, 256]",False,False,0.25439453125,16672,4.440449376400927,4.816829385061588,0.018417013809084892,0.012247282080352306,4.319149127785986,0.019912904128432274,0.8196099400520325,0.243621826171875,4.612453679656814,0.018814975395798683,True,0,0,1115,pred[1115] <-> gt[1115] <-> mask[1115]
1116,1116,1116,results/B_mask_20_30_reliability_inference/frames/0279.png,/root/autodl-tmp/Inpainting/BundleFusion/B_imgs_gt/office0/02232.jpg,/root/autodl-tmp/Inpainting/masks/irregular_mask/mask_rates_20_30/0008164.png,0279.png,02232.jpg,0008164.png,0279,02232,0008164,"[256, 256]","[256, 256]","[256, 256]",False,False,0.223724365234375,14662,8.181917313836612,11.734978919294395,0.2993777096271515,0.36711177229881287,7.53348192559373,0.29868677258491516,0.7821121215820312,0.1978302001953125,8.419760636337251,0.3364332616329193,True,0,0,1116,pred[1116] <-> gt[1116] <-> mask[1116]
1117,1117,1117,results/B_mask_20_30_reliability_inference/line_debug/0279_center.png,/root/autodl-tmp/Inpainting/BundleFusion/B_imgs_gt/office0/02234.jpg,/root/autodl-tmp/Inpainting/masks/irregular_mask/mask_rates_20_30/0008175.png,0279_center.png,02234.jpg,0008175.png,0279_center,02234,0008175,"[256, 256]","[256, 256]","[256, 256]",False,False,0.2185516357421875,14323,5.032782275013935,3.207372118635572,0.009756582789123058,0.0024135797284543514,5.718784764031202,0.012346557341516018,0.8832905888557434,0.274505615234375,3.6250467843859298,0.007038557901978493,False,0,0,1117,pred[1117] <-> gt[1117] <-> mask[1117]
1118,1118,1118,results/B_mask_20_30_reliability_inference/line_debug/0279_reliability.png,/root/autodl-tmp/Inpainting/BundleFusion/B_imgs_gt/office0/02236.jpg,/root/autodl-tmp/Inpainting/masks/irregular_mask/mask_rates_20_30/0008223.png,0279_reliability.png,02236.jpg,0008223.png,0279_reliability,02236,0008223,"[256, 256]","[256, 256]","[256, 256]",False,False,0.2393798828125,15688,5.593875543690729,5.380566404883451,0.019116712734103203,0.016088908538222313,5.6632343651203465,0.021143123507499695,0.8389788269996643,0.1979827880859375,5.155772731607583,0.016374317929148674,False,0,0,1118,pred[1118] <-> gt[1118] <-> mask[1118]
1119,1119,1119,results/B_mask_20_30_reliability_inference/line_debug/0279_soft.png,/root/autodl-tmp/Inpainting/BundleFusion/B_imgs_gt/office0/02238.jpg,/root/autodl-tmp/Inpainting/masks/irregular_mask/mask_rates_20_30/0008226.png,0279_soft.png,02238.jpg,0008226.png,0279_soft,02238,0008226,"[256, 256]","[256, 256]","[256, 256]",False,False,0.229095458984375,15014,6.255635662324738,5.808560681648105,0.021857379004359245,0.022620493546128273,6.397880020988476,0.02132691815495491,0.8353208303451538,0.2273406982421875,6.0843218805598385,0.02189440093934536,False,0,0,1119,pred[1119] <-> gt[1119] <-> mask[1119]
1120,1120,1120,results/B_mask_20_30_reliability_inference/frames/0280.png,/root/autodl-tmp/Inpainting/BundleFusion/B_imgs_gt/office0/02240.jpg,/root/autodl-tmp/Inpainting/masks/irregular_mask/mask_rates_20_30/0008228.png,0280.png,02240.jpg,0008228.png,0280,02240,0008228,"[256, 256]","[256, 256]","[256, 256]",False,False,0.2076873779296875,13611,6.704192269526606,5.480842570640851,0.18402798473834991,0.18980741500854492,7.091343313989861,0.18959955871105194,0.8079081773757935,0.2314605712890625,5.610746033696545,0.1920301914215088,False,0,0,1120,pred[1120] <-> gt[1120] <-> mask[1120]
1121,1121,1121,results/B_mask_20_30_reliability_inference/line_debug/0280_center.png,/root/autodl-tmp/Inpainting/BundleFusion/B_imgs_gt/office0/02242.jpg,/root/autodl-tmp/Inpainting/masks/irregular_mask/mask_rates_20_30/0008234.png,0280_center.png,02242.jpg,0008234.png,0280_center,02242,0008234,"[256, 256]","[256, 256]","[256, 256]",False,False,0.2130889892578125,13965,8.14444568086703,7.920003962100769,0.02490578033030033,0.025031985715031624,8.20727284711155,0.02210916392505169,0.8183938264846802,0.3073272705078125,10.207681671209896,0.02490578033030033,False,0,0,1121,pred[1121] <-> gt[1121] <-> mask[1121]
1122,1122,1122,results/B_mask_20_30_reliability_inference/line_debug/0280_reliability.png,/root/autodl-tmp/Inpainting/BundleFusion/B_imgs_gt/office0/02244.jpg,/root/autodl-tmp/Inpainting/masks/irregular_mask/mask_rates_20_30/0008237.png,0280_reliability.png,02244.jpg,0008237.png,0280_reliability,02244,0008237,"[256, 256]","[256, 256]","[256, 256]",False,False,0.2015533447265625,13209,10.300680554573233,15.54271007779639,0.05688170716166496,0.03912825882434845,9.593163770179974,0.05868575721979141,0.7996994256973267,0.1990966796875,10.531432046500644,0.04557652398943901,True,0,0,1122,pred[1122] <-> gt[1122] <-> mask[1122]
1123,1123,1123,results/B_mask_20_30_reliability_inference/line_debug/0280_soft.png,/root/autodl-tmp/Inpainting/BundleFusion/B_imgs_gt/office0/02246.jpg,/root/autodl-tmp/Inpainting/masks/irregular_mask/mask_rates_20_30/0008238.png,0280_soft.png,02246.jpg,0008238.png,0280_soft,02246,0008238,"[256, 256]","[256, 256]","[256, 256]",False,False,0.2616729736328125,17149,11.320114983523935,10.77390140929438,0.06454286724328995,0.06422310322523117,11.531460525813038,0.07601996511220932,0.7843835353851318,0.366790771484375,10.41423497024998,0.06454286724328995,False,0,0,1123,pred[1123] <-> gt[1123] <-> mask[1123]
1124,1124,1124,results/B_mask_20_30_reliability_inference/frames/0281.png,/root/autodl-tmp/Inpainting/BundleFusion/B_imgs_gt/office0/02248.jpg,/root/autodl-tmp/Inpainting/masks/irregular_mask/mask_rates_20_30/0008242.png,0281.png,02248.jpg,0008242.png,0281,02248,0008242,"[256, 256]","[256, 256]","[256, 256]",False,False,0.2358551025390625,15457,5.667514541986365,5.074786163669147,0.1828175038099289,0.21750415861606598,5.8680948484691875,0.17384102940559387,0.8084654211997986,0.2404022216796875,5.249520875722241,0.18759579956531525,False,0,0,1124,pred[1124] <-> gt[1124] <-> mask[1124]
1125,1125,1125,results/B_mask_20_30_reliability_inference/line_debug/0281_center.png,/root/autodl-tmp/Inpainting/BundleFusion/B_imgs_gt/office0/02250.jpg,/root/autodl-tmp/Inpainting/masks/irregular_mask/mask_rates_20_30/0008248.png,0281_center.png,02250.jpg,0008248.png,0281_center,02250,0008248,"[256, 256]","[256, 256]","[256, 256]",False,False,0.2971649169921875,19475,12.191815545802223,11.788932223459396,0.0357014425098896,0.0357014425098896,12.374080640560692,0.014498982578516006,0.7463067770004272,0.2621612548828125,12.260298559691613,0.0357014425098896,False,0,0,1125,pred[1125] <-> gt[1125] <-> mask[1125]
1126,1126,1126,results/B_mask_20_30_reliability_inference/line_debug/0281_reliability.png,/root/autodl-tmp/Inpainting/BundleFusion/B_imgs_gt/office0/02252.jpg,/root/autodl-tmp/Inpainting/masks/irregular_mask/mask_rates_20_30/0008249.png,0281_reliability.png,02252.jpg,0008249.png,0281_reliability,02252,0008249,"[256, 256]","[256, 256]","[256, 256]",False,False,0.2467193603515625,16169,12.982939633595894,12.906541556292503,0.059293702244758606,0.05253896117210388,13.008256998888097,0.06138348579406738,0.7394691705703735,0.392547607421875,12.564879650687368,0.05607841536402702,False,0,0,1126,pred[1126] <-> gt[1126] <-> mask[1126]
1127,1127,1127,results/B_mask_20_30_reliability_inference/line_debug/0281_soft.png,/root/autodl-tmp/Inpainting/BundleFusion/B_imgs_gt/office0/02254.jpg,/root/autodl-tmp/Inpainting/masks/irregular_mask/mask_rates_20_30/0008271.png,0281_soft.png,02254.jpg,0008271.png,0281_soft,02254,0008271,"[256, 256]","[256, 256]","[256, 256]",False,False,0.2684478759765625,17593,14.126120421621396,15.845361756908671,0.059828709810972214,0.05790530517697334,13.63409410549323,0.0769374817609787,0.7464625835418701,0.198974609375,16.75697350252046,0.05529085174202919,True,0,0,1127,pred[1127] <-> gt[1127] <-> mask[1127]
1128,1128,1128,results/B_mask_20_30_reliability_inference/frames/0282.png,/root/autodl-tmp/Inpainting/BundleFusion/B_imgs_gt/office0/02256.jpg,/root/autodl-tmp/Inpainting/masks/irregular_mask/mask_rates_20_30/0008273.png,0282.png,02256.jpg,0008273.png,0282,02256,0008273,"[256, 256]","[256, 256]","[256, 256]",False,False,0.2213592529296875,14507,6.033445605866431,5.704316170479143,0.2197890728712082,0.16058050096035004,6.131754393978398,0.23816357553005219,0.8195365071296692,0.31292724609375,5.566872434390415,0.20243000984191895,False,0,0,1128,pred[1128] <-> gt[1128] <-> mask[1128]
1129,1129,1129,results/B_mask_20_30_reliability_inference/line_debug/0282_center.png,/root/autodl-tmp/Inpainting/BundleFusion/B_imgs_gt/office0/02258.jpg,/root/autodl-tmp/Inpainting/masks/irregular_mask/mask_rates_20_30/0008287.png,0282_center.png,02258.jpg,0008287.png,0282_center,02258,0008287,"[256, 256]","[256, 256]","[256, 256]",False,False,0.2411041259765625,15801,11.804647460520897,15.441085593983246,0.037500061094760895,0.020637724548578262,11.085165860215906,0.04236675426363945,0.8321609497070312,0.1994781494140625,13.951509627348273,0.02262611873447895,True,0,0,1129,pred[1129] <-> gt[1129] <-> mask[1129]
1130,1130,1130,results/B_mask_20_30_reliability_inference/line_debug/0282_reliability.png,/root/autodl-tmp/Inpainting/BundleFusion/B_imgs_gt/office0/02260.jpg,/root/autodl-tmp/Inpainting/masks/irregular_mask/mask_rates_20_30/0008291.png,0282_reliability.png,02260.jpg,0008291.png,0282_reliability,02260,0008291,"[256, 256]","[256, 256]","[256, 256]",False,False,0.2087554931640625,13681,10.819284227861912,14.178052966390371,0.0649162009358406,0.07438984513282776,10.242291798551994,0.06464648991823196,0.8279200196266174,0.2704925537109375,9.714986289984877,0.06402724981307983,True,0,0,1130,pred[1130] <-> gt[1130] <-> mask[1130]
1131,1131,1131,results/B_mask_20_30_reliability_inference/line_debug/0282_soft.png,/root/autodl-tmp/Inpainting/BundleFusion/B_imgs_gt/office0/02262.jpg,/root/autodl-tmp/Inpainting/masks/irregular_mask/mask_rates_20_30/0008315.png,0282_soft.png,02262.jpg,0008315.png,0282_soft,02262,0008315,"[256, 256]","[256, 256]","[256, 256]",False,False,0.2382049560546875,15611,10.804657511982196,7.838860744982975,0.08038710802793503,0.1002676710486412,12.3930248846203,0.07149714976549149,0.8242537975311279,0.29107666015625,11.067941295135391,0.08923199027776718,False,0,0,1131,pred[1131] <-> gt[1131] <-> mask[1131]
1132,1132,1132,results/B_mask_20_30_reliability_inference/frames/0283.png,/root/autodl-tmp/Inpainting/BundleFusion/B_imgs_gt/office0/02264.jpg,/root/autodl-tmp/Inpainting/masks/irregular_mask/mask_rates_20_30/0008331.png,0283.png,02264.jpg,0008331.png,0283,02264,0008331,"[256, 256]","[256, 256]","[256, 256]",False,False,0.228759765625,14992,6.2504432556337575,5.594101187864039,0.17308618128299713,0.18142153322696686,6.465858326440859,0.1621711254119873,0.8743118047714233,0.2664031982421875,5.136927359001319,0.17952556908130646,False,0,0,1132,pred[1132] <-> gt[1132] <-> mask[1132]
1133,1133,1133,results/B_mask_20_30_reliability_inference/line_debug/0283_center.png,/root/autodl-tmp/Inpainting/BundleFusion/B_imgs_gt/office0/02266.jpg,/root/autodl-tmp/Inpainting/masks/irregular_mask/mask_rates_20_30/0008335.png,0283_center.png,02266.jpg,0008335.png,0283_center,02266,0008335,"[256, 256]","[256, 256]","[256, 256]",False,False,0.2203216552734375,14439,10.864669248374575,8.180315271501868,0.09429431706666946,0.1207059994339943,12.06635370399372,0.09671194106340408,0.7703642845153809,0.18475341796875,9.025013250263692,0.14759774506092072,False,0,0,1133,pred[1133] <-> gt[1133] <-> mask[1133]
1134,1134,1134,results/B_mask_20_30_reliability_inference/line_debug/0283_reliability.png,/root/autodl-tmp/Inpainting/BundleFusion/B_imgs_gt/office0/02268.jpg,/root/autodl-tmp/Inpainting/masks/irregular_mask/mask_rates_20_30/0008346.png,0283_reliability.png,02268.jpg,0008346.png,0283_reliability,02268,0008346,"[256, 256]","[256, 256]","[256, 256]",False,False,0.2158660888671875,14147,12.56755627887866,15.733180578053233,0.11734426021575928,0.10362166166305542,11.989062338406297,0.10846124589443207,0.7545416355133057,0.250335693359375,12.50891585758021,0.10815802216529846,True,0,0,1134,pred[1134] <-> gt[1134] <-> mask[1134]
1135,1135,1135,results/B_mask_20_30_reliability_inference/line_debug/0283_soft.png,/root/autodl-tmp/Inpainting/BundleFusion/B_imgs_gt/office0/02270.jpg,/root/autodl-tmp/Inpainting/masks/irregular_mask/mask_rates_20_30/0008364.png,0283_soft.png,02270.jpg,0008364.png,0283_soft,02270,0008364,"[256, 256]","[256, 256]","[256, 256]",False,False,0.2171173095703125,14229,12.862139499844536,10.246287776480617,0.11060712486505508,0.08389278501272202,13.992573044808292,0.11523962765932083,0.7574280500411987,0.181793212890625,11.693545152162946,0.09727996587753296,False,0,0,1135,pred[1135] <-> gt[1135] <-> mask[1135]
1136,1136,1136,results/B_mask_20_30_reliability_inference/frames/0284.png,/root/autodl-tmp/Inpainting/BundleFusion/B_imgs_gt/office0/02272.jpg,/root/autodl-tmp/Inpainting/masks/irregular_mask/mask_rates_20_30/0008367.png,0284.png,02272.jpg,0008367.png,0284,02272,0008367,"[256, 256]","[256, 256]","[256, 256]",False,False,0.201751708984375,13222,6.50111936905733,5.630249305640257,0.1798960417509079,0.14050953090190887,6.7519521093264405,0.20540013909339905,0.8364273309707642,0.255828857421875,6.43429400447224,0.155680313706398,False,0,0,1136,pred[1136] <-> gt[1136] <-> mask[1136]
1137,1137,1137,results/B_mask_20_30_reliability_inference/line_debug/0284_center.png,/root/autodl-tmp/Inpainting/BundleFusion/B_imgs_gt/office0/02274.jpg,/root/autodl-tmp/Inpainting/masks/irregular_mask/mask_rates_20_30/0008375.png,0284_center.png,02274.jpg,0008375.png,0284_center,02274,0008375,"[256, 256]","[256, 256]","[256, 256]",False,False,0.2018890380859375,13231,12.059170056791391,9.167828078390068,0.06761106848716736,0.06316132098436356,13.246973691345714,0.0731332004070282,0.7808660268783569,0.154693603515625,19.86058520709608,0.10337996482849121,False,0,0,1137,pred[1137] <-> gt[1137] <-> mask[1137]
1138,1138,1138,results/B_mask_20_30_reliability_inference/line_debug/0284_reliability.png,/root/autodl-tmp/Inpainting/BundleFusion/B_imgs_gt/office0/02276.jpg,/root/autodl-tmp/Inpainting/masks/irregular_mask/mask_rates_20_30/0008377.png,0284_reliability.png,02276.jpg,0008377.png,0284_reliability,02276,0008377,"[256, 256]","[256, 256]","[256, 256]",False,False,0.285247802734375,18694,13.848828010629868,14.66393352398324,0.08628948777914047,0.09614858031272888,13.5619227437086,0.08580527454614639,0.7593871355056763,0.371429443359375,12.888674289128206,0.08892238140106201,True,0,0,1138,pred[1138] <-> gt[1138] <-> mask[1138]
1139,1139,1139,results/B_mask_20_30_reliability_inference/line_debug/0284_soft.png,/root/autodl-tmp/Inpainting/BundleFusion/B_imgs_gt/office0/02278.jpg,/root/autodl-tmp/Inpainting/masks/irregular_mask/mask_rates_20_30/0008379.png,0284_soft.png,02278.jpg,0008379.png,0284_soft,02278,0008379,"[256, 256]","[256, 256]","[256, 256]",False,False,0.260955810546875,17102,14.633956950082522,12.789164865929997,0.08791717141866684,0.08874929696321487,15.532403369007392,0.10619363188743591,0.7426102161407471,0.3434295654296875,14.745820243515446,0.08791717141866684,False,0,0,1139,pred[1139] <-> gt[1139] <-> mask[1139]
1140,1140,1140,results/B_mask_20_30_reliability_inference/frames/0285.png,/root/autodl-tmp/Inpainting/BundleFusion/B_imgs_gt/office0/02280.jpg,/root/autodl-tmp/Inpainting/masks/irregular_mask/mask_rates_20_30/0008402.png,0285.png,02280.jpg,0008402.png,0285,02280,0008402,"[256, 256]","[256, 256]","[256, 256]",False,False,0.24102783203125,15796,6.905705241890926,5.830286429070021,0.1916811615228653,0.16600094735622406,7.311622056550594,0.20267578959465027,0.7945500016212463,0.2701416015625,6.1777050342940045,0.18081991374492645,False,0,0,1140,pred[1140] <-> gt[1140] <-> mask[1140]
1141,1141,1141,results/B_mask_20_30_reliability_inference/line_debug/0285_center.png,/root/autodl-tmp/Inpainting/BundleFusion/B_imgs_gt/office0/02282.jpg,/root/autodl-tmp/Inpainting/masks/irregular_mask/mask_rates_20_30/0008411.png,0285_center.png,02282.jpg,0008411.png,0285_center,02282,0008411,"[256, 256]","[256, 256]","[256, 256]",False,False,0.2796630859375,18328,13.793449488575437,12.283587972750096,0.05744440481066704,0.05754973366856575,14.557952419387068,0.07037164270877838,0.7385646104812622,0.363555908203125,13.63895714333816,0.05744440481066704,False,0,0,1141,pred[1141] <-> gt[1141] <-> mask[1141]
1142,1142,1142,results/B_mask_20_30_reliability_inference/line_debug/0285_reliability.png,/root/autodl-tmp/Inpainting/BundleFusion/B_imgs_gt/office0/02284.jpg,/root/autodl-tmp/Inpainting/masks/irregular_mask/mask_rates_20_30/0008417.png,0285_reliability.png,02284.jpg,0008417.png,0285_reliability,02284,0008417,"[256, 256]","[256, 256]","[256, 256]",False,False,0.233245849609375,15286,14.472613220666426,13.470999746667978,0.0904875174164772,0.09011125564575195,14.829579256942392,0.0750654861330986,0.692028284072876,0.3378753662109375,15.73212435374357,0.08920995146036148,False,0,0,1142,pred[1142] <-> gt[1142] <-> mask[1142]
1143,1143,1143,results/B_mask_20_30_reliability_inference/line_debug/0285_soft.png,/root/autodl-tmp/Inpainting/BundleFusion/B_imgs_gt/office0/02286.jpg,/root/autodl-tmp/Inpainting/masks/irregular_mask/mask_rates_20_30/0008431.png,0285_soft.png,02286.jpg,0008431.png,0285_soft,02286,0008431,"[256, 256]","[256, 256]","[256, 256]",False,False,0.229766845703125,15058,14.224214127521957,17.224243304252617,0.08944650739431381,0.12958627939224243,13.62176639309692,0.0806557685136795,0.6823546886444092,0.19287109375,17.070460751036165,0.12381404638290405,True,0,0,1143,pred[1143] <-> gt[1143] <-> mask[1143]
1144,1144,1144,results/B_mask_20_30_reliability_inference/frames/0286.png,/root/autodl-tmp/Inpainting/BundleFusion/B_imgs_gt/office0/02288.jpg,/root/autodl-tmp/Inpainting/masks/irregular_mask/mask_rates_20_30/0008432.png,0286.png,02288.jpg,0008432.png,0286,02288,0008432,"[256, 256]","[256, 256]","[256, 256]",False,False,0.236297607421875,15486,7.91292402732791,6.759195974512836,0.21170596778392792,0.20827293395996094,8.342357358019758,0.21543395519256592,0.7222590446472168,0.217620849609375,8.146663021685061,0.20076604187488556,False,0,0,1144,pred[1144] <-> gt[1144] <-> mask[1144]
1145,1145,1145,results/B_mask_20_30_reliability_inference/line_debug/0286_center.png,/root/autodl-tmp/Inpainting/BundleFusion/B_imgs_gt/office0/02290.jpg,/root/autodl-tmp/Inpainting/masks/irregular_mask/mask_rates_20_30/0008433.png,0286_center.png,02290.jpg,0008433.png,0286_center,02290,0008433,"[256, 256]","[256, 256]","[256, 256]",False,False,0.291778564453125,19122,11.108445356844232,10.245100305732999,0.037137314677238464,0.04175923392176628,11.520934176098255,0.03954926133155823,0.7380712032318115,0.35223388671875,11.246624745252847,0.03895944356918335,False,0,0,1145,pred[1145] <-> gt[1145] <-> mask[1145]
1146,1146,1146,results/B_mask_20_30_reliability_inference/line_debug/0286_reliability.png,/root/autodl-tmp/Inpainting/BundleFusion/B_imgs_gt/office0/02292.jpg,/root/autodl-tmp/Inpainting/masks/irregular_mask/mask_rates_20_30/0008443.png,0286_reliability.png,02292.jpg,0008443.png,0286_reliability,02292,0008443,"[256, 256]","[256, 256]","[256, 256]",False,False,0.213653564453125,14002,10.959544772357422,7.998812418909619,0.05194711685180664,0.036139510571956635,12.299847105740335,0.0557476207613945,0.7083598375320435,0.2153167724609375,9.820207601715097,0.03777731582522392,False,0,0,1146,pred[1146] <-> gt[1146] <-> mask[1146]
1147,1147,1147,results/B_mask_20_30_reliability_inference/line_debug/0286_soft.png,/root/autodl-tmp/Inpainting/BundleFusion/B_imgs_gt/office0/02294.jpg,/root/autodl-tmp/Inpainting/masks/irregular_mask/mask_rates_20_30/0008445.png,0286_soft.png,02294.jpg,0008445.png,0286_soft,02294,0008445,"[256, 256]","[256, 256]","[256, 256]",False,False,0.287994384765625,18874,9.955460322966992,8.377054782550719,0.05261196568608284,0.04575223848223686,10.802903215730865,0.056174591183662415,0.719080924987793,0.4160614013671875,9.447271536757107,0.05261196568608284,False,0,0,1147,pred[1147] <-> gt[1147] <-> mask[1147]
1148,1148,1148,results/B_mask_20_30_reliability_inference/frames/0287.png,/root/autodl-tmp/Inpainting/BundleFusion/B_imgs_gt/office0/02296.jpg,/root/autodl-tmp/Inpainting/masks/irregular_mask/mask_rates_20_30/0008449.png,0287.png,02296.jpg,0008449.png,0287,02296,0008449,"[256, 256]","[256, 256]","[256, 256]",False,False,0.23272705078125,15252,11.622482971824372,9.520105099229568,0.3917311429977417,0.33082816004753113,12.531605549595938,0.4437221586704254,0.6222413778305054,0.318695068359375,11.097681059452707,0.3688391149044037,False,0,0,1148,pred[1148] <-> gt[1148] <-> mask[1148]
1149,1149,1149,results/B_mask_20_30_reliability_inference/line_debug/0287_center.png,/root/autodl-tmp/Inpainting/BundleFusion/B_imgs_gt/office0/02298.jpg,/root/autodl-tmp/Inpainting/masks/irregular_mask/mask_rates_20_30/0008451.png,0287_center.png,02298.jpg,0008451.png,0287_center,02298,0008451,"[256, 256]","[256, 256]","[256, 256]",False,False,0.212188720703125,13906,8.359604910502908,7.889481306978739,0.011335097253322601,0.011335097253322601,8.495438339511939,0.013547923415899277,0.7480248808860779,0.2293243408203125,10.124220333640366,0.011335097253322601,False,0,0,1149,pred[1149] <-> gt[1149] <-> mask[1149]
1150,1150,1150,results/B_mask_20_30_reliability_inference/line_debug/0287_reliability.png,/root/autodl-tmp/Inpainting/BundleFusion/B_imgs_gt/office0/02300.jpg,/root/autodl-tmp/Inpainting/masks/irregular_mask/mask_rates_20_30/0008453.png,0287_reliability.png,02300.jpg,0008453.png,0287_reliability,02300,0008453,"[256, 256]","[256, 256]","[256, 256]",False,False,0.2813262939453125,18437,8.336165631484604,7.077701899599394,0.023224949836730957,0.022351929917931557,8.948846368898982,0.027441060170531273,0.7429479956626892,0.3450469970703125,8.266395893803109,0.023149413987994194,False,0,0,1150,pred[1150] <-> gt[1150] <-> mask[1150]
1151,1151,1151,results/B_mask_20_30_reliability_inference/line_debug/0287_soft.png,/root/autodl-tmp/Inpainting/BundleFusion/B_imgs_gt/office0/02302.jpg,/root/autodl-tmp/Inpainting/masks/irregular_mask/mask_rates_20_30/0008455.png,0287_soft.png,02302.jpg,0008455.png,0287_soft,02302,0008455,"[256, 256]","[256, 256]","[256, 256]",False,False,0.2356719970703125,15445,7.770789314489873,8.70782806307921,0.019866330549120903,0.02074715681374073,7.518386231730605,0.019767852500081062,0.7670124769210815,0.3744354248046875,8.195043732299165,0.019866330549120903,True,0,0,1151,pred[1151] <-> gt[1151] <-> mask[1151]
1152,1152,1152,results/B_mask_20_30_reliability_inference/frames/0288.png,/root/autodl-tmp/Inpainting/BundleFusion/B_imgs_gt/office0/02304.jpg,/root/autodl-tmp/Inpainting/masks/irregular_mask/mask_rates_20_30/0008464.png,0288.png,02304.jpg,0008464.png,0288,02304,0008464,"[256, 256]","[256, 256]","[256, 256]",False,False,0.220489501953125,14450,11.604809392414436,11.226744758786335,0.37939003109931946,0.4509311616420746,11.718003064520008,0.3453935980796814,0.6991907954216003,0.30230712890625,12.470331215233461,0.39325881004333496,False,0,0,1152,pred[1152] <-> gt[1152] <-> mask[1152]
1153,1153,1153,results/B_mask_20_30_reliability_inference/line_debug/0288_center.png,/root/autodl-tmp/Inpainting/BundleFusion/B_imgs_gt/office0/02306.jpg,/root/autodl-tmp/Inpainting/masks/irregular_mask/mask_rates_20_30/0008467.png,0288_center.png,02306.jpg,0008467.png,0288_center,02306,0008467,"[256, 256]","[256, 256]","[256, 256]",False,False,0.268035888671875,17566,6.501352131904832,6.26630952763106,0.0021793332416564226,0.0021266716066747904,6.59070653058764,0.002574462443590164,0.8081134557723999,0.274261474609375,6.439296180308455,0.0021793332416564226,False,0,0,1153,pred[1153] <-> gt[1153] <-> mask[1153]
1154,1154,1154,results/B_mask_20_30_reliability_inference/line_debug/0288_reliability.png,/root/autodl-tmp/Inpainting/BundleFusion/B_imgs_gt/office0/02308.jpg,/root/autodl-tmp/Inpainting/masks/irregular_mask/mask_rates_20_30/0008493.png,0288_reliability.png,02308.jpg,0008493.png,0288_reliability,02308,0008493,"[256, 256]","[256, 256]","[256, 256]",False,False,0.2489166259765625,16313,6.321070057557458,6.861704159410547,0.008990179747343063,0.00885049719363451,6.155786911745685,0.009823029860854149,0.7980507016181946,0.294342041015625,6.479262280742056,0.008695481345057487,True,0,0,1154,pred[1154] <-> gt[1154] <-> mask[1154]
1155,1155,1155,results/B_mask_20_30_reliability_inference/line_debug/0288_soft.png,/root/autodl-tmp/Inpainting/BundleFusion/B_imgs_gt/office0/02310.jpg,/root/autodl-tmp/Inpainting/masks/irregular_mask/mask_rates_20_30/0008494.png,0288_soft.png,02310.jpg,0008494.png,0288_soft,02310,0008494,"[256, 256]","[256, 256]","[256, 256]",False,False,0.225494384765625,14778,6.106053247177892,6.45501392488419,0.008156360127031803,0.004201916512101889,6.009509523174823,0.009483801200985909,0.8009560108184814,0.1703948974609375,6.790473093023209,0.0060783554799854755,True,0,0,1155,pred[1155] <-> gt[1155] <-> mask[1155]
1156,1156,1156,results/B_mask_20_30_reliability_inference/frames/0289.png,/root/autodl-tmp/Inpainting/BundleFusion/B_imgs_gt/office0/02312.jpg,/root/autodl-tmp/Inpainting/masks/irregular_mask/mask_rates_20_30/0008513.png,0289.png,02312.jpg,0008513.png,0289,02312,0008513,"[256, 256]","[256, 256]","[256, 256]",False,False,0.2977447509765625,19513,8.950947018508463,10.743069223615489,0.33723101019859314,0.4080151319503784,8.369147961150317,0.31535935401916504,0.7019539475440979,0.2589111328125,10.388618026804222,0.3515382707118988,True,0,0,1156,pred[1156] <-> gt[1156] <-> mask[1156]
1157,1157,1157,results/B_mask_20_30_reliability_inference/line_debug/0289_center.png,/root/autodl-tmp/Inpainting/BundleFusion/B_imgs_gt/office0/02314.jpg,/root/autodl-tmp/Inpainting/masks/irregular_mask/mask_rates_20_30/0008516.png,0289_center.png,02314.jpg,0008516.png,0289_center,02314,0008516,"[256, 256]","[256, 256]","[256, 256]",False,False,0.2757110595703125,18069,5.581380238871512,6.473214277381636,0.0012121991021558642,0.0011895237257704139,5.284838068308648,0.0012793730711564422,0.8443169593811035,0.3437042236328125,5.326466302386176,0.0012121991021558642,True,0,0,1157,pred[1157] <-> gt[1157] <-> mask[1157]
1158,1158,1158,results/B_mask_20_30_reliability_inference/line_debug/0289_reliability.png,/root/autodl-tmp/Inpainting/BundleFusion/B_imgs_gt/office0/02316.jpg,/root/autodl-tmp/Inpainting/masks/irregular_mask/mask_rates_20_30/0008520.png,0289_reliability.png,02316.jpg,0008520.png,0289_reliability,02316,0008520,"[256, 256]","[256, 256]","[256, 256]",False,False,0.2216033935546875,14523,5.5439797389298375,6.084879598342232,0.0066718473099172115,0.0064197927713394165,5.401554359790318,0.006560191046446562,0.8216903209686279,0.3023834228515625,5.607668044026162,0.0065157185308635235,True,0,0,1158,pred[1158] <-> gt[1158] <-> mask[1158]
1159,1159,1159,results/B_mask_20_30_reliability_inference/line_debug/0289_soft.png,/root/autodl-tmp/Inpainting/BundleFusion/B_imgs_gt/office0/02318.jpg,/root/autodl-tmp/Inpainting/masks/irregular_mask/mask_rates_20_30/0008522.png,0289_soft.png,02318.jpg,0008522.png,0289_soft,02318,0008522,"[256, 256]","[256, 256]","[256, 256]",False,False,0.2681121826171875,17571,5.502287022833476,7.778007922695118,0.007172211539000273,0.006959635764360428,4.897539384955322,0.007352607324719429,0.8206149339675903,0.1849517822265625,6.059533747813774,0.007646538317203522,True,0,0,1159,pred[1159] <-> gt[1159] <-> mask[1159]
1160,1160,1160,results/B_mask_20_30_reliability_inference/frames/0290.png,/root/autodl-tmp/Inpainting/BundleFusion/B_imgs_gt/office0/02320.jpg,/root/autodl-tmp/Inpainting/masks/irregular_mask/mask_rates_20_30/0008527.png,0290.png,02320.jpg,0008527.png,0290,02320,0008527,"[256, 256]","[256, 256]","[256, 256]",False,False,0.2764892578125,18120,8.517076783807775,10.583467370203014,0.3481784760951996,0.3673001229763031,7.930207688065671,0.3272915780544281,0.685417115688324,0.3616485595703125,10.354508564709526,0.3481784760951996,True,0,0,1160,pred[1160] <-> gt[1160] <-> mask[1160]
1161,1161,1161,results/B_mask_20_30_reliability_inference/line_debug/0290_center.png,/root/autodl-tmp/Inpainting/BundleFusion/B_imgs_gt/office0/02322.jpg,/root/autodl-tmp/Inpainting/masks/irregular_mask/mask_rates_20_30/0008532.png,0290_center.png,02322.jpg,0008532.png,0290_center,02322,0008532,"[256, 256]","[256, 256]","[256, 256]",False,False,0.2364349365234375,15495,5.3647498370480236,3.972745310729888,0.0011235428974032402,0.0010027195094153285,5.905134136864864,0.0014441641978919506,0.8187171816825867,0.3238983154296875,5.473579872668383,0.0011235428974032402,False,0,0,1161,pred[1161] <-> gt[1161] <-> mask[1161]
1162,1162,1162,results/B_mask_20_30_reliability_inference/line_debug/0290_reliability.png,/root/autodl-tmp/Inpainting/BundleFusion/B_imgs_gt/office0/02324.jpg,/root/autodl-tmp/Inpainting/masks/irregular_mask/mask_rates_20_30/0008536.png,0290_reliability.png,02324.jpg,0008536.png,0290_reliability,02324,0008536,"[256, 256]","[256, 256]","[256, 256]",False,False,0.2490234375,16320,5.520922014819649,7.449080698037616,0.006016870494931936,0.006922428030520678,5.033069616882589,0.005003544967621565,0.7978329658508301,0.2012481689453125,6.633770031444387,0.00640704482793808,True,0,0,1162,pred[1162] <-> gt[1162] <-> mask[1162]
1163,1163,1163,results/B_mask_20_30_reliability_inference/line_debug/0290_soft.png,/root/autodl-tmp/Inpainting/BundleFusion/B_imgs_gt/office0/02326.jpg,/root/autodl-tmp/Inpainting/masks/irregular_mask/mask_rates_20_30/0008540.png,0290_soft.png,02326.jpg,0008540.png,0290_soft,02326,0008540,"[256, 256]","[256, 256]","[256, 256]",False,False,0.235931396484375,15462,5.529530785252703,8.367333692885481,0.00627251947298646,0.0062086614780128,4.929598236828538,0.006940931547433138,0.7945684194564819,0.1714935302734375,6.9850446183065,0.007406105753034353,True,0,0,1163,pred[1163] <-> gt[1163] <-> mask[1163]
1164,1164,1164,results/B_mask_20_30_reliability_inference/frames/0291.png,/root/autodl-tmp/Inpainting/BundleFusion/B_imgs_gt/office0/02328.jpg,/root/autodl-tmp/Inpainting/masks/irregular_mask/mask_rates_20_30/0008550.png,0291.png,02328.jpg,0008550.png,0291,02328,0008550,"[256, 256]","[256, 256]","[256, 256]",False,False,0.2016754150390625,13217,8.28012648658399,9.503056749307072,0.33196327090263367,0.33196327090263367,8.018889303885086,0.3464524745941162,0.6907163858413696,0.2489013671875,9.576144318402676,0.33196327090263367,True,0,0,1164,pred[1164] <-> gt[1164] <-> mask[1164]
1165,1165,1165,results/B_mask_20_30_reliability_inference/line_debug/0291_center.png,/root/autodl-tmp/Inpainting/BundleFusion/B_imgs_gt/office0/02330.jpg,/root/autodl-tmp/Inpainting/masks/irregular_mask/mask_rates_20_30/0008552.png,0291_center.png,02330.jpg,0008552.png,0291_center,02330,0008552,"[256, 256]","[256, 256]","[256, 256]",False,False,0.23291015625,15264,5.346366938592285,6.280898171705662,0.0011446881107985973,0.0016058124601840973,5.098291018443214,0.0008839505608193576,0.8159443736076355,0.2390289306640625,4.642116176677625,0.0013515487080439925,True,0,0,1165,pred[1165] <-> gt[1165] <-> mask[1165]
1166,1166,1166,results/B_mask_20_30_reliability_inference/line_debug/0291_reliability.png,/root/autodl-tmp/Inpainting/BundleFusion/B_imgs_gt/office0/02332.jpg,/root/autodl-tmp/Inpainting/masks/irregular_mask/mask_rates_20_30/0008563.png,0291_reliability.png,02332.jpg,0008563.png,0291_reliability,02332,0008563,"[256, 256]","[256, 256]","[256, 256]",False,False,0.2806243896484375,18391,5.445885405294508,5.123580097519945,0.006790224462747574,0.006629279348999262,5.5783993581207225,0.006546560674905777,0.7945311665534973,0.3414764404296875,5.18271519446701,0.006922864820808172,False,0,0,1166,pred[1166] <-> gt[1166] <-> mask[1166]
1167,1167,1167,results/B_mask_20_30_reliability_inference/line_debug/0291_soft.png,/root/autodl-tmp/Inpainting/BundleFusion/B_imgs_gt/office0/02334.jpg,/root/autodl-tmp/Inpainting/masks/irregular_mask/mask_rates_20_30/0008567.png,0291_soft.png,02334.jpg,0008567.png,0291_soft,02334,0008567,"[256, 256]","[256, 256]","[256, 256]",False,False,0.2069091796875,13560,5.450007379818192,7.665189402504731,0.007473613601177931,0.007974541746079922,5.019385603814019,0.007386382203549147,0.7947102189064026,0.175872802734375,7.145562671827436,0.00910933781415224,True,0,0,1167,pred[1167] <-> gt[1167] <-> mask[1167]
1168,1168,1168,results/B_mask_20_30_reliability_inference/frames/0292.png,/root/autodl-tmp/Inpainting/BundleFusion/B_imgs_gt/office0/02336.jpg,/root/autodl-tmp/Inpainting/masks/irregular_mask/mask_rates_20_30/0008571.png,0292.png,02336.jpg,0008571.png,0292,02336,0008571,"[256, 256]","[256, 256]","[256, 256]",False,False,0.2286529541015625,14985,8.185652803364485,7.215521709024353,0.31026673316955566,0.3136350214481354,8.520463603309835,0.3041837513446808,0.7142616510391235,0.3424072265625,7.299600083989814,0.31026673316955566,False,0,0,1168,pred[1168] <-> gt[1168] <-> mask[1168]
1169,1169,1169,results/B_mask_20_30_reliability_inference/line_debug/0292_center.png,/root/autodl-tmp/Inpainting/BundleFusion/B_imgs_gt/office0/02338.jpg,/root/autodl-tmp/Inpainting/masks/irregular_mask/mask_rates_20_30/0008582.png,0292_center.png,02338.jpg,0008582.png,0292_center,02338,0008582,"[256, 256]","[256, 256]","[256, 256]",False,False,0.2686004638671875,17603,5.498622633990556,7.30994309942716,0.0009381978888995945,0.0012102584587410092,4.986174037721969,0.001131232944317162,0.8201456665992737,0.3323211669921875,6.175889182881386,0.0010616519721224904,True,0,0,1169,pred[1169] <-> gt[1169] <-> mask[1169]
1170,1170,1170,results/B_mask_20_30_reliability_inference/line_debug/0292_reliability.png,/root/autodl-tmp/Inpainting/BundleFusion/B_imgs_gt/office0/02340.jpg,/root/autodl-tmp/Inpainting/masks/irregular_mask/mask_rates_20_30/0008588.png,0292_reliability.png,02340.jpg,0008588.png,0292_reliability,02340,0008588,"[256, 256]","[256, 256]","[256, 256]",False,False,0.2263336181640625,14833,5.777673969287088,6.0789663934585665,0.007369879633188248,0.007864578627049923,5.693343583036282,0.007708522491157055,0.7947919964790344,0.3316802978515625,6.078480263735098,0.007835722528398037,True,0,0,1170,pred[1170] <-> gt[1170] <-> mask[1170]
1171,1171,1171,results/B_mask_20_30_reliability_inference/line_debug/0292_soft.png,/root/autodl-tmp/Inpainting/BundleFusion/B_imgs_gt/office0/02342.jpg,/root/autodl-tmp/Inpainting/masks/irregular_mask/mask_rates_20_30/0008599.png,0292_soft.png,02342.jpg,0008599.png,0292_soft,02342,0008599,"[256, 256]","[256, 256]","[256, 256]",False,False,0.2171630859375,14232,5.867274144000091,6.2473478210337055,0.007943117059767246,0.008698497898876667,5.7674770248323775,0.0077032349072396755,0.7991454005241394,0.4410400390625,6.035062903355309,0.00795911904424429,True,0,0,1171,pred[1171] <-> gt[1171] <-> mask[1171]
1172,1172,1172,results/B_mask_20_30_reliability_inference/frames/0293.png,/root/autodl-tmp/Inpainting/BundleFusion/B_imgs_gt/office0/02344.jpg,/root/autodl-tmp/Inpainting/masks/irregular_mask/mask_rates_20_30/0008605.png,0293.png,02344.jpg,0008605.png,0293,02344,0008605,"[256, 256]","[256, 256]","[256, 256]",False,False,0.219268798828125,14370,8.66237970346778,7.7195666818623865,0.31105947494506836,0.2795291244983673,8.968659436890059,0.3167121410369873,0.7377687692642212,0.26617431640625,7.345053426049361,0.30502092838287354,False,0,0,1172,pred[1172] <-> gt[1172] <-> mask[1172]
1173,1173,1173,results/B_mask_20_30_reliability_inference/line_debug/0293_center.png,/root/autodl-tmp/Inpainting/BundleFusion/B_imgs_gt/office0/02346.jpg,/root/autodl-tmp/Inpainting/masks/irregular_mask/mask_rates_20_30/0008609.png,0293_center.png,02346.jpg,0008609.png,0293_center,02346,0008609,"[256, 256]","[256, 256]","[256, 256]",False,False,0.2017364501953125,13221,5.88000808967244,5.983311736400325,0.0014852300519123673,0.0014594615204259753,5.854285343816256,0.0017447791760787368,0.8338811993598938,0.3255462646484375,5.675754713421181,0.0014852300519123673,True,0,0,1173,pred[1173] <-> gt[1173] <-> mask[1173]
1174,1174,1174,results/B_mask_20_30_reliability_inference/line_debug/0293_reliability.png,/root/autodl-tmp/Inpainting/BundleFusion/B_imgs_gt/office0/02348.jpg,/root/autodl-tmp/Inpainting/masks/irregular_mask/mask_rates_20_30/0008611.png,0293_reliability.png,02348.jpg,0008611.png,0293_reliability,02348,0008611,"[256, 256]","[256, 256]","[256, 256]",False,False,0.2083740234375,13656,6.1961030766415535,5.4486926771985855,0.007825297303497791,0.00681672990322113,6.416269303515817,0.008589761331677437,0.8226208686828613,0.305694580078125,5.822486980961243,0.007825297303497791,False,0,0,1174,pred[1174] <-> gt[1174] <-> mask[1174]
1175,1175,1175,results/B_mask_20_30_reliability_inference/line_debug/0293_soft.png,/root/autodl-tmp/Inpainting/BundleFusion/B_imgs_gt/office0/02350.jpg,/root/autodl-tmp/Inpainting/masks/irregular_mask/mask_rates_20_30/0008622.png,0293_soft.png,02350.jpg,0008622.png,0293_soft,02350,0008622,"[256, 256]","[256, 256]","[256, 256]",False,False,0.228485107421875,14974,6.33319715306912,5.589219994518607,0.008190546184778214,0.004978804383426905,6.5804301848933715,0.009852604940533638,0.8322571516036987,0.2559661865234375,5.404529167589027,0.0071218074299395084,False,0,0,1175,pred[1175] <-> gt[1175] <-> mask[1175]
1176,1176,1176,results/B_mask_20_30_reliability_inference/frames/0294.png,/root/autodl-tmp/Inpainting/BundleFusion/B_imgs_gt/office0/02352.jpg,/root/autodl-tmp/Inpainting/masks/irregular_mask/mask_rates_20_30/0008623.png,0294.png,02352.jpg,0008623.png,0294,02352,0008623,"[256, 256]","[256, 256]","[256, 256]",False,False,0.229339599609375,15030,9.69182016986197,8.106948456121936,0.3484305143356323,0.33761367201805115,10.301932052801192,0.36776724457740784,0.7688069939613342,0.3466339111328125,9.490937919772389,0.3408660888671875,False,0,0,1176,pred[1176] <-> gt[1176] <-> mask[1176]
1177,1177,1177,results/B_mask_20_30_reliability_inference/line_debug/0294_center.png,/root/autodl-tmp/Inpainting/BundleFusion/B_imgs_gt/office0/02354.jpg,/root/autodl-tmp/Inpainting/masks/irregular_mask/mask_rates_20_30/0008627.png,0294_center.png,02354.jpg,0008627.png,0294_center,02354,0008627,"[256, 256]","[256, 256]","[256, 256]",False,False,0.26666259765625,17476,6.601390600056786,5.468148330504966,0.0017403281526640058,0.0015277535421773791,7.0997635646162855,0.0019863916095346212,0.8608487248420715,0.35491943359375,6.284718879406298,0.0017480595270171762,False,0,0,1177,pred[1177] <-> gt[1177] <-> mask[1177]
1178,1178,1178,results/B_mask_20_30_reliability_inference/line_debug/0294_reliability.png,/root/autodl-tmp/Inpainting/BundleFusion/B_imgs_gt/office0/02356.jpg,/root/autodl-tmp/Inpainting/masks/irregular_mask/mask_rates_20_30/0008629.png,0294_reliability.png,02356.jpg,0008629.png,0294_reliability,02356,0008629,"[256, 256]","[256, 256]","[256, 256]",False,False,0.2511749267578125,16461,7.2450856614368675,6.494485786214705,0.011577238328754902,0.011331354267895222,7.529004197323506,0.012158325873315334,0.8652781248092651,0.4255523681640625,7.5874520115339745,0.011577238328754902,False,0,0,1178,pred[1178] <-> gt[1178] <-> mask[1178]
1179,1179,1179,results/B_mask_20_30_reliability_inference/line_debug/0294_soft.png,/root/autodl-tmp/Inpainting/BundleFusion/B_imgs_gt/office0/02358.jpg,/root/autodl-tmp/Inpainting/masks/irregular_mask/mask_rates_20_30/0008634.png,0294_soft.png,02358.jpg,0008634.png,0294_soft,02358,0008634,"[256, 256]","[256, 256]","[256, 256]",False,False,0.204437255859375,13398,7.851070012601759,8.154273221539883,0.014827609062194824,0.02070552483201027,7.776458233827615,0.014599832706153393,0.8502575755119324,0.30859375,8.785360749538015,0.01771463453769684,True,0,0,1179,pred[1179] <-> gt[1179] <-> mask[1179]
1180,1180,1180,results/B_mask_20_30_reliability_inference/frames/0295.png,/root/autodl-tmp/Inpainting/BundleFusion/B_imgs_gt/office0/02360.jpg,/root/autodl-tmp/Inpainting/masks/irregular_mask/mask_rates_20_30/0008638.png,0295.png,02360.jpg,0008638.png,0295,02360,0008638,"[256, 256]","[256, 256]","[256, 256]",False,False,0.2671051025390625,17505,11.866271466773163,10.964456583669682,0.41755199432373047,0.3863978683948517,12.247835518854542,0.44668301939964294,0.753404974937439,0.195159912109375,9.69370551634351,0.4204373359680176,False,0,0,1180,pred[1180] <-> gt[1180] <-> mask[1180]
1181,1181,1181,results/B_mask_20_30_reliability_inference/line_debug/0295_center.png,/root/autodl-tmp/Inpainting/BundleFusion/B_imgs_gt/office0/02362.jpg,/root/autodl-tmp/Inpainting/masks/irregular_mask/mask_rates_20_30/0008643.png,0295_center.png,02362.jpg,0008643.png,0295_center,02362,0008643,"[256, 256]","[256, 256]","[256, 256]",False,False,0.2572174072265625,16857,8.79306697059003,8.874655501705773,0.00890400167554617,0.005104281008243561,8.765168021497434,0.009969597682356834,0.821155309677124,0.293670654296875,7.946621431365999,0.0055985222570598125,True,0,0,1181,pred[1181] <-> gt[1181] <-> mask[1181]
1182,1182,1182,results/B_mask_20_30_reliability_inference/line_debug/0295_reliability.png,/root/autodl-tmp/Inpainting/BundleFusion/B_imgs_gt/office0/02364.jpg,/root/autodl-tmp/Inpainting/masks/irregular_mask/mask_rates_20_30/0008654.png,0295_reliability.png,02364.jpg,0008654.png,0295_reliability,02364,0008654,"[256, 256]","[256, 256]","[256, 256]",False,False,0.2469329833984375,16183,9.889697742176883,8.12014423413126,0.022420069202780724,0.02243911474943161,10.67247488041572,0.021623939275741577,0.8070284128189087,0.2603912353515625,9.926972445560843,0.022560037672519684,False,0,0,1182,pred[1182] <-> gt[1182] <-> mask[1182]
1183,1183,1183,results/B_mask_20_30_reliability_inference/line_debug/0295_soft.png,/root/autodl-tmp/Inpainting/BundleFusion/B_imgs_gt/office0/02366.jpg,/root/autodl-tmp/Inpainting/masks/irregular_mask/mask_rates_20_30/0008657.png,0295_soft.png,02366.jpg,0008657.png,0295_soft,02366,0008657,"[256, 256]","[256, 256]","[256, 256]",False,False,0.2952117919921875,19347,11.051675295141514,12.48287835236203,0.02766207791864872,0.030127689242362976,10.568824579626181,0.022696416825056076,0.8089945316314697,0.33160400390625,11.552712212487712,0.02766207791864872,True,0,0,1183,pred[1183] <-> gt[1183] <-> mask[1183]
1184,1184,1184,results/B_mask_20_30_reliability_inference/frames/0296.png,/root/autodl-tmp/Inpainting/BundleFusion/B_imgs_gt/office0/02368.jpg,/root/autodl-tmp/Inpainting/masks/irregular_mask/mask_rates_20_30/0008659.png,0296.png,02368.jpg,0008659.png,0296,02368,0008659,"[256, 256]","[256, 256]","[256, 256]",False,False,0.2064208984375,13528,11.703655821566413,12.973324322462915,0.3540508449077606,0.39696088433265686,11.426338628201027,0.3374347388744354,0.7906658053398132,0.237213134765625,12.473628812929933,0.3759511411190033,True,0,0,1184,pred[1184] <-> gt[1184] <-> mask[1184]
1185,1185,1185,results/B_mask_20_30_reliability_inference/line_debug/0296_center.png,/root/autodl-tmp/Inpainting/BundleFusion/B_imgs_gt/office0/02370.jpg,/root/autodl-tmp/Inpainting/masks/irregular_mask/mask_rates_20_30/0008660.png,0296_center.png,02370.jpg,0008660.png,0296_center,02370,0008660,"[256, 256]","[256, 256]","[256, 256]",False,False,0.2260589599609375,14815,11.498748972587862,9.801971465263199,0.018848709762096405,0.02072388492524624,12.15185373567768,0.018096720799803734,0.8190493583679199,0.2968597412109375,11.490511484411446,0.01951000466942787,False,0,0,1185,pred[1185] <-> gt[1185] <-> mask[1185]
1186,1186,1186,results/B_mask_20_30_reliability_inference/line_debug/0296_reliability.png,/root/autodl-tmp/Inpainting/BundleFusion/B_imgs_gt/office0/02372.jpg,/root/autodl-tmp/Inpainting/masks/irregular_mask/mask_rates_20_30/0008663.png,0296_reliability.png,02372.jpg,0008663.png,0296_reliability,02372,0008663,"[256, 256]","[256, 256]","[256, 256]",False,False,0.2475738525390625,16225,12.309966244866985,11.590377811893777,0.0378149151802063,0.031920671463012695,12.575431356889235,0.04215564578771591,0.8081731200218201,0.2531585693359375,12.01438106977676,0.03729405626654625,False,0,0,1186,pred[1186] <-> gt[1186] <-> mask[1186]
1187,1187,1187,results/B_mask_20_30_reliability_inference/line_debug/0296_soft.png,/root/autodl-tmp/Inpainting/BundleFusion/B_imgs_gt/office0/02374.jpg,/root/autodl-tmp/Inpainting/masks/irregular_mask/mask_rates_20_30/0008676.png,0296_soft.png,02374.jpg,0008676.png,0296_soft,02374,0008676,"[256, 256]","[256, 256]","[256, 256]",False,False,0.2987060546875,19576,12.747466145081694,14.767734639509026,0.036586061120033264,0.03579166904091835,12.108732146436381,0.0313589982688427,0.7911317348480225,0.375335693359375,14.55890260903282,0.036586061120033264,True,0,0,1187,pred[1187] <-> gt[1187] <-> mask[1187]
1188,1188,1188,results/B_mask_20_30_reliability_inference/frames/0297.png,/root/autodl-tmp/Inpainting/BundleFusion/B_imgs_gt/office0/02376.jpg,/root/autodl-tmp/Inpainting/masks/irregular_mask/mask_rates_20_30/0008691.png,0297.png,02376.jpg,0008691.png,0297,02376,0008691,"[256, 256]","[256, 256]","[256, 256]",False,False,0.2035064697265625,13337,12.089247575633577,13.641426066209554,0.35113564133644104,0.39109572768211365,11.76797380740755,0.3495430648326874,0.7659726142883301,0.221771240234375,15.937897770339372,0.38400471210479736,True,0,0,1188,pred[1188] <-> gt[1188] <-> mask[1188]
1189,1189,1189,results/B_mask_20_30_reliability_inference/line_debug/0297_center.png,/root/autodl-tmp/Inpainting/BundleFusion/B_imgs_gt/office0/02378.jpg,/root/autodl-tmp/Inpainting/masks/irregular_mask/mask_rates_20_30/0008695.png,0297_center.png,02378.jpg,0008695.png,0297_center,02378,0008695,"[256, 256]","[256, 256]","[256, 256]",False,False,0.207366943359375,13590,13.432927537233233,13.420513403848524,0.022299787029623985,0.01748058572411537,13.436181077643006,0.022325610741972923,0.7807428240776062,0.27069091796875,13.888375797985503,0.017955195158720016,False,0,0,1189,pred[1189] <-> gt[1189] <-> mask[1189]
1190,1190,1190,results/B_mask_20_30_reliability_inference/line_debug/0297_reliability.png,/root/autodl-tmp/Inpainting/BundleFusion/B_imgs_gt/office0/02380.jpg,/root/autodl-tmp/Inpainting/masks/irregular_mask/mask_rates_20_30/0008712.png,0297_reliability.png,02380.jpg,0008712.png,0297_reliability,02380,0008712,"[256, 256]","[256, 256]","[256, 256]",False,False,0.289642333984375,18982,14.489575977231631,14.739320573247117,0.03876659274101257,0.03359590470790863,14.391728790022649,0.04404221102595329,0.7259745001792908,0.3077850341796875,15.070531628670267,0.03747599944472313,True,0,0,1190,pred[1190] <-> gt[1190] <-> mask[1190]
1191,1191,1191,results/B_mask_20_30_reliability_inference/line_debug/0297_soft.png,/root/autodl-tmp/Inpainting/BundleFusion/B_imgs_gt/office0/02382.jpg,/root/autodl-tmp/Inpainting/masks/irregular_mask/mask_rates_20_30/0008720.png,0297_soft.png,02382.jpg,0008720.png,0297_soft,02382,0008720,"[256, 256]","[256, 256]","[256, 256]",False,False,0.2022857666015625,13257,14.97667341719419,16.366875723289297,0.035021644085645676,0.02911495231091976,14.685015025674922,0.03644697740674019,0.6977318525314331,0.24945068359375,15.65829763585924,0.030817070975899696,True,0,0,1191,pred[1191] <-> gt[1191] <-> mask[1191]
1192,1192,1192,results/B_mask_20_30_reliability_inference/frames/0298.png,/root/autodl-tmp/Inpainting/BundleFusion/B_imgs_gt/office0/02384.jpg,/root/autodl-tmp/Inpainting/masks/irregular_mask/mask_rates_20_30/0008729.png,0298.png,02384.jpg,0008729.png,0298,02384,0008729,"[256, 256]","[256, 256]","[256, 256]",False,False,0.21173095703125,13876,12.574078740381244,11.186795569473142,0.400983601808548,0.3969438374042511,13.036907555592228,0.4107496738433838,0.7357652187347412,0.2114105224609375,11.077016671093205,0.4069608449935913,False,0,0,1192,pred[1192] <-> gt[1192] <-> mask[1192]
1193,1193,1193,results/B_mask_20_30_reliability_inference/line_debug/0298_center.png,/root/autodl-tmp/Inpainting/BundleFusion/B_imgs_gt/office0/02386.jpg,/root/autodl-tmp/Inpainting/masks/irregular_mask/mask_rates_20_30/0008738.png,0298_center.png,02386.jpg,0008738.png,0298_center,02386,0008738,"[256, 256]","[256, 256]","[256, 256]",False,False,0.2637786865234375,17287,13.383721186851156,13.430200121427989,0.017643531784415245,0.022011160850524902,13.36718854770524,0.017332157120108604,0.6938897967338562,0.313323974609375,14.12819877280306,0.021162917837500572,True,0,0,1193,pred[1193] <-> gt[1193] <-> mask[1193]
1194,1194,1194,results/B_mask_20_30_reliability_inference/line_debug/0298_reliability.png,/root/autodl-tmp/Inpainting/BundleFusion/B_imgs_gt/office0/02388.jpg,/root/autodl-tmp/Inpainting/masks/irregular_mask/mask_rates_20_30/0008740.png,0298_reliability.png,02388.jpg,0008740.png,0298_reliability,02388,0008740,"[256, 256]","[256, 256]","[256, 256]",False,False,0.220611572265625,14458,13.412642399256994,12.729659225724587,0.033199381083250046,0.028680408373475075,13.62721047366656,0.037127163261175156,0.6802390217781067,0.24896240234375,13.052057332008506,0.029199348762631416,False,0,0,1194,pred[1194] <-> gt[1194] <-> mask[1194]
1195,1195,1195,results/B_mask_20_30_reliability_inference/line_debug/0298_soft.png,/root/autodl-tmp/Inpainting/BundleFusion/B_imgs_gt/office0/02390.jpg,/root/autodl-tmp/Inpainting/masks/irregular_mask/mask_rates_20_30/0008754.png,0298_soft.png,02390.jpg,0008754.png,0298_soft,02390,0008754,"[256, 256]","[256, 256]","[256, 256]",False,False,0.2962493896484375,19415,13.058367484891981,13.393992515352215,0.03429589048027992,0.027618756517767906,12.924489614140377,0.034486107528209686,0.6984939575195312,0.3016815185546875,13.806894763873414,0.03340960294008255,True,0,0,1195,pred[1195] <-> gt[1195] <-> mask[1195]
1196,1196,1196,results/B_mask_20_30_reliability_inference/frames/0299.png,/root/autodl-tmp/Inpainting/BundleFusion/B_imgs_gt/office0/02392.jpg,/root/autodl-tmp/Inpainting/masks/irregular_mask/mask_rates_20_30/0008755.png,0299.png,02392.jpg,0008755.png,0299,02392,0008755,"[256, 256]","[256, 256]","[256, 256]",False,False,0.2055816650390625,13473,13.567539402751429,17.112948565654417,0.3580660820007324,0.38016477227211,12.981795147990487,0.34557944536209106,0.7150402069091797,0.3375701904296875,14.453487263278218,0.3634053170681,True,0,0,1196,pred[1196] <-> gt[1196] <-> mask[1196]
1197,1197,1197,results/B_mask_20_30_reliability_inference/line_debug/0299_center.png,/root/autodl-tmp/Inpainting/BundleFusion/B_imgs_gt/office0/02394.jpg,/root/autodl-tmp/Inpainting/masks/irregular_mask/mask_rates_20_30/0008768.png,0299_center.png,02394.jpg,0008768.png,0299_center,02394,0008768,"[256, 256]","[256, 256]","[256, 256]",False,False,0.2089385986328125,13693,12.863857536096857,14.29326865351372,0.017572002485394478,0.019101744517683983,12.55351341503393,0.016540316864848137,0.7283478379249573,0.3111419677734375,12.819071277536372,0.017893534153699875,True,0,0,1197,pred[1197] <-> gt[1197] <-> mask[1197]
1198,1198,1198,results/B_mask_20_30_reliability_inference/line_debug/0299_reliability.png,/root/autodl-tmp/Inpainting/BundleFusion/B_imgs_gt/office0/02396.jpg,/root/autodl-tmp/Inpainting/masks/irregular_mask/mask_rates_20_30/0008773.png,0299_reliability.png,02396.jpg,0008773.png,0299_reliability,02396,0008773,"[256, 256]","[256, 256]","[256, 256]",False,False,0.2137603759765625,14009,14.133992705630048,13.440629779314824,0.031071528792381287,0.031177019700407982,14.343350122343008,0.03439280763268471,0.7102266550064087,0.4098968505859375,14.68969870244921,0.031071528792381287,False,0,0,1198,pred[1198] <-> gt[1198] <-> mask[1198]
1199,1199,1199,results/B_mask_20_30_reliability_inference/line_debug/0299_soft.png,/root/autodl-tmp/Inpainting/BundleFusion/B_imgs_gt/office0/02398.jpg,/root/autodl-tmp/Inpainting/masks/irregular_mask/mask_rates_20_30/0008792.png,0299_soft.png,02398.jpg,0008792.png,0299_soft,02398,0008792,"[256, 256]","[256, 256]","[256, 256]",False,False,0.23065185546875,15116,13.247030549911056,15.886691782222806,0.030139513313770294,0.04516826942563057,12.69115988661419,0.021636007353663445,0.7223010659217834,0.3231201171875,15.64145833165261,0.03823775053024292,True,0,0,1199,pred[1199] <-> gt[1199] <-> mask[1199]
1200,1200,1200,results/B_mask_20_30_reliability_inference/frames/0300.png,/root/autodl-tmp/Inpainting/BundleFusion/B_imgs_gt/office0/02400.jpg,/root/autodl-tmp/Inpainting/masks/irregular_mask/mask_rates_20_30/0008800.png,0300.png,02400.jpg,0008800.png,0300,02400,0008800,"[256, 256]","[256, 256]","[256, 256]",False,False,0.2194366455078125,14381,13.43404296497441,19.313069251028786,0.3376135528087616,0.3376135528087616,12.611520153613556,0.31706857681274414,0.7583256363868713,0.2976531982421875,15.76442939516177,0.3376135528087616,True,0,0,1200,pred[1200] <-> gt[1200] <-> mask[1200]
1201,1201,1201,results/B_mask_20_30_reliability_inference/line_debug/0300_center.png,/root/autodl-tmp/Inpainting/BundleFusion/B_imgs_gt/office0/02402.jpg,/root/autodl-tmp/Inpainting/masks/irregular_mask/mask_rates_20_30/0008801.png,0300_center.png,02402.jpg,0008801.png,0300_center,02402,0008801,"[256, 256]","[256, 256]","[256, 256]",False,False,0.2140350341796875,14027,12.461229600497251,15.177101135497837,0.015434528701007366,0.009176093153655529,11.943494735760137,0.017964988946914673,0.6951870918273926,0.2807159423828125,13.421264199149155,0.009543306194245815,True,0,0,1201,pred[1201] <-> gt[1201] <-> mask[1201]
1202,1202,1202,results/B_mask_20_30_reliability_inference/line_debug/0300_reliability.png,/root/autodl-tmp/Inpainting/BundleFusion/B_imgs_gt/office0/02404.jpg,/root/autodl-tmp/Inpainting/masks/irregular_mask/mask_rates_20_30/0008803.png,0300_reliability.png,02404.jpg,0008803.png,0300_reliability,02404,0008803,"[256, 256]","[256, 256]","[256, 256]",False,False,0.2511444091796875,16459,12.575784982236897,14.886738592711819,0.028183266520500183,0.022970957681536674,12.012884553555612,0.029577936977148056,0.7046352624893188,0.2809906005859375,14.230927069799762,0.02575337328016758,True,0,0,1202,pred[1202] <-> gt[1202] <-> mask[1202]
1203,1203,1203,results/B_mask_20_30_reliability_inference/line_debug/0300_soft.png,/root/autodl-tmp/Inpainting/BundleFusion/B_imgs_gt/office0/02406.jpg,/root/autodl-tmp/Inpainting/masks/irregular_mask/mask_rates_20_30/0008804.png,0300_soft.png,02406.jpg,0008804.png,0300_soft,02406,0008804,"[256, 256]","[256, 256]","[256, 256]",False,False,0.2357635498046875,15451,12.076791837637513,14.111329033376807,0.025053629651665688,0.02934788353741169,11.602525470146201,0.021290894597768784,0.7120689153671265,0.2693023681640625,13.863448933096743,0.02910001575946808,True,0,0,1203,pred[1203] <-> gt[1203] <-> mask[1203]
1204,1204,1204,results/B_mask_20_30_reliability_inference/frames/0301.png,/root/autodl-tmp/Inpainting/BundleFusion/B_imgs_gt/office0/02408.jpg,/root/autodl-tmp/Inpainting/masks/irregular_mask/mask_rates_20_30/0008805.png,0301.png,02408.jpg,0008805.png,0301,02408,0008805,"[256, 256]","[256, 256]","[256, 256]",False,False,0.2601776123046875,17051,14.186220420796797,15.290692080248132,0.31108126044273376,0.30204394459724426,13.856129014275002,0.31555432081222534,0.7157725691795349,0.2829132080078125,12.118261217593876,0.31108126044273376,True,0,0,1204,pred[1204] <-> gt[1204] <-> mask[1204]
1205,1205,1205,results/B_mask_20_30_reliability_inference/line_debug/0301_center.png,/root/autodl-tmp/Inpainting/BundleFusion/B_imgs_gt/office0/02410.jpg,/root/autodl-tmp/Inpainting/masks/irregular_mask/mask_rates_20_30/0008812.png,0301_center.png,02410.jpg,0008812.png,0301_center,02410,0008812,"[256, 256]","[256, 256]","[256, 256]",False,False,0.2701873779296875,17707,11.17592818664987,11.437633948767253,0.013185364194214344,0.012199717573821545,11.082905713980718,0.013844612054526806,0.7070308327674866,0.3472900390625,10.955153524557977,0.012843894772231579,True,0,0,1205,pred[1205] <-> gt[1205] <-> mask[1205]
1206,1206,1206,results/B_mask_20_30_reliability_inference/line_debug/0301_reliability.png,/root/autodl-tmp/Inpainting/BundleFusion/B_imgs_gt/office0/02412.jpg,/root/autodl-tmp/Inpainting/masks/irregular_mask/mask_rates_20_30/0008814.png,0301_reliability.png,02412.jpg,0008814.png,0301_reliability,02412,0008814,"[256, 256]","[256, 256]","[256, 256]",False,False,0.270904541015625,17754,11.33889881794044,14.482170675002447,0.021226754412055016,0.02951003611087799,10.578383668002553,0.016561176627874374,0.7079578042030334,0.2828369140625,13.249290334773507,0.026631155982613564,True,0,0,1206,pred[1206] <-> gt[1206] <-> mask[1206]
1207,1207,1207,results/B_mask_20_30_reliability_inference/line_debug/0301_soft.png,/root/autodl-tmp/Inpainting/BundleFusion/B_imgs_gt/office0/02414.jpg,/root/autodl-tmp/Inpainting/masks/irregular_mask/mask_rates_20_30/0008817.png,0301_soft.png,02414.jpg,0008817.png,0301_soft,02414,0008817,"[256, 256]","[256, 256]","[256, 256]",False,False,0.2150115966796875,14091,11.208173463392928,14.472717762380501,0.018668176606297493,0.02526996284723282,10.621107256360185,0.017891783267259598,0.7075507640838623,0.249267578125,13.294520534158247,0.02155490405857563,True,0,0,1207,pred[1207] <-> gt[1207] <-> mask[1207]
1208,1208,1208,results/B_mask_20_30_reliability_inference/frames/0302.png,/root/autodl-tmp/Inpainting/BundleFusion/B_imgs_gt/office0/02416.jpg,/root/autodl-tmp/Inpainting/masks/irregular_mask/mask_rates_20_30/0008824.png,0302.png,02416.jpg,0008824.png,0302,02416,0008824,"[256, 256]","[256, 256]","[256, 256]",False,False,0.2178192138671875,14275,13.780641349637206,17.213791414595633,0.2875901162624359,0.32162418961524963,13.16552738742353,0.26424989104270935,0.7131671905517578,0.2294158935546875,14.067722081849181,0.30894795060157776,True,0,0,1208,pred[1208] <-> gt[1208] <-> mask[1208]
1209,1209,1209,results/B_mask_20_30_reliability_inference/line_debug/0302_center.png,/root/autodl-tmp/Inpainting/BundleFusion/B_imgs_gt/office0/02418.jpg,/root/autodl-tmp/Inpainting/masks/irregular_mask/mask_rates_20_30/0008829.png,0302_center.png,02418.jpg,0008829.png,0302_center,02418,0008829,"[256, 256]","[256, 256]","[256, 256]",False,False,0.2169036865234375,14215,10.957556706289814,10.645627533156397,0.009430520236492157,0.010752704925835133,11.04807039389341,0.010771500878036022,0.756412148475647,0.297149658203125,9.850759026474687,0.009441398084163666,False,0,0,1209,pred[1209] <-> gt[1209] <-> mask[1209]
1210,1210,1210,results/B_mask_20_30_reliability_inference/line_debug/0302_reliability.png,/root/autodl-tmp/Inpainting/BundleFusion/B_imgs_gt/office0/02420.jpg,/root/autodl-tmp/Inpainting/masks/irregular_mask/mask_rates_20_30/0008833.png,0302_reliability.png,02420.jpg,0008833.png,0302_reliability,02420,0008833,"[256, 256]","[256, 256]","[256, 256]",False,False,0.2049407958984375,13431,10.843746144627708,9.946352640619896,0.017478128895163536,0.019769402220845222,11.108614481469775,0.017129486426711082,0.7390404343605042,0.3072967529296875,11.881230349645351,0.019737262278795242,False,0,0,1210,pred[1210] <-> gt[1210] <-> mask[1210]
1211,1211,1211,results/B_mask_20_30_reliability_inference/line_debug/0302_soft.png,/root/autodl-tmp/Inpainting/BundleFusion/B_imgs_gt/office0/02422.jpg,/root/autodl-tmp/Inpainting/masks/irregular_mask/mask_rates_20_30/0008838.png,0302_soft.png,02422.jpg,0008838.png,0302_soft,02422,0008838,"[256, 256]","[256, 256]","[256, 256]",False,False,0.2306976318359375,15119,10.70991175834722,10.593802536708917,0.01670929044485092,0.01851627416908741,10.745344374235222,0.013797127641737461,0.7437901496887207,0.2765045166015625,10.668301825276068,0.016894539818167686,False,0,0,1211,pred[1211] <-> gt[1211] <-> mask[1211]
1212,1212,1212,results/B_mask_20_30_reliability_inference/frames/0303.png,/root/autodl-tmp/Inpainting/BundleFusion/B_imgs_gt/office0/02424.jpg,/root/autodl-tmp/Inpainting/masks/irregular_mask/mask_rates_20_30/0008839.png,0303.png,02424.jpg,0008839.png,0303,02424,0008839,"[256, 256]","[256, 256]","[256, 256]",False,False,0.2071990966796875,13579,11.939820653184292,12.923445055331563,0.23269106447696686,0.24323397874832153,11.715668024937749,0.22258245944976807,0.7113734483718872,0.25787353515625,13.207950004777391,0.2557569742202759,True,0,0,1212,pred[1212] <-> gt[1212] <-> mask[1212]
1213,1213,1213,results/B_mask_20_30_reliability_inference/line_debug/0303_center.png,/root/autodl-tmp/Inpainting/BundleFusion/B_imgs_gt/office0/02426.jpg,/root/autodl-tmp/Inpainting/masks/irregular_mask/mask_rates_20_30/0008859.png,0303_center.png,02426.jpg,0008859.png,0303_center,02426,0008859,"[256, 256]","[256, 256]","[256, 256]",False,False,0.253021240234375,16582,9.691533232455905,9.429813445624282,0.008941453881561756,0.0039551048539578915,9.783885470157912,0.010914933867752552,0.7293763160705566,0.2829132080078125,10.267489106023689,0.006856672000139952,False,0,0,1213,pred[1213] <-> gt[1213] <-> mask[1213]
1214,1214,1214,results/B_mask_20_30_reliability_inference/line_debug/0303_reliability.png,/root/autodl-tmp/Inpainting/BundleFusion/B_imgs_gt/office0/02428.jpg,/root/autodl-tmp/Inpainting/masks/irregular_mask/mask_rates_20_30/0008860.png,0303_reliability.png,02428.jpg,0008860.png,0303_reliability,02428,0008860,"[256, 256]","[256, 256]","[256, 256]",False,False,0.2161102294921875,14163,9.09744588990456,9.143707044815635,0.015639692544937134,0.007418494205921888,9.084778342875701,0.0170003529638052,0.7498054504394531,0.2357025146484375,10.177124499389718,0.010795715264976025,True,0,0,1214,pred[1214] <-> gt[1214] <-> mask[1214]
1215,1215,1215,results/B_mask_20_30_reliability_inference/line_debug/0303_soft.png,/root/autodl-tmp/Inpainting/BundleFusion/B_imgs_gt/office0/02430.jpg,/root/autodl-tmp/Inpainting/masks/irregular_mask/mask_rates_20_30/0008867.png,0303_soft.png,02430.jpg,0008867.png,0303_soft,02430,0008867,"[256, 256]","[256, 256]","[256, 256]",False,False,0.231475830078125,15170,8.646041756778947,14.5044286205834,0.014757455326616764,0.026120787486433983,7.771667588433411,0.008249139413237572,0.7601651549339294,0.2108917236328125,12.076280456608613,0.021149620413780212,True,0,0,1215,pred[1215] <-> gt[1215] <-> mask[1215]
1216,1216,1216,results/B_mask_20_30_reliability_inference/frames/0304.png,/root/autodl-tmp/Inpainting/BundleFusion/B_imgs_gt/office0/02432.jpg,/root/autodl-tmp/Inpainting/masks/irregular_mask/mask_rates_20_30/0008870.png,0304.png,02432.jpg,0008870.png,0304,02432,0008870,"[256, 256]","[256, 256]","[256, 256]",False,False,0.263519287109375,17270,10.583574577239677,11.68923050582206,0.1985740065574646,0.20682673156261444,10.247639655800722,0.19149784743785858,0.7158451080322266,0.2621307373046875,10.437171025988672,0.19787944853305817,True,0,0,1216,pred[1216] <-> gt[1216] <-> mask[1216]
1217,1217,1217,results/B_mask_20_30_reliability_inference/line_debug/0304_center.png,/root/autodl-tmp/Inpainting/BundleFusion/B_imgs_gt/office0/02434.jpg,/root/autodl-tmp/Inpainting/masks/irregular_mask/mask_rates_20_30/0008874.png,0304_center.png,02434.jpg,0008874.png,0304_center,02434,0008874,"[256, 256]","[256, 256]","[256, 256]",False,False,0.2871246337890625,18817,8.79546641468159,10.675629231562313,0.006936912890523672,0.008461332879960537,8.220596187977861,0.0055076046846807,0.7208983898162842,0.3907470703125,10.151888637282456,0.007563791703432798,True,0,0,1217,pred[1217] <-> gt[1217] <-> mask[1217]
1218,1218,1218,results/B_mask_20_30_reliability_inference/line_debug/0304_reliability.png,/root/autodl-tmp/Inpainting/BundleFusion/B_imgs_gt/office0/02436.jpg,/root/autodl-tmp/Inpainting/masks/irregular_mask/mask_rates_20_30/0008876.png,0304_reliability.png,02436.jpg,0008876.png,0304_reliability,02436,0008876,"[256, 256]","[256, 256]","[256, 256]",False,False,0.296173095703125,19410,8.98427836459175,10.029214513909075,0.01294272392988205,0.012734510004520416,8.61006028598048,0.01440400816500187,0.7610316276550293,0.3480224609375,8.69060665291354,0.01337954681366682,True,0,0,1218,pred[1218] <-> gt[1218] <-> mask[1218]
1219,1219,1219,results/B_mask_20_30_reliability_inference/line_debug/0304_soft.png,/root/autodl-tmp/Inpainting/BundleFusion/B_imgs_gt/office0/02438.jpg,/root/autodl-tmp/Inpainting/masks/irregular_mask/mask_rates_20_30/0008880.png,0304_soft.png,02438.jpg,0008880.png,0304_soft,02438,0008880,"[256, 256]","[256, 256]","[256, 256]",False,False,0.292510986328125,19170,8.947991509756502,12.79159580706531,0.012561214156448841,0.01681557111442089,8.003919702460552,0.01043678168207407,0.7504673004150391,0.3097991943359375,9.38257840353114,0.013425067067146301,True,0,0,1219,pred[1219] <-> gt[1219] <-> mask[1219]
1220,1220,1220,results/B_mask_20_30_reliability_inference/frames/0305.png,/root/autodl-tmp/Inpainting/BundleFusion/B_imgs_gt/office0/02440.jpg,/root/autodl-tmp/Inpainting/masks/irregular_mask/mask_rates_20_30/0008888.png,0305.png,02440.jpg,0008888.png,0305,02440,0008888,"[256, 256]","[256, 256]","[256, 256]",False,False,0.2474822998046875,16219,10.518616030739116,11.86908630181281,0.19529218971729279,0.20733366906642914,10.152755605283732,0.19416294991970062,0.7165188789367676,0.3394927978515625,11.208736880111536,0.19558127224445343,True,0,0,1220,pred[1220] <-> gt[1220] <-> mask[1220]
1221,1221,1221,results/B_mask_20_30_reliability_inference/line_debug/0305_center.png,/root/autodl-tmp/Inpainting/BundleFusion/B_imgs_gt/office0/02442.jpg,/root/autodl-tmp/Inpainting/masks/irregular_mask/mask_rates_20_30/0008923.png,0305_center.png,02442.jpg,0008923.png,0305_center,02442,0008923,"[256, 256]","[256, 256]","[256, 256]",False,False,0.2578582763671875,16899,8.886327688202181,8.24768513743995,0.0073621030896902084,0.005532726179808378,9.132201185001774,0.009691910818219185,0.7324996590614319,0.259002685546875,8.615548488296469,0.006263550370931625,False,0,0,1221,pred[1221] <-> gt[1221] <-> mask[1221]
1222,1222,1222,results/B_mask_20_30_reliability_inference/line_debug/0305_reliability.png,/root/autodl-tmp/Inpainting/BundleFusion/B_imgs_gt/office0/02444.jpg,/root/autodl-tmp/Inpainting/masks/irregular_mask/mask_rates_20_30/0008925.png,0305_reliability.png,02444.jpg,0008925.png,0305_reliability,02444,0008925,"[256, 256]","[256, 256]","[256, 256]",False,False,0.2623748779296875,17195,9.105260667214406,10.185155257410724,0.01522804331034422,0.015337358228862286,8.777831683431224,0.014687611721456051,0.7643722295761108,0.3028106689453125,9.380187834148133,0.01522804331034422,True,0,0,1222,pred[1222] <-> gt[1222] <-> mask[1222]
1223,1223,1223,results/B_mask_20_30_reliability_inference/line_debug/0305_soft.png,/root/autodl-tmp/Inpainting/BundleFusion/B_imgs_gt/office0/02446.jpg,/root/autodl-tmp/Inpainting/masks/irregular_mask/mask_rates_20_30/0008927.png,0305_soft.png,02446.jpg,0008927.png,0305_soft,02446,0008927,"[256, 256]","[256, 256]","[256, 256]",False,False,0.2003631591796875,13131,9.144392319693559,8.11337933892284,0.015383775345981121,0.024791337549686432,9.446223209245472,0.013914687559008598,0.7616516947746277,0.2170867919921875,8.583980990761065,0.022531181573867798,False,0,0,1223,pred[1223] <-> gt[1223] <-> mask[1223]
1224,1224,1224,results/B_mask_20_30_reliability_inference/frames/0306.png,/root/autodl-tmp/Inpainting/BundleFusion/B_imgs_gt/office0/02448.jpg,/root/autodl-tmp/Inpainting/masks/irregular_mask/mask_rates_20_30/0008948.png,0306.png,02448.jpg,0008948.png,0306,02448,0008948,"[256, 256]","[256, 256]","[256, 256]",False,False,0.23516845703125,15412,10.563997904996967,10.14211764879829,0.19133687019348145,0.1698528528213501,10.702408406089958,0.1970585733652115,0.7034075260162354,0.279296875,10.134688989627412,0.18882565200328827,False,0,0,1224,pred[1224] <-> gt[1224] <-> mask[1224]
1225,1225,1225,results/B_mask_20_30_reliability_inference/line_debug/0306_center.png,/root/autodl-tmp/Inpainting/BundleFusion/B_imgs_gt/office0/02450.jpg,/root/autodl-tmp/Inpainting/masks/irregular_mask/mask_rates_20_30/0008963.png,0306_center.png,02450.jpg,0008963.png,0306_center,02450,0008963,"[256, 256]","[256, 256]","[256, 256]",False,False,0.2110748291015625,13833,8.967846272073754,12.007099344058464,0.008493092842400074,0.008493092842400074,8.419179136045162,0.00805683247745037,0.7158897519111633,0.2113189697265625,10.566194326223856,0.008493092842400074,True,0,0,1225,pred[1225] <-> gt[1225] <-> mask[1225]
1226,1226,1226,results/B_mask_20_30_reliability_inference/line_debug/0306_reliability.png,/root/autodl-tmp/Inpainting/BundleFusion/B_imgs_gt/office0/02452.jpg,/root/autodl-tmp/Inpainting/masks/irregular_mask/mask_rates_20_30/0008964.png,0306_reliability.png,02452.jpg,0008964.png,0306_reliability,02452,0008964,"[256, 256]","[256, 256]","[256, 256]",False,False,0.27447509765625,17988,9.14819633815055,10.841774438077197,0.01268784236162901,0.02007588930428028,8.647634822656844,0.009251458570361137,0.755760669708252,0.2007598876953125,7.908075999980842,0.018031353130936623,True,0,0,1226,pred[1226] <-> gt[1226] <-> mask[1226]
1227,1227,1227,results/B_mask_20_30_reliability_inference/line_debug/0306_soft.png,/root/autodl-tmp/Inpainting/BundleFusion/B_imgs_gt/office0/02454.jpg,/root/autodl-tmp/Inpainting/masks/irregular_mask/mask_rates_20_30/0008966.png,0306_soft.png,02454.jpg,0008966.png,0306_soft,02454,0008966,"[256, 256]","[256, 256]","[256, 256]",False,False,0.250457763671875,16414,9.137718322606762,8.519490616132087,0.012658757157623768,0.012658757157623768,9.36559936892889,0.01169005036354065,0.7521997094154358,0.24658203125,10.558546774068816,0.012658757157623768,False,0,0,1227,pred[1227] <-> gt[1227] <-> mask[1227]
1228,1228,1228,results/B_mask_20_30_reliability_inference/frames/0307.png,/root/autodl-tmp/Inpainting/BundleFusion/B_imgs_gt/office0/02456.jpg,/root/autodl-tmp/Inpainting/masks/irregular_mask/mask_rates_20_30/0008973.png,0307.png,02456.jpg,0008973.png,0307,02456,0008973,"[256, 256]","[256, 256]","[256, 256]",False,False,0.2357330322265625,15449,10.511135909722515,9.8119868431365,0.19175772368907928,0.1687639206647873,10.751650279003933,0.1982097029685974,0.7100915908813477,0.2714080810546875,9.747572414961244,0.19175772368907928,False,0,0,1228,pred[1228] <-> gt[1228] <-> mask[1228]
1229,1229,1229,results/B_mask_20_30_reliability_inference/line_debug/0307_center.png,/root/autodl-tmp/Inpainting/BundleFusion/B_imgs_gt/office0/02458.jpg,/root/autodl-tmp/Inpainting/masks/irregular_mask/mask_rates_20_30/0008986.png,0307_center.png,02458.jpg,0008986.png,0307_center,02458,0008986,"[256, 256]","[256, 256]","[256, 256]",False,False,0.247772216796875,16238,8.892852471800763,10.55056921760546,0.007829030975699425,0.011976994574069977,8.461138924151136,0.004064303822815418,0.8272778391838074,0.2731170654296875,9.576627131344562,0.0101386783644557,True,0,0,1229,pred[1229] <-> gt[1229] <-> mask[1229]
1230,1230,1230,results/B_mask_20_30_reliability_inference/line_debug/0307_reliability.png,/root/autodl-tmp/Inpainting/BundleFusion/B_imgs_gt/office0/02460.jpg,/root/autodl-tmp/Inpainting/masks/irregular_mask/mask_rates_20_30/0009002.png,0307_reliability.png,02460.jpg,0009002.png,0307_reliability,02460,0009002,"[256, 256]","[256, 256]","[256, 256]",False,False,0.298126220703125,19538,8.932018566647757,11.691901995549998,0.012041655369102955,0.01264676172286272,8.141027485501041,0.010915759019553661,0.7519646883010864,0.357452392578125,9.146693423135396,0.012041655369102955,True,0,0,1230,pred[1230] <-> gt[1230] <-> mask[1230]
1231,1231,1231,results/B_mask_20_30_reliability_inference/line_debug/0307_soft.png,/root/autodl-tmp/Inpainting/BundleFusion/B_imgs_gt/office0/02462.jpg,/root/autodl-tmp/Inpainting/masks/irregular_mask/mask_rates_20_30/0009006.png,0307_soft.png,02462.jpg,0009006.png,0307_soft,02462,0009006,"[256, 256]","[256, 256]","[256, 256]",False,False,0.2749786376953125,18021,8.944740990729967,12.807663179867337,0.012629234232008457,0.019303984940052032,8.068921110276595,0.01053200289607048,0.7520051002502441,0.2349700927734375,10.969594920013382,0.015813415870070457,True,0,0,1231,pred[1231] <-> gt[1231] <-> mask[1231]
1232,1232,1232,results/B_mask_20_30_reliability_inference/frames/0308.png,/root/autodl-tmp/Inpainting/BundleFusion/B_imgs_gt/office0/02464.jpg,/root/autodl-tmp/Inpainting/masks/irregular_mask/mask_rates_20_30/0009009.png,0308.png,02464.jpg,0009009.png,0308,02464,0009009,"[256, 256]","[256, 256]","[256, 256]",False,False,0.28839111328125,18900,10.445302141918022,14.195738735131444,0.19864867627620697,0.19726185500621796,9.530798941124699,0.19014044106006622,0.710541844367981,0.339508056640625,9.463267946953156,0.19864867627620697,True,0,0,1232,pred[1232] <-> gt[1232] <-> mask[1232]
1233,1233,1233,results/B_mask_20_30_reliability_inference/line_debug/0308_center.png,/root/autodl-tmp/Inpainting/BundleFusion/B_imgs_gt/office0/02466.jpg,/root/autodl-tmp/Inpainting/masks/irregular_mask/mask_rates_20_30/0009012.png,0308_center.png,02466.jpg,0009012.png,0308_center,02466,0009012,"[256, 256]","[256, 256]","[256, 256]",False,False,0.27801513671875,18220,9.156939576094889,11.47164276089728,0.008029593154788017,0.0086800092831254,8.515765455653447,0.009077922441065311,0.7716153264045715,0.312591552734375,10.074594405661925,0.008029593154788017,True,0,0,1233,pred[1233] <-> gt[1233] <-> mask[1233]
1234,1234,1234,results/B_mask_20_30_reliability_inference/line_debug/0308_reliability.png,/root/autodl-tmp/Inpainting/BundleFusion/B_imgs_gt/office0/02468.jpg,/root/autodl-tmp/Inpainting/masks/irregular_mask/mask_rates_20_30/0009014.png,0308_reliability.png,02468.jpg,0009014.png,0308_reliability,02468,0009014,"[256, 256]","[256, 256]","[256, 256]",False,False,0.269378662109375,17654,9.311234153541747,9.317332570022463,0.013598036952316761,0.013598036952316761,9.308988114744905,0.013642415404319763,0.7525194883346558,0.4638824462890625,10.509539836295778,0.013598036952316761,True,0,0,1234,pred[1234] <-> gt[1234] <-> mask[1234]
1235,1235,1235,results/B_mask_20_30_reliability_inference/line_debug/0308_soft.png,/root/autodl-tmp/Inpainting/BundleFusion/B_imgs_gt/office0/02470.jpg,/root/autodl-tmp/Inpainting/masks/irregular_mask/mask_rates_20_30/0009016.png,0308_soft.png,02470.jpg,0009016.png,0308_soft,02470,0009016,"[256, 256]","[256, 256]","[256, 256]",False,False,0.2644805908203125,17333,9.31437363680999,8.88857427303556,0.013951953500509262,0.01737143285572529,9.478296384385672,0.010892156511545181,0.7526209950447083,0.2421112060546875,9.65122254613703,0.015235587023198605,False,0,0,1235,pred[1235] <-> gt[1235] <-> mask[1235]
1236,1236,1236,results/B_mask_20_30_reliability_inference/frames/0309.png,/root/autodl-tmp/Inpainting/BundleFusion/B_imgs_gt/office0/02472.jpg,/root/autodl-tmp/Inpainting/masks/irregular_mask/mask_rates_20_30/0009018.png,0309.png,02472.jpg,0009018.png,0309,02472,0009018,"[256, 256]","[256, 256]","[256, 256]",False,False,0.2255859375,14784,10.71958675851872,13.780766970719354,0.2076472043991089,0.2176215499639511,10.122643705326206,0.19899475574493408,0.7148751616477966,0.3555145263671875,11.229454217578859,0.20526593923568726,True,0,0,1236,pred[1236] <-> gt[1236] <-> mask[1236]
1237,1237,1237,results/B_mask_20_30_reliability_inference/line_debug/0309_center.png,/root/autodl-tmp/Inpainting/BundleFusion/B_imgs_gt/office0/02474.jpg,/root/autodl-tmp/Inpainting/masks/irregular_mask/mask_rates_20_30/0009020.png,0309_center.png,02474.jpg,0009020.png,0309_center,02474,0009020,"[256, 256]","[256, 256]","[256, 256]",False,False,0.20965576171875,13740,8.989137478961325,9.128121524180386,0.007606748957186937,0.007295402232557535,8.953004040964972,0.008448654785752296,0.7934050559997559,0.2187652587890625,11.149573527738728,0.00782038364559412,True,0,0,1237,pred[1237] <-> gt[1237] <-> mask[1237]
1238,1238,1238,results/B_mask_20_30_reliability_inference/line_debug/0309_reliability.png,/root/autodl-tmp/Inpainting/BundleFusion/B_imgs_gt/office0/02476.jpg,/root/autodl-tmp/Inpainting/masks/irregular_mask/mask_rates_20_30/0009023.png,0309_reliability.png,02476.jpg,0009023.png,0309_reliability,02476,0009023,"[256, 256]","[256, 256]","[256, 256]",False,False,0.202911376953125,13298,9.139705095098167,12.720067116038692,0.013490508310496807,0.023712322115898132,8.559470498960184,0.011819952167570591,0.7573907971382141,0.1989898681640625,8.923226454514488,0.018847374245524406,True,0,0,1238,pred[1238] <-> gt[1238] <-> mask[1238]
1239,1239,1239,results/B_mask_20_30_reliability_inference/line_debug/0309_soft.png,/root/autodl-tmp/Inpainting/BundleFusion/B_imgs_gt/office0/02478.jpg,/root/autodl-tmp/Inpainting/masks/irregular_mask/mask_rates_20_30/0009034.png,0309_soft.png,02478.jpg,0009034.png,0309_soft,02478,0009034,"[256, 256]","[256, 256]","[256, 256]",False,False,0.2085418701171875,13667,9.198210848942393,11.330792693399525,0.013489571399986744,0.01902511715888977,8.775456690050438,0.01360581535845995,0.7523714900016785,0.2675933837890625,11.503011922866468,0.017692657187581062,True,0,0,1239,pred[1239] <-> gt[1239] <-> mask[1239]
1240,1240,1240,results/B_mask_20_30_reliability_inference/frames/0310.png,/root/autodl-tmp/Inpainting/BundleFusion/B_imgs_gt/office0/02480.jpg,/root/autodl-tmp/Inpainting/masks/irregular_mask/mask_rates_20_30/0009041.png,0310.png,02480.jpg,0009041.png,0310,02480,0009041,"[256, 256]","[256, 256]","[256, 256]",False,False,0.2160491943359375,14159,10.861207336219913,14.37537630782002,0.21757815778255463,0.28954827785491943,10.2433303170308,0.20126241445541382,0.7033705711364746,0.1735687255859375,12.19823892282851,0.26721563935279846,True,0,0,1240,pred[1240] <-> gt[1240] <-> mask[1240]
1241,1241,1241,results/B_mask_20_30_reliability_inference/line_debug/0310_center.png,/root/autodl-tmp/Inpainting/BundleFusion/B_imgs_gt/office0/02482.jpg,/root/autodl-tmp/Inpainting/masks/irregular_mask/mask_rates_20_30/0009046.png,0310_center.png,02482.jpg,0009046.png,0310_center,02482,0009046,"[256, 256]","[256, 256]","[256, 256]",False,False,0.2697906494140625,17681,8.983436994805501,13.163747048558914,0.007410714868456125,0.00948593020439148,8.090169200906905,0.005297759547829628,0.7331160306930542,0.2639617919921875,10.564011831840318,0.008059646002948284,True,0,0,1241,pred[1241] <-> gt[1241] <-> mask[1241]
1242,1242,1242,results/B_mask_20_30_reliability_inference/line_debug/0310_reliability.png,/root/autodl-tmp/Inpainting/BundleFusion/B_imgs_gt/office0/02484.jpg,/root/autodl-tmp/Inpainting/masks/irregular_mask/mask_rates_20_30/0009047.png,0310_reliability.png,02484.jpg,0009047.png,0310_reliability,02484,0009047,"[256, 256]","[256, 256]","[256, 256]",False,False,0.2393341064453125,15685,9.275217345056001,13.502040144173904,0.015802912414073944,0.016430286690592766,8.498804859048171,0.01422132644802332,0.7281975150108337,0.156707763671875,11.729419574236616,0.019460074603557587,True,0,0,1242,pred[1242] <-> gt[1242] <-> mask[1242]
1243,1243,1243,results/B_mask_20_30_reliability_inference/line_debug/0310_soft.png,/root/autodl-tmp/Inpainting/BundleFusion/B_imgs_gt/office0/02486.jpg,/root/autodl-tmp/Inpainting/masks/irregular_mask/mask_rates_20_30/0009050.png,0310_soft.png,02486.jpg,0009050.png,0310_soft,02486,0009050,"[256, 256]","[256, 256]","[256, 256]",False,False,0.2563629150390625,16801,9.370318315261798,8.577489994073444,0.016835879534482956,0.01284004282206297,9.681032806851938,0.020500700920820236,0.7295481562614441,0.28997802734375,8.78602423798106,0.01605135388672352,False,0,0,1243,pred[1243] <-> gt[1243] <-> mask[1243]
1244,1244,1244,results/B_mask_20_30_reliability_inference/frames/0311.png,/root/autodl-tmp/Inpainting/BundleFusion/B_imgs_gt/office0/02488.jpg,/root/autodl-tmp/Inpainting/masks/irregular_mask/mask_rates_20_30/0009062.png,0311.png,02488.jpg,0009062.png,0311,02488,0009062,"[256, 256]","[256, 256]","[256, 256]",False,False,0.2888641357421875,18931,11.240710851788752,12.593564232930776,0.23358219861984253,0.24117012321949005,10.792481793763276,0.2460727095603943,0.6887111663818359,0.339630126953125,10.377291825374687,0.23358219861984253,True,0,0,1244,pred[1244] <-> gt[1244] <-> mask[1244]
1245,1245,1245,results/B_mask_20_30_reliability_inference/line_debug/0311_center.png,/root/autodl-tmp/Inpainting/BundleFusion/B_imgs_gt/office0/02490.jpg,/root/autodl-tmp/Inpainting/masks/irregular_mask/mask_rates_20_30/0009075.png,0311_center.png,02490.jpg,0009075.png,0311_center,02490,0009075,"[256, 256]","[256, 256]","[256, 256]",False,False,0.287445068359375,18838,9.282679880903395,11.074664614220367,0.009543332271277905,0.010872130282223225,8.727428477115865,0.009674325585365295,0.7175050377845764,0.436370849609375,9.754831877532586,0.009543332271277905,True,0,0,1245,pred[1245] <-> gt[1245] <-> mask[1245]
1246,1246,1246,results/B_mask_20_30_reliability_inference/line_debug/0311_reliability.png,/root/autodl-tmp/Inpainting/BundleFusion/B_imgs_gt/office0/02492.jpg,/root/autodl-tmp/Inpainting/masks/irregular_mask/mask_rates_20_30/0009076.png,0311_reliability.png,02492.jpg,0009076.png,0311_reliability,02492,0009076,"[256, 256]","[256, 256]","[256, 256]",False,False,0.2723846435546875,17851,9.460932219011383,12.83458571409028,0.01936326175928116,0.02441791445016861,8.661167879286822,0.01683594286441803,0.7105103731155396,0.32073974609375,10.303134126167649,0.020208070054650307,True,0,0,1246,pred[1246] <-> gt[1246] <-> mask[1246]
1247,1247,1247,results/B_mask_20_30_reliability_inference/line_debug/0311_soft.png,/root/autodl-tmp/Inpainting/BundleFusion/B_imgs_gt/office0/02494.jpg,/root/autodl-tmp/Inpainting/masks/irregular_mask/mask_rates_20_30/0009081.png,0311_soft.png,02494.jpg,0009081.png,0311_soft,02494,0009081,"[256, 256]","[256, 256]","[256, 256]",False,False,0.281768798828125,18466,9.40897499762951,11.89312223273121,0.019632326439023018,0.01934630610048771,8.723811081838107,0.018795637413859367,0.71391761302948,0.298004150390625,10.005919558627777,0.020315011963248253,True,0,0,1247,pred[1247] <-> gt[1247] <-> mask[1247]
1248,1248,1248,results/B_mask_20_30_reliability_inference/frames/0312.png,/root/autodl-tmp/Inpainting/BundleFusion/B_imgs_gt/office0/02496.jpg,/root/autodl-tmp/Inpainting/masks/irregular_mask/mask_rates_20_30/0009095.png,0312.png,02496.jpg,0009095.png,0312,02496,0009095,"[256, 256]","[256, 256]","[256, 256]",False,False,0.22283935546875,14604,10.965009717256669,11.97160327975075,0.23970304429531097,0.2665030062198639,10.71474292188481,0.24212531745433807,0.6777490377426147,0.296630859375,11.716706626208225,0.24842776358127594,True,0,0,1248,pred[1248] <-> gt[1248] <-> mask[1248]
1249,1249,1249,results/B_mask_20_30_reliability_inference/line_debug/0312_center.png,/root/autodl-tmp/Inpainting/BundleFusion/B_imgs_gt/office0/02498.jpg,/root/autodl-tmp/Inpainting/masks/irregular_mask/mask_rates_20_30/0009110.png,0312_center.png,02498.jpg,0009110.png,0312_center,02498,0009110,"[256, 256]","[256, 256]","[256, 256]",False,False,0.2085113525390625,13665,9.525018174938547,12.6607703825923,0.009099905379116535,0.019167499616742134,8.973255041295848,0.006446592044085264,0.7163583040237427,0.1656494140625,12.733118525192918,0.015255074948072433,True,0,0,1249,pred[1249] <-> gt[1249] <-> mask[1249]
1250,1250,1250,results/B_mask_20_30_reliability_inference/line_debug/0312_reliability.png,/root/autodl-tmp/Inpainting/BundleFusion/B_imgs_gt/office0/02500.jpg,/root/autodl-tmp/Inpainting/masks/irregular_mask/mask_rates_20_30/0009112.png,0312_reliability.png,02500.jpg,0009112.png,0312_reliability,02500,0009112,"[256, 256]","[256, 256]","[256, 256]",False,False,0.2633819580078125,17261,9.700104403964913,12.162773175689015,0.017952635884284973,0.018935421481728554,9.075219661859562,0.013816794380545616,0.7000089287757874,0.4293975830078125,10.195149566288237,0.017952635884284973,True,0,0,1250,pred[1250] <-> gt[1250] <-> mask[1250]
1251,1251,1251,results/B_mask_20_30_reliability_inference/line_debug/0312_soft.png,/root/autodl-tmp/Inpainting/BundleFusion/B_imgs_gt/office0/02502.jpg,/root/autodl-tmp/Inpainting/masks/irregular_mask/mask_rates_20_30/0009115.png,0312_soft.png,02502.jpg,0009115.png,0312_soft,02502,0009115,"[256, 256]","[256, 256]","[256, 256]",False,False,0.2958984375,19392,9.55652040145775,9.871360414414376,0.01885269396007061,0.018981076776981354,9.430730664503274,0.01851102150976658,0.6962440609931946,0.4151611328125,9.353573739501979,0.01885269396007061,True,0,0,1251,pred[1251] <-> gt[1251] <-> mask[1251]
1252,1252,1252,results/B_mask_20_30_reliability_inference/frames/0313.png,/root/autodl-tmp/Inpainting/BundleFusion/B_imgs_gt/office0/02504.jpg,/root/autodl-tmp/Inpainting/masks/irregular_mask/mask_rates_20_30/0009121.png,0313.png,02504.jpg,0009121.png,0313,02504,0009121,"[256, 256]","[256, 256]","[256, 256]",False,False,0.2767181396484375,18135,10.754799876746945,11.680090918603678,0.23722942173480988,0.27247360348701477,10.447126145590943,0.20583072304725647,0.6699506044387817,0.363372802734375,9.504945687890004,0.2552643120288849,True,0,0,1252,pred[1252] <-> gt[1252] <-> mask[1252]
1253,1253,1253,results/B_mask_20_30_reliability_inference/line_debug/0313_center.png,/root/autodl-tmp/Inpainting/BundleFusion/B_imgs_gt/office0/02506.jpg,/root/autodl-tmp/Inpainting/masks/irregular_mask/mask_rates_20_30/0009126.png,0313_center.png,02506.jpg,0009126.png,0313_center,02506,0009126,"[256, 256]","[256, 256]","[256, 256]",False,False,0.283966064453125,18610,9.34257612803993,10.53702967086033,0.007721820846199989,0.007182942237704992,8.94701022991099,0.00811868254095316,0.7298758029937744,0.3174591064453125,8.994067521408969,0.007414041552692652,True,0,0,1253,pred[1253] <-> gt[1253] <-> mask[1253]
1254,1254,1254,results/B_mask_20_30_reliability_inference/line_debug/0313_reliability.png,/root/autodl-tmp/Inpainting/BundleFusion/B_imgs_gt/office0/02508.jpg,/root/autodl-tmp/Inpainting/masks/irregular_mask/mask_rates_20_30/0009146.png,0313_reliability.png,02508.jpg,0009146.png,0313_reliability,02508,0009146,"[256, 256]","[256, 256]","[256, 256]",False,False,0.239166259765625,15674,9.358716890414915,9.45075505449015,0.01809508167207241,0.0181852038949728,9.330182916019528,0.020981380715966225,0.7280095815658569,0.355072021484375,8.096494689435511,0.01809508167207241,True,0,0,1254,pred[1254] <-> gt[1254] <-> mask[1254]
1255,1255,1255,results/B_mask_20_30_reliability_inference/line_debug/0313_soft.png,/root/autodl-tmp/Inpainting/BundleFusion/B_imgs_gt/office0/02510.jpg,/root/autodl-tmp/Inpainting/masks/irregular_mask/mask_rates_20_30/0009179.png,0313_soft.png,02510.jpg,0009179.png,0313_soft,02510,0009179,"[256, 256]","[256, 256]","[256, 256]",False,False,0.2022857666015625,13257,9.491118889761715,11.171361867422863,0.018479036167263985,0.0216918233782053,9.151424484599453,0.0209039319306612,0.7343305945396423,0.221038818359375,9.405912710154764,0.019302569329738617,True,0,0,1255,pred[1255] <-> gt[1255] <-> mask[1255]
1256,1256,1256,results/B_mask_20_30_reliability_inference/frames/0314.png,/root/autodl-tmp/Inpainting/BundleFusion/B_imgs_gt/office0/02512.jpg,/root/autodl-tmp/Inpainting/masks/irregular_mask/mask_rates_20_30/0009204.png,0314.png,02512.jpg,0009204.png,0314,02512,0009204,"[256, 256]","[256, 256]","[256, 256]",False,False,0.266387939453125,17458,10.62003758548732,12.253585882342648,0.22548933327198029,0.2680421769618988,10.151829661595116,0.1922607570886612,0.671950101852417,0.2989959716796875,12.474214501232574,0.24712614715099335,True,0,0,1256,pred[1256] <-> gt[1256] <-> mask[1256]
1257,1257,1257,results/B_mask_20_30_reliability_inference/line_debug/0314_center.png,/root/autodl-tmp/Inpainting/BundleFusion/B_imgs_gt/office0/02514.jpg,/root/autodl-tmp/Inpainting/masks/irregular_mask/mask_rates_20_30/0009220.png,0314_center.png,02514.jpg,0009220.png,0314_center,02514,0009220,"[256, 256]","[256, 256]","[256, 256]",False,False,0.232666015625,15248,9.650141890434295,13.324369658124413,0.008955560624599457,0.012705329805612564,8.956795158216098,0.00706119230017066,0.8037298321723938,0.3683319091796875,11.855829510179973,0.010054019279778004,True,0,0,1257,pred[1257] <-> gt[1257] <-> mask[1257]
1258,1258,1258,results/B_mask_20_30_reliability_inference/line_debug/0314_reliability.png,/root/autodl-tmp/Inpainting/BundleFusion/B_imgs_gt/office0/02516.jpg,/root/autodl-tmp/Inpainting/masks/irregular_mask/mask_rates_20_30/0009233.png,0314_reliability.png,02516.jpg,0009233.png,0314_reliability,02516,0009233,"[256, 256]","[256, 256]","[256, 256]",False,False,0.298004150390625,19530,10.02209769842246,11.637304680987894,0.018558688461780548,0.02095426432788372,9.484219309585438,0.017548570409417152,0.7291534543037415,0.311004638671875,11.14457207908522,0.018671950325369835,True,0,0,1258,pred[1258] <-> gt[1258] <-> mask[1258]
1259,1259,1259,results/B_mask_20_30_reliability_inference/line_debug/0314_soft.png,/root/autodl-tmp/Inpainting/BundleFusion/B_imgs_gt/office0/02518.jpg,/root/autodl-tmp/Inpainting/masks/irregular_mask/mask_rates_20_30/0009237.png,0314_soft.png,02518.jpg,0009237.png,0314_soft,02518,0009237,"[256, 256]","[256, 256]","[256, 256]",False,False,0.2290496826171875,15011,10.158851434466627,10.112721363816856,0.02016395889222622,0.0212551262229681,10.172651867224097,0.02030961774289608,0.7271665334701538,0.282501220703125,10.464046730524917,0.019771812483668327,False,0,0,1259,pred[1259] <-> gt[1259] <-> mask[1259]
1260,1260,1260,results/B_mask_20_30_reliability_inference/frames/0315.png,/root/autodl-tmp/Inpainting/BundleFusion/B_imgs_gt/office0/02520.jpg,/root/autodl-tmp/Inpainting/masks/irregular_mask/mask_rates_20_30/0009239.png,0315.png,02520.jpg,0009239.png,0315,02520,0009239,"[256, 256]","[256, 256]","[256, 256]",False,False,0.2716827392578125,17805,11.505980495801541,11.764071277015937,0.25803568959236145,0.25803568959236145,11.41350191629007,0.25661420822143555,0.6929147243499756,0.2965850830078125,11.068712234034187,0.25803568959236145,True,0,0,1260,pred[1260] <-> gt[1260] <-> mask[1260]
1261,1261,1261,results/B_mask_20_30_reliability_inference/line_debug/0315_center.png,/root/autodl-tmp/Inpainting/BundleFusion/B_imgs_gt/office0/02522.jpg,/root/autodl-tmp/Inpainting/masks/irregular_mask/mask_rates_20_30/0009254.png,0315_center.png,02522.jpg,0009254.png,0315_center,02522,0009254,"[256, 256]","[256, 256]","[256, 256]",False,False,0.2564239501953125,16805,11.050080263721831,11.598352161432285,0.012488714419305325,0.012325777672231197,10.875991380864164,0.013200029730796814,0.7577993869781494,0.248809814453125,12.261537219816756,0.01130793895572424,True,0,0,1261,pred[1261] <-> gt[1261] <-> mask[1261]
1262,1262,1262,results/B_mask_20_30_reliability_inference/line_debug/0315_reliability.png,/root/autodl-tmp/Inpainting/BundleFusion/B_imgs_gt/office0/02524.jpg,/root/autodl-tmp/Inpainting/masks/irregular_mask/mask_rates_20_30/0009257.png,0315_reliability.png,02524.jpg,0009257.png,0315_reliability,02524,0009257,"[256, 256]","[256, 256]","[256, 256]",False,False,0.222808837890625,14602,12.04530168817956,13.12344740376885,0.02887231856584549,0.03690969944000244,11.779871637601694,0.028503241017460823,0.7090634107589722,0.2505035400390625,13.288367089259058,0.034944355487823486,True,0,0,1262,pred[1262] <-> gt[1262] <-> mask[1262]
1263,1263,1263,results/B_mask_20_30_reliability_inference/line_debug/0315_soft.png,/root/autodl-tmp/Inpainting/BundleFusion/B_imgs_gt/office0/02526.jpg,/root/autodl-tmp/Inpainting/masks/irregular_mask/mask_rates_20_30/0009258.png,0315_soft.png,02526.jpg,0009258.png,0315_soft,02526,0009258,"[256, 256]","[256, 256]","[256, 256]",False,False,0.225433349609375,14774,12.844138613006654,14.008323952251299,0.033355485647916794,0.033858176320791245,12.556651526557266,0.032851655036211014,0.7060969471931458,0.2676239013671875,14.066913112134763,0.03448612987995148,True,0,0,1263,pred[1263] <-> gt[1263] <-> mask[1263]
1264,1264,1264,results/B_mask_20_30_reliability_inference/frames/0316.png,/root/autodl-tmp/Inpainting/BundleFusion/B_imgs_gt/office0/02528.jpg,/root/autodl-tmp/Inpainting/masks/irregular_mask/mask_rates_20_30/0009273.png,0316.png,02528.jpg,0009273.png,0316,02528,0009273,"[256, 256]","[256, 256]","[256, 256]",False,False,0.2027435302734375,13287,13.754584095207194,13.234459299846362,0.32592105865478516,0.3276350796222687,13.897422552673156,0.32014700770378113,0.7110089063644409,0.229034423828125,13.260186368442714,0.32592105865478516,False,0,0,1264,pred[1264] <-> gt[1264] <-> mask[1264]
1265,1265,1265,results/B_mask_20_30_reliability_inference/line_debug/0316_center.png,/root/autodl-tmp/Inpainting/BundleFusion/B_imgs_gt/office0/02530.jpg,/root/autodl-tmp/Inpainting/masks/irregular_mask/mask_rates_20_30/0009274.png,0316_center.png,02530.jpg,0009274.png,0316_center,02530,0009274,"[256, 256]","[256, 256]","[256, 256]",False,False,0.2689208984375,17624,12.942915605964782,13.112369881396582,0.019783230498433113,0.015507780015468597,12.882209820514925,0.020263126119971275,0.7789736390113831,0.36956787109375,12.673223250989423,0.01890743523836136,True,0,0,1265,pred[1265] <-> gt[1265] <-> mask[1265]
1266,1266,1266,results/B_mask_20_30_reliability_inference/line_debug/0316_reliability.png,/root/autodl-tmp/Inpainting/BundleFusion/B_imgs_gt/office0/02532.jpg,/root/autodl-tmp/Inpainting/masks/irregular_mask/mask_rates_20_30/0009281.png,0316_reliability.png,02532.jpg,0009281.png,0316_reliability,02532,0009281,"[256, 256]","[256, 256]","[256, 256]",False,False,0.2715911865234375,17799,13.259368189880679,12.102793509615122,0.03364478796720505,0.036026373505592346,13.783920637015099,0.032366346567869186,0.7743496298789978,0.2669830322265625,12.890773749932789,0.03326375037431717,False,0,0,1266,pred[1266] <-> gt[1266] <-> mask[1266]
1267,1267,1267,results/B_mask_20_30_reliability_inference/line_debug/0316_soft.png,/root/autodl-tmp/Inpainting/BundleFusion/B_imgs_gt/office0/02534.jpg,/root/autodl-tmp/Inpainting/masks/irregular_mask/mask_rates_20_30/0009303.png,0316_soft.png,02534.jpg,0009303.png,0316_soft,02534,0009303,"[256, 256]","[256, 256]","[256, 256]",False,False,0.271759033203125,17810,12.862196434280765,11.155316554516673,0.03361477330327034,0.03412649407982826,13.722283131342827,0.0335957370698452,0.774989902973175,0.24432373046875,13.99773292270087,0.03469369187951088,False,0,0,1267,pred[1267] <-> gt[1267] <-> mask[1267]
1268,1268,1268,results/B_mask_20_30_reliability_inference/frames/0317.png,/root/autodl-tmp/Inpainting/BundleFusion/B_imgs_gt/office0/02536.jpg,/root/autodl-tmp/Inpainting/masks/irregular_mask/mask_rates_20_30/0009314.png,0317.png,02536.jpg,0009314.png,0317,02536,0009314,"[256, 256]","[256, 256]","[256, 256]",False,False,0.2069549560546875,13563,15.021039470915277,16.184606933278864,0.38325533270835876,0.3879796266555786,14.762516552197463,0.38114815950393677,0.6875250935554504,0.2509765625,15.51054278636973,0.38325533270835876,True,0,0,1268,pred[1268] <-> gt[1268] <-> mask[1268]
1269,1269,1269,results/B_mask_20_30_reliability_inference/line_debug/0317_center.png,/root/autodl-tmp/Inpainting/BundleFusion/B_imgs_gt/office0/02538.jpg,/root/autodl-tmp/Inpainting/masks/irregular_mask/mask_rates_20_30/0009332.png,0317_center.png,02538.jpg,0009332.png,0317_center,02538,0009332,"[256, 256]","[256, 256]","[256, 256]",False,False,0.2527923583984375,16567,11.415210709658156,9.16194271832359,0.01778518408536911,0.020903892815113068,12.55074315586495,0.01812625117599964,0.816801130771637,0.1927947998046875,11.658276538531648,0.019399411976337433,False,0,0,1269,pred[1269] <-> gt[1269] <-> mask[1269]
1270,1270,1270,results/B_mask_20_30_reliability_inference/line_debug/0317_reliability.png,/root/autodl-tmp/Inpainting/BundleFusion/B_imgs_gt/office0/02540.jpg,/root/autodl-tmp/Inpainting/masks/irregular_mask/mask_rates_20_30/0009345.png,0317_reliability.png,02540.jpg,0009345.png,0317_reliability,02540,0009345,"[256, 256]","[256, 256]","[256, 256]",False,False,0.2799072265625,18344,11.122831707180667,8.675278893298788,0.03085559420287609,0.03085559420287609,12.636184106720103,0.03750833496451378,0.8166056871414185,0.357696533203125,11.940306833141083,0.03085559420287609,False,0,0,1270,pred[1270] <-> gt[1270] <-> mask[1270]
1271,1271,1271,results/B_mask_20_30_reliability_inference/line_debug/0317_soft.png,/root/autodl-tmp/Inpainting/BundleFusion/B_imgs_gt/office0/02542.jpg,/root/autodl-tmp/Inpainting/masks/irregular_mask/mask_rates_20_30/0009350.png,0317_soft.png,02542.jpg,0009350.png,0317_soft,02542,0009350,"[256, 256]","[256, 256]","[256, 256]",False,False,0.2144622802734375,14055,11.312241578297593,10.557687616081246,0.03194767236709595,0.033891063183546066,11.543260076189842,0.030494483187794685,0.8230780363082886,0.3535919189453125,10.537107664807252,0.03446611016988754,False,0,0,1271,pred[1271] <-> gt[1271] <-> mask[1271]
1272,1272,1272,results/B_mask_20_30_reliability_inference/frames/0318.png,/root/autodl-tmp/Inpainting/BundleFusion/B_imgs_gt/office0/02544.jpg,/root/autodl-tmp/Inpainting/masks/irregular_mask/mask_rates_20_30/0009360.png,0318.png,02544.jpg,0009360.png,0318,02544,0009360,"[256, 256]","[256, 256]","[256, 256]",False,False,0.2385711669921875,15635,13.103417074967975,11.207598400095822,0.3246554732322693,0.3720192015171051,13.920430858271121,0.30629920959472656,0.7387104034423828,0.1957244873046875,12.103842026717553,0.3648014962673187,False,0,0,1272,pred[1272] <-> gt[1272] <-> mask[1272]
1273,1273,1273,results/B_mask_20_30_reliability_inference/line_debug/0318_center.png,/root/autodl-tmp/Inpainting/BundleFusion/B_imgs_gt/office0/02546.jpg,/root/autodl-tmp/Inpainting/masks/irregular_mask/mask_rates_20_30/0009368.png,0318_center.png,02546.jpg,0009368.png,0318_center,02546,0009368,"[256, 256]","[256, 256]","[256, 256]",False,False,0.2692108154296875,17643,9.798380059473383,11.713791294291092,0.008749750442802906,0.009375852532684803,9.262303932186928,0.007912089116871357,0.8402243852615356,0.2745361328125,10.61560347922333,0.008351760916411877,True,0,0,1273,pred[1273] <-> gt[1273] <-> mask[1273]
1274,1274,1274,results/B_mask_20_30_reliability_inference/line_debug/0318_reliability.png,/root/autodl-tmp/Inpainting/BundleFusion/B_imgs_gt/office0/02548.jpg,/root/autodl-tmp/Inpainting/masks/irregular_mask/mask_rates_20_30/0009369.png,0318_reliability.png,02548.jpg,0009369.png,0318_reliability,02548,0009369,"[256, 256]","[256, 256]","[256, 256]",False,False,0.283905029296875,18606,9.74482270820687,8.031173262380943,0.020758895203471184,0.022506391629576683,10.669605568696422,0.02312820963561535,0.832091212272644,0.31304931640625,10.604503374914769,0.02073635160923004,False,0,0,1274,pred[1274] <-> gt[1274] <-> mask[1274]
1275,1275,1275,results/B_mask_20_30_reliability_inference/line_debug/0318_soft.png,/root/autodl-tmp/Inpainting/BundleFusion/B_imgs_gt/office0/02550.jpg,/root/autodl-tmp/Inpainting/masks/irregular_mask/mask_rates_20_30/0009378.png,0318_soft.png,02550.jpg,0009378.png,0318_soft,02550,0009378,"[256, 256]","[256, 256]","[256, 256]",False,False,0.2873687744140625,18833,9.475213610891045,10.276931985202078,0.018454978242516518,0.019392315298318863,9.189607069622705,0.018922924995422363,0.8436399698257446,0.3175506591796875,9.811859800172602,0.01910977251827717,True,0,0,1275,pred[1275] <-> gt[1275] <-> mask[1275]
1276,1276,1276,results/B_mask_20_30_reliability_inference/frames/0319.png,/root/autodl-tmp/Inpainting/BundleFusion/B_imgs_gt/office0/02552.jpg,/root/autodl-tmp/Inpainting/masks/irregular_mask/mask_rates_20_30/0009386.png,0319.png,02552.jpg,0009386.png,0319,02552,0009386,"[256, 256]","[256, 256]","[256, 256]",False,False,0.2920684814453125,19141,12.4107560390731,13.051996566089306,0.28153911232948303,0.34427788853645325,12.171518668667655,0.2544879913330078,0.7594149112701416,0.2700347900390625,13.145407843988483,0.3188963830471039,True,0,0,1276,pred[1276] <-> gt[1276] <-> mask[1276]
1277,1277,1277,results/B_mask_20_30_reliability_inference/line_debug/0319_center.png,/root/autodl-tmp/Inpainting/BundleFusion/B_imgs_gt/office0/02554.jpg,/root/autodl-tmp/Inpainting/masks/irregular_mask/mask_rates_20_30/0009394.png,0319_center.png,02554.jpg,0009394.png,0319_center,02554,0009394,"[256, 256]","[256, 256]","[256, 256]",False,False,0.2179412841796875,14283,8.522673327068826,8.069694054287774,0.0027409500908106565,0.002932010218501091,8.657806671254358,0.002496435074135661,0.8591383099555969,0.3948516845703125,8.707162958305714,0.002938012359663844,False,0,0,1277,pred[1277] <-> gt[1277] <-> mask[1277]
1278,1278,1278,results/B_mask_20_30_reliability_inference/line_debug/0319_reliability.png,/root/autodl-tmp/Inpainting/BundleFusion/B_imgs_gt/office0/02556.jpg,/root/autodl-tmp/Inpainting/masks/irregular_mask/mask_rates_20_30/0009396.png,0319_reliability.png,02556.jpg,0009396.png,0319_reliability,02556,0009396,"[256, 256]","[256, 256]","[256, 256]",False,False,0.246734619140625,16170,8.783847585108083,7.91888647707011,0.008487955667078495,0.007890806533396244,9.109243347969596,0.009230196475982666,0.852386474609375,0.368316650390625,8.400912141627938,0.008228342048823833,False,0,0,1278,pred[1278] <-> gt[1278] <-> mask[1278]
1279,1279,1279,results/B_mask_20_30_reliability_inference/line_debug/0319_soft.png,/root/autodl-tmp/Inpainting/BundleFusion/B_imgs_gt/office0/02558.jpg,/root/autodl-tmp/Inpainting/masks/irregular_mask/mask_rates_20_30/0009399.png,0319_soft.png,02558.jpg,0009399.png,0319_soft,02558,0009399,"[256, 256]","[256, 256]","[256, 256]",False,False,0.21148681640625,13860,8.678412438962322,9.483917612875954,0.008307632990181446,0.0153341144323349,8.485565823257087,0.005828286521136761,0.8501044511795044,0.1752777099609375,8.77806368600458,0.012620010413229465,True,0,0,1279,pred[1279] <-> gt[1279] <-> mask[1279]
1280,1280,1280,results/B_mask_20_30_reliability_inference/frames/0320.png,/root/autodl-tmp/Inpainting/BundleFusion/B_imgs_gt/office0/02560.jpg,/root/autodl-tmp/Inpainting/masks/irregular_mask/mask_rates_20_30/0009407.png,0320.png,02560.jpg,0009407.png,0320,02560,0009407,"[256, 256]","[256, 256]","[256, 256]",False,False,0.2362060546875,15480,11.633530342864514,12.715870984512112,0.27767643332481384,0.26115015149116516,11.34693075517264,0.2644401490688324,0.7359713315963745,0.3298187255859375,10.404722469520213,0.27767643332481384,True,0,0,1280,pred[1280] <-> gt[1280] <-> mask[1280]
1281,1281,1281,results/B_mask_20_30_reliability_inference/line_debug/0320_center.png,/root/autodl-tmp/Inpainting/BundleFusion/B_imgs_gt/office0/02562.jpg,/root/autodl-tmp/Inpainting/masks/irregular_mask/mask_rates_20_30/0009414.png,0320_center.png,02562.jpg,0009414.png,0320_center,02562,0009414,"[256, 256]","[256, 256]","[256, 256]",False,False,0.276702880859375,18134,7.800053599145088,6.675100047812897,0.0016084937378764153,0.0016490198904648423,8.321365422425103,0.0017595356330275536,0.8469176888465881,0.4074554443359375,7.808501028332603,0.0016084937378764153,False,0,0,1281,pred[1281] <-> gt[1281] <-> mask[1281]
1282,1282,1282,results/B_mask_20_30_reliability_inference/line_debug/0320_reliability.png,/root/autodl-tmp/Inpainting/BundleFusion/B_imgs_gt/office0/02564.jpg,/root/autodl-tmp/Inpainting/masks/irregular_mask/mask_rates_20_30/0009421.png,0320_reliability.png,02564.jpg,0009421.png,0320_reliability,02564,0009421,"[256, 256]","[256, 256]","[256, 256]",False,False,0.2790374755859375,18287,7.3685586305047615,6.032889564217672,0.010687440633773804,0.00985550507903099,8.020375772913313,0.012042555958032608,0.8091679811477661,0.3054656982421875,7.446512645343986,0.010733005590736866,False,0,0,1282,pred[1282] <-> gt[1282] <-> mask[1282]
1283,1283,1283,results/B_mask_20_30_reliability_inference/line_debug/0320_soft.png,/root/autodl-tmp/Inpainting/BundleFusion/B_imgs_gt/office0/02566.jpg,/root/autodl-tmp/Inpainting/masks/irregular_mask/mask_rates_20_30/0009432.png,0320_soft.png,02566.jpg,0009432.png,0320_soft,02566,0009432,"[256, 256]","[256, 256]","[256, 256]",False,False,0.2658538818359375,17423,7.129706007936436,7.563568337123,0.010920905508100986,0.010920905508100986,6.982702170850082,0.009642438031733036,0.8053584098815918,0.3333587646484375,6.914926036768279,0.010920905508100986,True,0,0,1283,pred[1283] <-> gt[1283] <-> mask[1283]
1284,1284,1284,results/B_mask_20_30_reliability_inference/frames/0321.png,/root/autodl-tmp/Inpainting/BundleFusion/B_imgs_gt/office0/02568.jpg,/root/autodl-tmp/Inpainting/masks/irregular_mask/mask_rates_20_30/0009439.png,0321.png,02568.jpg,0009439.png,0321,02568,0009439,"[256, 256]","[256, 256]","[256, 256]",False,False,0.242462158203125,15890,9.42682063402968,8.529024141630627,0.24899053573608398,0.2565569579601288,9.758373426081334,0.2451810985803604,0.7707299590110779,0.20465087890625,8.393726230627328,0.2572450339794159,False,0,0,1284,pred[1284] <-> gt[1284] <-> mask[1284]
1285,1285,1285,results/B_mask_20_30_reliability_inference/line_debug/0321_center.png,/root/autodl-tmp/Inpainting/BundleFusion/B_imgs_gt/office0/02570.jpg,/root/autodl-tmp/Inpainting/masks/irregular_mask/mask_rates_20_30/0009443.png,0321_center.png,02570.jpg,0009443.png,0321_center,02570,0009443,"[256, 256]","[256, 256]","[256, 256]",False,False,0.22509765625,14752,6.746879441946132,7.215393553293388,0.0018982799956575036,0.0018982799956575036,6.619745896028332,0.0019186821300536394,0.8669582009315491,0.2983551025390625,6.8465880918607045,0.0018982799956575036,True,0,0,1285,pred[1285] <-> gt[1285] <-> mask[1285]
1286,1286,1286,results/B_mask_20_30_reliability_inference/line_debug/0321_reliability.png,/root/autodl-tmp/Inpainting/BundleFusion/B_imgs_gt/office0/02572.jpg,/root/autodl-tmp/Inpainting/masks/irregular_mask/mask_rates_20_30/0009453.png,0321_reliability.png,02572.jpg,0009453.png,0321_reliability,02572,0009453,"[256, 256]","[256, 256]","[256, 256]",False,False,0.27178955078125,17812,6.9909470299143734,7.790946010944402,0.007685412187129259,0.008105502463877201,6.726469615636522,0.006869455333799124,0.845557451248169,0.349212646484375,7.440356153529278,0.00797418225556612,True,0,0,1286,pred[1286] <-> gt[1286] <-> mask[1286]
1287,1287,1287,results/B_mask_20_30_reliability_inference/line_debug/0321_soft.png,/root/autodl-tmp/Inpainting/BundleFusion/B_imgs_gt/office0/02574.jpg,/root/autodl-tmp/Inpainting/masks/irregular_mask/mask_rates_20_30/0009464.png,0321_soft.png,02574.jpg,0009464.png,0321_soft,02574,0009464,"[256, 256]","[256, 256]","[256, 256]",False,False,0.2880401611328125,18877,6.948962563410623,5.963855882378741,0.00855174195021391,0.008836167864501476,7.421090042025744,0.009241552092134953,0.8478716015815735,0.2280731201171875,6.169896119078524,0.008779380470514297,False,0,0,1287,pred[1287] <-> gt[1287] <-> mask[1287]
1288,1288,1288,results/B_mask_20_30_reliability_inference/frames/0322.png,/root/autodl-tmp/Inpainting/BundleFusion/B_imgs_gt/office0/02576.jpg,/root/autodl-tmp/Inpainting/masks/irregular_mask/mask_rates_20_30/0009465.png,0322.png,02576.jpg,0009465.png,0322,02576,0009465,"[256, 256]","[256, 256]","[256, 256]",False,False,0.2595672607421875,17011,9.093303764941933,9.943098712019342,0.24305276572704315,0.24143624305725098,8.830827149136635,0.2573730945587158,0.7675970196723938,0.4209136962890625,8.626494800769464,0.24305276572704315,True,0,0,1288,pred[1288] <-> gt[1288] <-> mask[1288]
1289,1289,1289,results/B_mask_20_30_reliability_inference/line_debug/0322_center.png,/root/autodl-tmp/Inpainting/BundleFusion/B_imgs_gt/office0/02578.jpg,/root/autodl-tmp/Inpainting/masks/irregular_mask/mask_rates_20_30/0009473.png,0322_center.png,02578.jpg,0009473.png,0322_center,02578,0009473,"[256, 256]","[256, 256]","[256, 256]",False,False,0.29766845703125,19508,6.582296965337937,5.882596829764914,0.002327666385099292,0.0022484029177576303,6.91661998968396,0.0025611917953938246,0.8529152274131775,0.4263153076171875,6.249550433420248,0.0024114802945405245,False,0,0,1289,pred[1289] <-> gt[1289] <-> mask[1289]
1290,1290,1290,results/B_mask_20_30_reliability_inference/line_debug/0322_reliability.png,/root/autodl-tmp/Inpainting/BundleFusion/B_imgs_gt/office0/02580.jpg,/root/autodl-tmp/Inpainting/masks/irregular_mask/mask_rates_20_30/0009482.png,0322_reliability.png,02580.jpg,0009482.png,0322_reliability,02580,0009482,"[256, 256]","[256, 256]","[256, 256]",False,False,0.207733154296875,13614,6.900521056476284,5.348205669887536,0.009260491468012333,0.009907728992402554,7.419602224205757,0.009209378622472286,0.8540870547294617,0.2169342041015625,6.1796279755720445,0.009950433857738972,False,0,0,1290,pred[1290] <-> gt[1290] <-> mask[1290]
1291,1291,1291,results/B_mask_20_30_reliability_inference/line_debug/0322_soft.png,/root/autodl-tmp/Inpainting/BundleFusion/B_imgs_gt/office0/02582.jpg,/root/autodl-tmp/Inpainting/masks/irregular_mask/mask_rates_20_30/0009483.png,0322_soft.png,02582.jpg,0009483.png,0322_soft,02582,0009483,"[256, 256]","[256, 256]","[256, 256]",False,False,0.289947509765625,19002,7.008521488804652,7.619001259164654,0.009615418501198292,0.010557785630226135,6.781975287959574,0.008591016754508018,0.8529844284057617,0.211639404296875,8.427470509297699,0.010889050550758839,True,0,0,1291,pred[1291] <-> gt[1291] <-> mask[1291]
1292,1292,1292,results/B_mask_20_30_reliability_inference/frames/0323.png,/root/autodl-tmp/Inpainting/BundleFusion/B_imgs_gt/office0/02584.jpg,/root/autodl-tmp/Inpainting/masks/irregular_mask/mask_rates_20_30/0009495.png,0323.png,02584.jpg,0009495.png,0323,02584,0009495,"[256, 256]","[256, 256]","[256, 256]",False,False,0.214691162109375,14070,9.362924158982599,7.066668817278908,0.24410104751586914,0.240695521235466,10.280695218025775,0.24505500495433807,0.7674486041069031,0.1966400146484375,10.078130583234843,0.2429031878709793,False,0,0,1292,pred[1292] <-> gt[1292] <-> mask[1292]
1293,1293,1293,results/B_mask_20_30_reliability_inference/line_debug/0323_center.png,/root/autodl-tmp/Inpainting/BundleFusion/B_imgs_gt/office0/02586.jpg,/root/autodl-tmp/Inpainting/masks/irregular_mask/mask_rates_20_30/0009505.png,0323_center.png,02586.jpg,0009505.png,0323_center,02586,0009505,"[256, 256]","[256, 256]","[256, 256]",False,False,0.2506103515625,16424,7.071173071703235,6.089777612606115,0.003375826170668006,0.003406171454116702,7.455966052123419,0.003472435288131237,0.8683118224143982,0.3738250732421875,7.709690060901232,0.003375826170668006,False,0,0,1293,pred[1293] <-> gt[1293] <-> mask[1293]
1294,1294,1294,results/B_mask_20_30_reliability_inference/line_debug/0323_reliability.png,/root/autodl-tmp/Inpainting/BundleFusion/B_imgs_gt/office0/02588.jpg,/root/autodl-tmp/Inpainting/masks/irregular_mask/mask_rates_20_30/0009518.png,0323_reliability.png,02588.jpg,0009518.png,0323_reliability,02588,0009518,"[256, 256]","[256, 256]","[256, 256]",False,False,0.228240966796875,14958,7.494577467840128,7.640628227397369,0.01077922061085701,0.012657689861953259,7.452308918304981,0.009342044591903687,0.8459868431091309,0.3093109130859375,6.520309041799532,0.011820908635854721,True,0,0,1294,pred[1294] <-> gt[1294] <-> mask[1294]
1295,1295,1295,results/B_mask_20_30_reliability_inference/line_debug/0323_soft.png,/root/autodl-tmp/Inpainting/BundleFusion/B_imgs_gt/office0/02590.jpg,/root/autodl-tmp/Inpainting/masks/irregular_mask/mask_rates_20_30/0009519.png,0323_soft.png,02590.jpg,0009519.png,0323_soft,02590,0009519,"[256, 256]","[256, 256]","[256, 256]",False,False,0.2419586181640625,15857,7.843031301771305,9.45075134774182,0.012215043418109417,0.013436433859169483,7.434016970092525,0.012189963832497597,0.8484678268432617,0.26519775390625,9.014119393887638,0.012215043418109417,True,0,0,1295,pred[1295] <-> gt[1295] <-> mask[1295]
1296,1296,1296,results/B_mask_20_30_reliability_inference/frames/0324.png,/root/autodl-tmp/Inpainting/BundleFusion/B_imgs_gt/office0/02592.jpg,/root/autodl-tmp/Inpainting/masks/irregular_mask/mask_rates_20_30/0009524.png,0324.png,02592.jpg,0009524.png,0324,02592,0009524,"[256, 256]","[256, 256]","[256, 256]",False,False,0.2282257080078125,14957,10.768070017600731,9.725264195359935,0.2681654393672943,0.2865245044231415,11.131398869048542,0.2690114378929138,0.7406212091445923,0.3028564453125,10.671666538178448,0.26647281646728516,False,0,0,1296,pred[1296] <-> gt[1296] <-> mask[1296]
1297,1297,1297,results/B_mask_20_30_reliability_inference/line_debug/0324_center.png,/root/autodl-tmp/Inpainting/BundleFusion/B_imgs_gt/office0/02594.jpg,/root/autodl-tmp/Inpainting/masks/irregular_mask/mask_rates_20_30/0009525.png,0324_center.png,02594.jpg,0009525.png,0324_center,02594,0009525,"[256, 256]","[256, 256]","[256, 256]",False,False,0.22802734375,14944,7.851331075285094,5.648510717098719,0.0025459364987909794,0.0025069566909223795,8.794176386789525,0.002687439089640975,0.8836938142776489,0.1649627685546875,7.167835793122345,0.0016616933280602098,False,0,0,1297,pred[1297] <-> gt[1297] <-> mask[1297]
1298,1298,1298,results/B_mask_20_30_reliability_inference/line_debug/0324_reliability.png,/root/autodl-tmp/Inpainting/BundleFusion/B_imgs_gt/office0/02596.jpg,/root/autodl-tmp/Inpainting/masks/irregular_mask/mask_rates_20_30/0009536.png,0324_reliability.png,02596.jpg,0009536.png,0324_reliability,02596,0009536,"[256, 256]","[256, 256]","[256, 256]",False,False,0.24969482421875,16364,8.481024674751414,8.633470991232993,0.013156548142433167,0.015372015535831451,8.431456178526975,0.0122758774086833,0.8584452867507935,0.268280029296875,9.294348216076196,0.014520245604217052,True,0,0,1298,pred[1298] <-> gt[1298] <-> mask[1298]
1299,1299,1299,results/B_mask_20_30_reliability_inference/line_debug/0324_soft.png,/root/autodl-tmp/Inpainting/BundleFusion/B_imgs_gt/office0/02598.jpg,/root/autodl-tmp/Inpainting/masks/irregular_mask/mask_rates_20_30/0009539.png,0324_soft.png,02598.jpg,0009539.png,0324_soft,02598,0009539,"[256, 256]","[256, 256]","[256, 256]",False,False,0.206298828125,13520,8.807352498285802,10.509566761653257,0.014951239340007305,0.015012267045676708,8.4559293802611,0.014501302503049374,0.8521824479103088,0.2675933837890625,10.591828981593292,0.01581711880862713,True,0,0,1299,pred[1299] <-> gt[1299] <-> mask[1299]
1300,1300,1300,results/B_mask_20_30_reliability_inference/frames/0325.png,/root/autodl-tmp/Inpainting/BundleFusion/B_imgs_gt/office0/02600.jpg,/root/autodl-tmp/Inpainting/masks/irregular_mask/mask_rates_20_30/0009558.png,0325.png,02600.jpg,0009558.png,0325,02600,0009558,"[256, 256]","[256, 256]","[256, 256]",False,False,0.2021331787109375,13247,11.770031250850572,12.274017030913475,0.28010228276252747,0.3193604648113251,11.65112321958305,0.26073119044303894,0.7060433030128479,0.2148590087890625,10.536663886953342,0.30884602665901184,True,0,0,1300,pred[1300] <-> gt[1300] <-> mask[1300]
1301,1301,1301,results/B_mask_20_30_reliability_inference/line_debug/0325_center.png,/root/autodl-tmp/Inpainting/BundleFusion/B_imgs_gt/office0/02602.jpg,/root/autodl-tmp/Inpainting/masks/irregular_mask/mask_rates_20_30/0009561.png,0325_center.png,02602.jpg,0009561.png,0325_center,02602,0009561,"[256, 256]","[256, 256]","[256, 256]",False,False,0.267913818359375,17558,8.803208991740432,7.739129159611878,0.00543437572196126,0.005852062255144119,9.26853230860201,0.0053627281449735165,0.8482584357261658,0.2985992431640625,8.752580024775025,0.005326104816049337,False,0,0,1301,pred[1301] <-> gt[1301] <-> mask[1301]
1302,1302,1302,results/B_mask_20_30_reliability_inference/line_debug/0325_reliability.png,/root/autodl-tmp/Inpainting/BundleFusion/B_imgs_gt/office0/02604.jpg,/root/autodl-tmp/Inpainting/masks/irregular_mask/mask_rates_20_30/0009565.png,0325_reliability.png,02604.jpg,0009565.png,0325_reliability,02604,0009565,"[256, 256]","[256, 256]","[256, 256]",False,False,0.2437286376953125,15973,9.525230668521957,9.468687931226313,0.019769875332713127,0.021677682176232338,9.54361135145756,0.020666854456067085,0.8423011898994446,0.3007965087890625,9.614123349902467,0.02003701962530613,False,0,0,1302,pred[1302] <-> gt[1302] <-> mask[1302]
1303,1303,1303,results/B_mask_20_30_reliability_inference/line_debug/0325_soft.png,/root/autodl-tmp/Inpainting/BundleFusion/B_imgs_gt/office0/02606.jpg,/root/autodl-tmp/Inpainting/masks/irregular_mask/mask_rates_20_30/0009579.png,0325_soft.png,02606.jpg,0009579.png,0325_soft,02606,0009579,"[256, 256]","[256, 256]","[256, 256]",False,False,0.2778167724609375,18207,10.416432189904787,9.611798087498155,0.02866399846971035,0.03237023577094078,10.770550474208981,0.027251338586211205,0.8284197449684143,0.3512115478515625,10.388177488622059,0.029126152396202087,False,0,0,1303,pred[1303] <-> gt[1303] <-> mask[1303]
1304,1304,1304,results/B_mask_20_30_reliability_inference/frames/0326.png,/root/autodl-tmp/Inpainting/BundleFusion/B_imgs_gt/office0/02608.jpg,/root/autodl-tmp/Inpainting/masks/irregular_mask/mask_rates_20_30/0009587.png,0326.png,02608.jpg,0009587.png,0326,02608,0009587,"[256, 256]","[256, 256]","[256, 256]",False,False,0.223419189453125,14642,12.989017403315842,13.46578813488021,0.30322885513305664,0.22806872427463531,12.86101833956292,0.3194786608219147,0.7241790890693665,0.1962127685546875,12.110604251604498,0.22455628216266632,True,0,0,1304,pred[1304] <-> gt[1304] <-> mask[1304]
1305,1305,1305,results/B_mask_20_30_reliability_inference/line_debug/0326_center.png,/root/autodl-tmp/Inpainting/BundleFusion/B_imgs_gt/office0/02610.jpg,/root/autodl-tmp/Inpainting/masks/irregular_mask/mask_rates_20_30/0009592.png,0326_center.png,02610.jpg,0009592.png,0326_center,02610,0009592,"[256, 256]","[256, 256]","[256, 256]",False,False,0.24017333984375,15740,11.860571132651412,13.502119140863183,0.02052885852754116,0.02061217464506626,11.448653822332682,0.01898772642016411,0.8293849229812622,0.3609161376953125,11.357297521572296,0.02052885852754116,True,0,0,1305,pred[1305] <-> gt[1305] <-> mask[1305]
1306,1306,1306,results/B_mask_20_30_reliability_inference/line_debug/0326_reliability.png,/root/autodl-tmp/Inpainting/BundleFusion/B_imgs_gt/office0/02612.jpg,/root/autodl-tmp/Inpainting/masks/irregular_mask/mask_rates_20_30/0009598.png,0326_reliability.png,02612.jpg,0009598.png,0326_reliability,02612,0009598,"[256, 256]","[256, 256]","[256, 256]",False,False,0.26336669921875,17260,12.930026590803399,12.256997373500534,0.04315491020679474,0.04327697679400444,13.19842500660908,0.050663597881793976,0.8370023369789124,0.2867584228515625,13.224578929905919,0.04315491020679474,False,0,0,1306,pred[1306] <-> gt[1306] <-> mask[1306]
1307,1307,1307,results/B_mask_20_30_reliability_inference/line_debug/0326_soft.png,/root/autodl-tmp/Inpainting/BundleFusion/B_imgs_gt/office0/02614.jpg,/root/autodl-tmp/Inpainting/masks/irregular_mask/mask_rates_20_30/0009602.png,0326_soft.png,02614.jpg,0009602.png,0326_soft,02614,0009602,"[256, 256]","[256, 256]","[256, 256]",False,False,0.2355194091796875,15435,12.88954437033761,13.688718504201391,0.04678798094391823,0.04730657860636711,12.670290918306153,0.04515392705798149,0.8364668488502502,0.3993682861328125,13.351201385583513,0.04678798094391823,True,0,0,1307,pred[1307] <-> gt[1307] <-> mask[1307]
1308,1308,1308,results/B_mask_20_30_reliability_inference/frames/0327.png,/root/autodl-tmp/Inpainting/BundleFusion/B_imgs_gt/office0/02616.jpg,/root/autodl-tmp/Inpainting/masks/irregular_mask/mask_rates_20_30/0009617.png,0327.png,02616.jpg,0009617.png,0327,02616,0009617,"[256, 256]","[256, 256]","[256, 256]",False,False,0.2978668212890625,19521,13.115085973317584,12.670234966728916,0.3042053282260895,0.250139981508255,13.318499627495822,0.3286381661891937,0.7102392911911011,0.31500244140625,12.01438106977676,0.2861238718032837,False,0,0,1308,pred[1308] <-> gt[1308] <-> mask[1308]
1309,1309,1309,results/B_mask_20_30_reliability_inference/line_debug/0327_center.png,/root/autodl-tmp/Inpainting/BundleFusion/B_imgs_gt/office0/02618.jpg,/root/autodl-tmp/Inpainting/masks/irregular_mask/mask_rates_20_30/0009623.png,0327_center.png,02618.jpg,0009623.png,0327_center,02618,0009623,"[256, 256]","[256, 256]","[256, 256]",False,False,0.2144012451171875,14051,12.401440748272536,11.864816976151683,0.02186235785484314,0.021530695259571075,12.560192418005208,0.021784961223602295,0.8111828565597534,0.3116302490234375,11.713205102257797,0.02186235785484314,False,0,0,1309,pred[1309] <-> gt[1309] <-> mask[1309]
1310,1310,1310,results/B_mask_20_30_reliability_inference/line_debug/0327_reliability.png,/root/autodl-tmp/Inpainting/BundleFusion/B_imgs_gt/office0/02620.jpg,/root/autodl-tmp/Inpainting/masks/irregular_mask/mask_rates_20_30/0009632.png,0327_reliability.png,02620.jpg,0009632.png,0327_reliability,02620,0009632,"[256, 256]","[256, 256]","[256, 256]",False,False,0.2245635986328125,14717,13.740151020899836,13.107615786024239,0.044396255165338516,0.05207544565200806,13.941960234320304,0.04489849507808685,0.7828677892684937,0.268463134765625,13.77455524081235,0.0476185567677021,False,0,0,1310,pred[1310] <-> gt[1310] <-> mask[1310]
1311,1311,1311,results/B_mask_20_30_reliability_inference/line_debug/0327_soft.png,/root/autodl-tmp/Inpainting/BundleFusion/B_imgs_gt/office0/02622.jpg,/root/autodl-tmp/Inpainting/masks/irregular_mask/mask_rates_20_30/0009637.png,0327_soft.png,02622.jpg,0009637.png,0327_soft,02622,0009637,"[256, 256]","[256, 256]","[256, 256]",False,False,0.20623779296875,13516,14.250858862901541,13.537320320125303,0.05052696540951729,0.05012043938040733,14.457175842146286,0.048360131680965424,0.7744562029838562,0.310211181640625,13.721627486861372,0.04852273687720299,False,0,0,1311,pred[1311] <-> gt[1311] <-> mask[1311]
1312,1312,1312,results/B_mask_20_30_reliability_inference/frames/0328.png,/root/autodl-tmp/Inpainting/BundleFusion/B_imgs_gt/office0/02624.jpg,/root/autodl-tmp/Inpainting/masks/irregular_mask/mask_rates_20_30/0009642.png,0328.png,02624.jpg,0009642.png,0328,02624,0009642,"[256, 256]","[256, 256]","[256, 256]",False,False,0.2171478271484375,14231,12.819046388437886,12.53657273861119,0.3033398985862732,0.3155570924282074,12.900767250211791,0.3080405294895172,0.7183975577354431,0.4033355712890625,13.312116849890947,0.307804137468338,False,0,0,1312,pred[1312] <-> gt[1312] <-> mask[1312]
1313,1313,1313,results/B_mask_20_30_reliability_inference/line_debug/0328_center.png,/root/autodl-tmp/Inpainting/BundleFusion/B_imgs_gt/office0/02626.jpg,/root/autodl-tmp/Inpainting/masks/irregular_mask/mask_rates_20_30/0009668.png,0328_center.png,02626.jpg,0009668.png,0328_center,02626,0009668,"[256, 256]","[256, 256]","[256, 256]",False,False,0.2094268798828125,13725,13.115368472156144,11.668709571730796,0.02278919517993927,0.023617394268512726,13.595758190426416,0.02605147659778595,0.7836889624595642,0.299224853515625,13.18232325552138,0.02278919517993927,False,0,0,1313,pred[1313] <-> gt[1313] <-> mask[1313]
1314,1314,1314,results/B_mask_20_30_reliability_inference/line_debug/0328_reliability.png,/root/autodl-tmp/Inpainting/BundleFusion/B_imgs_gt/office0/02628.jpg,/root/autodl-tmp/Inpainting/masks/irregular_mask/mask_rates_20_30/0009672.png,0328_reliability.png,02628.jpg,0009672.png,0328_reliability,02628,0009672,"[256, 256]","[256, 256]","[256, 256]",False,False,0.2007904052734375,13159,13.63255042257645,14.801476945061484,0.043518032878637314,0.05173761770129204,13.382419671282847,0.04257208853960037,0.7608212828636169,0.32733154296875,14.51366041580805,0.04569467902183533,True,0,0,1314,pred[1314] <-> gt[1314] <-> mask[1314]
1315,1315,1315,results/B_mask_20_30_reliability_inference/line_debug/0328_soft.png,/root/autodl-tmp/Inpainting/BundleFusion/B_imgs_gt/office0/02630.jpg,/root/autodl-tmp/Inpainting/masks/irregular_mask/mask_rates_20_30/0009679.png,0328_soft.png,02630.jpg,0009679.png,0328_soft,02630,0009679,"[256, 256]","[256, 256]","[256, 256]",False,False,0.2306671142578125,15117,13.810951978106225,15.95941457110963,0.04350250959396362,0.038218289613723755,13.330393927329503,0.043068185448646545,0.7559888362884521,0.1549530029296875,14.52920922525118,0.04114322364330292,True,0,0,1315,pred[1315] <-> gt[1315] <-> mask[1315]
1316,1316,1316,results/B_mask_20_30_reliability_inference/frames/0329.png,/root/autodl-tmp/Inpainting/BundleFusion/B_imgs_gt/office0/02632.jpg,/root/autodl-tmp/Inpainting/masks/irregular_mask/mask_rates_20_30/0009682.png,0329.png,02632.jpg,0009682.png,0329,02632,0009682,"[256, 256]","[256, 256]","[256, 256]",False,False,0.2948150634765625,19321,11.471484363613168,11.09511917132767,0.34049344062805176,0.3340426981449127,11.639040568087879,0.3567837178707123,0.7538226842880249,0.336517333984375,12.920701153138662,0.34049344062805176,False,0,0,1316,pred[1316] <-> gt[1316] <-> mask[1316]
1317,1317,1317,results/B_mask_20_30_reliability_inference/line_debug/0329_center.png,/root/autodl-tmp/Inpainting/BundleFusion/B_imgs_gt/office0/02634.jpg,/root/autodl-tmp/Inpainting/masks/irregular_mask/mask_rates_20_30/0009685.png,0329_center.png,02634.jpg,0009685.png,0329_center,02634,0009685,"[256, 256]","[256, 256]","[256, 256]",False,False,0.2402496337890625,15745,14.142975167237061,14.106661773592402,0.031506117433309555,0.044339362531900406,14.15452123611849,0.024353455752134323,0.7604767084121704,0.3337249755859375,13.841985333932577,0.04083359241485596,False,0,0,1317,pred[1317] <-> gt[1317] <-> mask[1317]
1318,1318,1318,results/B_mask_20_30_reliability_inference/line_debug/0329_reliability.png,/root/autodl-tmp/Inpainting/BundleFusion/B_imgs_gt/office0/02636.jpg,/root/autodl-tmp/Inpainting/masks/irregular_mask/mask_rates_20_30/0009712.png,0329_reliability.png,02636.jpg,0009712.png,0329_reliability,02636,0009712,"[256, 256]","[256, 256]","[256, 256]",False,False,0.207000732421875,13566,15.437980953040615,16.771283510332665,0.06368469446897507,0.06975175440311432,15.148181971822034,0.0628010481595993,0.724808931350708,0.271270751953125,15.91839682650181,0.07315906882286072,True,0,0,1318,pred[1318] <-> gt[1318] <-> mask[1318]
1319,1319,1319,results/B_mask_20_30_reliability_inference/line_debug/0329_soft.png,/root/autodl-tmp/Inpainting/BundleFusion/B_imgs_gt/office0/02638.jpg,/root/autodl-tmp/Inpainting/masks/irregular_mask/mask_rates_20_30/0009723.png,0329_soft.png,02638.jpg,0009723.png,0329_soft,02638,0009723,"[256, 256]","[256, 256]","[256, 256]",False,False,0.287567138671875,18846,15.320504782480588,14.754501468673602,0.06440580636262894,0.06440580636262894,15.571646273801893,0.051358141005039215,0.7140902280807495,0.4241943359375,15.482245355541544,0.06440580636262894,False,0,0,1319,pred[1319] <-> gt[1319] <-> mask[1319]
1320,1320,1320,results/B_mask_20_30_reliability_inference/frames/0330.png,/root/autodl-tmp/Inpainting/BundleFusion/B_imgs_gt/office0/02640.jpg,/root/autodl-tmp/Inpainting/masks/irregular_mask/mask_rates_20_30/0009725.png,0330.png,02640.jpg,0009725.png,0330,02640,0009725,"[256, 256]","[256, 256]","[256, 256]",False,False,0.286529541015625,18778,10.411826779274325,9.421857213005115,0.2969928979873657,0.24155569076538086,10.883021328157911,0.32777416706085205,0.7182737588882446,0.2979583740234375,8.579489887706675,0.2612625062465668,False,0,0,1320,pred[1320] <-> gt[1320] <-> mask[1320]
1321,1321,1321,results/B_mask_20_30_reliability_inference/line_debug/0330_center.png,/root/autodl-tmp/Inpainting/BundleFusion/B_imgs_gt/office0/02642.jpg,/root/autodl-tmp/Inpainting/masks/irregular_mask/mask_rates_20_30/0009729.png,0330_center.png,02642.jpg,0009729.png,0330_center,02642,0009729,"[256, 256]","[256, 256]","[256, 256]",False,False,0.232208251953125,15218,13.693364447891751,13.375437944840979,0.039133477956056595,0.04361485317349434,13.794288316599442,0.03502854332327843,0.7041340470314026,0.3155975341796875,14.444166283714049,0.03997393697500229,False,0,0,1321,pred[1321] <-> gt[1321] <-> mask[1321]
1322,1322,1322,results/B_mask_20_30_reliability_inference/line_debug/0330_reliability.png,/root/autodl-tmp/Inpainting/BundleFusion/B_imgs_gt/office0/02644.jpg,/root/autodl-tmp/Inpainting/masks/irregular_mask/mask_rates_20_30/0009730.png,0330_reliability.png,02644.jpg,0009730.png,0330_reliability,02644,0009730,"[256, 256]","[256, 256]","[256, 256]",False,False,0.2724761962890625,17857,14.679859994309867,17.077199449655943,0.0665864571928978,0.0665864571928978,14.039488396958015,0.06684833765029907,0.6913082599639893,0.3156585693359375,14.882277797117464,0.0665864571928978,True,0,0,1322,pred[1322] <-> gt[1322] <-> mask[1322]
1323,1323,1323,results/B_mask_20_30_reliability_inference/line_debug/0330_soft.png,/root/autodl-tmp/Inpainting/BundleFusion/B_imgs_gt/office0/02646.jpg,/root/autodl-tmp/Inpainting/masks/irregular_mask/mask_rates_20_30/0009733.png,0330_soft.png,02646.jpg,0009733.png,0330_soft,02646,0009733,"[256, 256]","[256, 256]","[256, 256]",False,False,0.21484375,14080,13.393470881487158,12.77513674527417,0.06960589438676834,0.07150083780288696,13.579220071028244,0.07014686614274979,0.693055272102356,0.3322906494140625,14.851882932248635,0.0680907741189003,False,0,0,1323,pred[1323] <-> gt[1323] <-> mask[1323]
1324,1324,1324,results/B_mask_20_30_reliability_inference/frames/0331.png,/root/autodl-tmp/Inpainting/BundleFusion/B_imgs_gt/office0/02648.jpg,/root/autodl-tmp/Inpainting/masks/irregular_mask/mask_rates_20_30/0009738.png,0331.png,02648.jpg,0009738.png,0331,02648,0009738,"[256, 256]","[256, 256]","[256, 256]",False,False,0.234283447265625,15354,9.96042283517568,12.505902210198418,0.24758410453796387,0.21953745186328888,9.407781878126876,0.24985776841640472,0.6589995622634888,0.2183990478515625,14.136474594002266,0.22897489368915558,True,0,0,1324,pred[1324] <-> gt[1324] <-> mask[1324]
1325,1325,1325,results/B_mask_20_30_reliability_inference/line_debug/0331_center.png,/root/autodl-tmp/Inpainting/BundleFusion/B_imgs_gt/office0/02650.jpg,/root/autodl-tmp/Inpainting/masks/irregular_mask/mask_rates_20_30/0009744.png,0331_center.png,02650.jpg,0009744.png,0331_center,02650,0009744,"[256, 256]","[256, 256]","[256, 256]",False,False,0.296630859375,19440,9.969017919904342,11.354793572228203,0.030829444527626038,0.030318431556224823,9.495447837763288,0.03288291394710541,0.7141339778900146,0.3478240966796875,10.422433637993901,0.030903911218047142,True,0,0,1325,pred[1325] <-> gt[1325] <-> mask[1325]
1326,1326,1326,results/B_mask_20_30_reliability_inference/line_debug/0331_reliability.png,/root/autodl-tmp/Inpainting/BundleFusion/B_imgs_gt/office0/02652.jpg,/root/autodl-tmp/Inpainting/masks/irregular_mask/mask_rates_20_30/0009745.png,0331_reliability.png,02652.jpg,0009745.png,0331_reliability,02652,0009745,"[256, 256]","[256, 256]","[256, 256]",False,False,0.2920684814453125,19141,9.192239026451343,9.64355159990529,0.05366867780685425,0.05074881389737129,9.01889658237922,0.05054496228694916,0.722028911113739,0.4474639892578125,9.053974983451962,0.05366867780685425,True,0,0,1326,pred[1326] <-> gt[1326] <-> mask[1326]
1327,1327,1327,results/B_mask_20_30_reliability_inference/line_debug/0331_soft.png,/root/autodl-tmp/Inpainting/BundleFusion/B_imgs_gt/office0/02654.jpg,/root/autodl-tmp/Inpainting/masks/irregular_mask/mask_rates_20_30/0009746.png,0331_soft.png,02654.jpg,0009746.png,0331_soft,02654,0009746,"[256, 256]","[256, 256]","[256, 256]",False,False,0.2331390380859375,15279,7.31519839690744,7.132640576788429,0.04413621500134468,0.03989190235733986,7.372256014524785,0.04599825292825699,0.771197497844696,0.405029296875,7.170461761366388,0.043582573533058167,False,0,0,1327,pred[1327] <-> gt[1327] <-> mask[1327]
1328,1328,1328,results/B_mask_20_30_reliability_inference/frames/0332.png,/root/autodl-tmp/Inpainting/BundleFusion/B_imgs_gt/office0/02656.jpg,/root/autodl-tmp/Inpainting/masks/irregular_mask/mask_rates_20_30/0009748.png,0332.png,02656.jpg,0009748.png,0332,02656,0009748,"[256, 256]","[256, 256]","[256, 256]",False,False,0.2133026123046875,13979,10.368191403437878,12.691790694981362,0.29745471477508545,0.3552285432815552,9.905797151083405,0.24334001541137695,0.6516591906547546,0.227935791015625,10.312319020265612,0.32612344622612,True,0,0,1328,pred[1328] <-> gt[1328] <-> mask[1328]
1329,1329,1329,results/B_mask_20_30_reliability_inference/line_debug/0332_center.png,/root/autodl-tmp/Inpainting/BundleFusion/B_imgs_gt/office0/02658.jpg,/root/autodl-tmp/Inpainting/masks/irregular_mask/mask_rates_20_30/0009751.png,0332_center.png,02658.jpg,0009751.png,0332_center,02658,0009751,"[256, 256]","[256, 256]","[256, 256]",False,False,0.2078857421875,13624,6.070391850424553,3.6301971419609567,0.009080312214791775,0.010061106644570827,7.027955944910457,0.009454530663788319,0.8120824694633484,0.2264404296875,5.5667637737773195,0.010799302719533443,False,0,0,1329,pred[1329] <-> gt[1329] <-> mask[1329]
1330,1330,1330,results/B_mask_20_30_reliability_inference/line_debug/0332_reliability.png,/root/autodl-tmp/Inpainting/BundleFusion/B_imgs_gt/office0/02660.jpg,/root/autodl-tmp/Inpainting/masks/irregular_mask/mask_rates_20_30/0009752.png,0332_reliability.png,02660.jpg,0009752.png,0332_reliability,02660,0009752,"[256, 256]","[256, 256]","[256, 256]",False,False,0.28839111328125,18900,6.028648573536318,8.686766290482772,0.01814533956348896,0.01813150942325592,5.289573322764911,0.016014061868190765,0.8110928535461426,0.457916259765625,6.955562769387895,0.01814533956348896,True,0,0,1330,pred[1330] <-> gt[1330] <-> mask[1330]
1331,1331,1331,results/B_mask_20_30_reliability_inference/line_debug/0332_soft.png,/root/autodl-tmp/Inpainting/BundleFusion/B_imgs_gt/office0/02662.jpg,/root/autodl-tmp/Inpainting/masks/irregular_mask/mask_rates_20_30/0009794.png,0332_soft.png,02662.jpg,0009794.png,0332_soft,02662,0009794,"[256, 256]","[256, 256]","[256, 256]",False,False,0.22198486328125,14548,5.891843390184955,4.740244399077016,0.015981502830982208,0.007781637832522392,6.285410513138699,0.01812906190752983,0.8109456300735474,0.2646331787109375,4.6751900182597,0.009179896675050259,False,0,0,1331,pred[1331] <-> gt[1331] <-> mask[1331]
1332,1332,1332,results/B_mask_20_30_reliability_inference/frames/0333.png,/root/autodl-tmp/Inpainting/BundleFusion/B_imgs_gt/office0/02664.jpg,/root/autodl-tmp/Inpainting/masks/irregular_mask/mask_rates_20_30/0009797.png,0333.png,02664.jpg,0009797.png,0333,02664,0009797,"[256, 256]","[256, 256]","[256, 256]",False,False,0.255767822265625,16762,10.166015662564362,9.887359628204175,0.2719592750072479,0.3338620662689209,10.266063262748741,0.25267931818962097,0.742624044418335,0.2986297607421875,9.92007375901008,0.3065967857837677,False,0,0,1332,pred[1332] <-> gt[1332] <-> mask[1332]
1333,1333,1333,results/B_mask_20_30_reliability_inference/line_debug/0333_center.png,/root/autodl-tmp/Inpainting/BundleFusion/B_imgs_gt/office0/02666.jpg,/root/autodl-tmp/Inpainting/masks/irregular_mask/mask_rates_20_30/0009799.png,0333_center.png,02666.jpg,0009799.png,0333_center,02666,0009799,"[256, 256]","[256, 256]","[256, 256]",False,False,0.269744873046875,17678,4.604376990133877,5.778199556933075,0.0021272331941872835,0.0009533613920211792,4.240149808176799,0.0025299768894910812,0.8870300650596619,0.2948760986328125,4.554645661315193,0.0009772913763299584,True,0,0,1333,pred[1333] <-> gt[1333] <-> mask[1333]
1334,1334,1334,results/B_mask_20_30_reliability_inference/line_debug/0333_reliability.png,/root/autodl-tmp/Inpainting/BundleFusion/B_imgs_gt/office0/02668.jpg,/root/autodl-tmp/Inpainting/masks/irregular_mask/mask_rates_20_30/0009806.png,0333_reliability.png,02668.jpg,0009806.png,0333_reliability,02668,0009806,"[256, 256]","[256, 256]","[256, 256]",False,False,0.240264892578125,15746,4.455915562917646,4.61229083972847,0.008570599369704723,0.011341954581439495,4.407611047720954,0.007140157278627157,0.8899052143096924,0.3780364990234375,4.713234245988929,0.009544027037918568,True,0,0,1334,pred[1334] <-> gt[1334] <-> mask[1334]
1335,1335,1335,results/B_mask_20_30_reliability_inference/line_debug/0333_soft.png,/root/autodl-tmp/Inpainting/BundleFusion/B_imgs_gt/office0/02670.jpg,/root/autodl-tmp/Inpainting/masks/irregular_mask/mask_rates_20_30/0009811.png,0333_soft.png,02670.jpg,0009811.png,0333_soft,02670,0009811,"[256, 256]","[256, 256]","[256, 256]",False,False,0.214630126953125,14066,4.4394273222624205,6.717265368962472,0.008101698011159897,0.009192080236971378,3.980177317748377,0.0072442032396793365,0.8963465094566345,0.2811279296875,6.4711847355655046,0.008848779834806919,True,0,0,1335,pred[1335] <-> gt[1335] <-> mask[1335]
1336,1336,1336,results/B_mask_20_30_reliability_inference/frames/0334.png,/root/autodl-tmp/Inpainting/BundleFusion/B_imgs_gt/office0/02672.jpg,/root/autodl-tmp/Inpainting/masks/irregular_mask/mask_rates_20_30/0009812.png,0334.png,02672.jpg,0009812.png,0334,02672,0009812,"[256, 256]","[256, 256]","[256, 256]",False,False,0.23358154296875,15308,9.316414205625057,13.250378674596773,0.30464863777160645,0.3642648756504059,8.59178282731301,0.2862693667411804,0.7721654176712036,0.266632080078125,11.652639763819064,0.3467278778553009,True,0,0,1336,pred[1336] <-> gt[1336] <-> mask[1336]
1337,1337,1337,results/B_mask_20_30_reliability_inference/line_debug/0334_center.png,/root/autodl-tmp/Inpainting/BundleFusion/B_imgs_gt/office0/02674.jpg,/root/autodl-tmp/Inpainting/masks/irregular_mask/mask_rates_20_30/0009813.png,0334_center.png,02674.jpg,0009813.png,0334_center,02674,0009813,"[256, 256]","[256, 256]","[256, 256]",False,False,0.2510833740234375,16455,4.168128921415876,4.9762686847669535,0.0021875922102481127,0.002648924244567752,3.9276851521975487,0.0010887198150157928,0.9233633279800415,0.366851806640625,4.59819410113499,0.002282928442582488,True,0,0,1337,pred[1337] <-> gt[1337] <-> mask[1337]
1338,1338,1338,results/B_mask_20_30_reliability_inference/line_debug/0334_reliability.png,/root/autodl-tmp/Inpainting/BundleFusion/B_imgs_gt/office0/02676.jpg,/root/autodl-tmp/Inpainting/masks/irregular_mask/mask_rates_20_30/0009819.png,0334_reliability.png,02676.jpg,0009819.png,0334_reliability,02676,0009819,"[256, 256]","[256, 256]","[256, 256]",False,False,0.268524169921875,17598,4.335521775457484,6.116409251850237,0.007392485160380602,0.007646162062883377,3.82983241232858,0.0059995572082698345,0.8937433362007141,0.4096221923828125,4.814745512162077,0.007392485160380602,True,0,0,1338,pred[1338] <-> gt[1338] <-> mask[1338]
1339,1339,1339,results/B_mask_20_30_reliability_inference/line_debug/0334_soft.png,/root/autodl-tmp/Inpainting/BundleFusion/B_imgs_gt/office0/02678.jpg,/root/autodl-tmp/Inpainting/masks/irregular_mask/mask_rates_20_30/0009823.png,0334_soft.png,02678.jpg,0009823.png,0334_soft,02678,0009823,"[256, 256]","[256, 256]","[256, 256]",False,False,0.2627716064453125,17221,4.325998765057598,2.1784568038214105,0.00738108903169632,0.0060540721751749516,5.449801098253787,0.00768480496481061,0.886685848236084,0.299041748046875,3.6759138485254983,0.006328502204269171,False,0,0,1339,pred[1339] <-> gt[1339] <-> mask[1339]
1340,1340,1340,results/B_mask_20_30_reliability_inference/frames/0335.png,/root/autodl-tmp/Inpainting/BundleFusion/B_imgs_gt/office0/02680.jpg,/root/autodl-tmp/Inpainting/masks/irregular_mask/mask_rates_20_30/0009835.png,0335.png,02680.jpg,0009835.png,0335,02680,0009835,"[256, 256]","[256, 256]","[256, 256]",False,False,0.240478515625,15760,9.096657121425032,8.915154306958533,0.3233153522014618,0.3233153522014618,9.155742423488682,0.347599595785141,0.7710556983947754,0.3365631103515625,8.676949722257724,0.3233153522014618,False,0,0,1340,pred[1340] <-> gt[1340] <-> mask[1340]
1341,1341,1341,results/B_mask_20_30_reliability_inference/line_debug/0335_center.png,/root/autodl-tmp/Inpainting/BundleFusion/B_imgs_gt/office0/02682.jpg,/root/autodl-tmp/Inpainting/masks/irregular_mask/mask_rates_20_30/0009844.png,0335_center.png,02682.jpg,0009844.png,0335_center,02682,0009844,"[256, 256]","[256, 256]","[256, 256]",False,False,0.2320098876953125,15205,3.908273796521071,3.2947721046734566,0.0013153912732377648,0.0010512340813875198,4.11204890450623,0.0012160219484940171,0.9168736934661865,0.3415985107421875,3.3613991776231607,0.0012791823828592896,False,0,0,1341,pred[1341] <-> gt[1341] <-> mask[1341]
1342,1342,1342,results/B_mask_20_30_reliability_inference/line_debug/0335_reliability.png,/root/autodl-tmp/Inpainting/BundleFusion/B_imgs_gt/office0/02684.jpg,/root/autodl-tmp/Inpainting/masks/irregular_mask/mask_rates_20_30/0009854.png,0335_reliability.png,02684.jpg,0009854.png,0335_reliability,02684,0009854,"[256, 256]","[256, 256]","[256, 256]",False,False,0.26458740234375,17340,3.6855906059038417,4.534630382379784,0.006954537238925695,0.006954537238925695,3.4166303327252026,0.006994664203375578,0.9037820100784302,0.3118743896484375,3.0162038977270633,0.006954537238925695,True,0,0,1342,pred[1342] <-> gt[1342] <-> mask[1342]
1343,1343,1343,results/B_mask_20_30_reliability_inference/line_debug/0335_soft.png,/root/autodl-tmp/Inpainting/BundleFusion/B_imgs_gt/office0/02686.jpg,/root/autodl-tmp/Inpainting/masks/irregular_mask/mask_rates_20_30/0009861.png,0335_soft.png,02686.jpg,0009861.png,0335_soft,02686,0009861,"[256, 256]","[256, 256]","[256, 256]",False,False,0.204681396484375,13414,3.333479095011869,3.3980074456016536,0.007021211087703705,0.0039246887899935246,3.317026187903352,0.00783489365130663,0.9014523029327393,0.1781158447265625,3.5266183147904338,0.005413780454546213,True,0,0,1343,pred[1343] <-> gt[1343] <-> mask[1343]
1344,1344,1344,results/B_mask_20_30_reliability_inference/frames/0336.png,/root/autodl-tmp/Inpainting/BundleFusion/B_imgs_gt/office0/02688.jpg,/root/autodl-tmp/Inpainting/masks/irregular_mask/mask_rates_20_30/0009870.png,0336.png,02688.jpg,0009870.png,0336,02688,0009870,"[256, 256]","[256, 256]","[256, 256]",False,False,0.259765625,17024,8.013977782322106,9.6032217272075,0.2610197365283966,0.29519176483154297,7.570376632762326,0.22564885020256042,0.7764124870300293,0.2207794189453125,7.184816780510557,0.28929564356803894,True,0,0,1344,pred[1344] <-> gt[1344] <-> mask[1344]
1345,1345,1345,results/B_mask_20_30_reliability_inference/line_debug/0336_center.png,/root/autodl-tmp/Inpainting/BundleFusion/B_imgs_gt/office0/02690.jpg,/root/autodl-tmp/Inpainting/masks/irregular_mask/mask_rates_20_30/0009881.png,0336_center.png,02690.jpg,0009881.png,0336_center,02690,0009881,"[256, 256]","[256, 256]","[256, 256]",False,False,0.2574920654296875,16875,3.9217745629774554,4.819306461374068,0.00531592546030879,0.0053362469188869,3.649307049898524,0.003684891387820244,0.8433927297592163,0.2684173583984375,3.8636788468294108,0.00531592546030879,True,0,0,1345,pred[1345] <-> gt[1345] <-> mask[1345]
1346,1346,1346,results/B_mask_20_30_reliability_inference/line_debug/0336_reliability.png,/root/autodl-tmp/Inpainting/BundleFusion/B_imgs_gt/office0/02692.jpg,/root/autodl-tmp/Inpainting/masks/irregular_mask/mask_rates_20_30/0009884.png,0336_reliability.png,02692.jpg,0009884.png,0336_reliability,02692,0009884,"[256, 256]","[256, 256]","[256, 256]",False,False,0.282501220703125,18514,4.311286738108658,3.80874801928616,0.02365545928478241,0.018381930887699127,4.526288960630314,0.026673730462789536,0.792801558971405,0.33673095703125,4.195937528891579,0.023469513282179832,False,0,0,1346,pred[1346] <-> gt[1346] <-> mask[1346]
1347,1347,1347,results/B_mask_20_30_reliability_inference/line_debug/0336_soft.png,/root/autodl-tmp/Inpainting/BundleFusion/B_imgs_gt/office0/02694.jpg,/root/autodl-tmp/Inpainting/masks/irregular_mask/mask_rates_20_30/0009886.png,0336_soft.png,02694.jpg,0009886.png,0336_soft,02694,0009886,"[256, 256]","[256, 256]","[256, 256]",False,False,0.236907958984375,15526,4.494143531038556,2.9183111162638102,0.024214446544647217,0.00831800326704979,5.128001443878141,0.029810912907123566,0.7626359462738037,0.249969482421875,3.4867632786512748,0.0158025324344635,False,0,0,1347,pred[1347] <-> gt[1347] <-> mask[1347]
1348,1348,1348,results/B_mask_20_30_reliability_inference/frames/0337.png,/root/autodl-tmp/Inpainting/BundleFusion/B_imgs_gt/office0/02696.jpg,/root/autodl-tmp/Inpainting/masks/irregular_mask/mask_rates_20_30/0009888.png,0337.png,02696.jpg,0009888.png,0337,02696,0009888,"[256, 256]","[256, 256]","[256, 256]",False,False,0.2007598876953125,13157,8.138180307708312,8.961834752583117,0.2809408903121948,0.24719375371932983,7.953697666360914,0.2994017004966736,0.6767299175262451,0.2413177490234375,7.300130413119172,0.2776217758655548,True,0,0,1348,pred[1348] <-> gt[1348] <-> mask[1348]
1349,1349,1349,results/B_mask_20_30_reliability_inference/line_debug/0337_center.png,/root/autodl-tmp/Inpainting/BundleFusion/B_imgs_gt/office0/02698.jpg,/root/autodl-tmp/Inpainting/masks/irregular_mask/mask_rates_20_30/0009902.png,0337_center.png,02698.jpg,0009902.png,0337_center,02698,0009902,"[256, 256]","[256, 256]","[256, 256]",False,False,0.2753753662109375,18047,4.981063267042679,4.686111556722511,0.015498579479753971,0.020699534565210342,5.098622611388814,0.013123837299644947,0.7890983819961548,0.3243255615234375,5.585149260947322,0.01695019006729126,False,0,0,1349,pred[1349] <-> gt[1349] <-> mask[1349]
1350,1350,1350,results/B_mask_20_30_reliability_inference/line_debug/0337_reliability.png,/root/autodl-tmp/Inpainting/BundleFusion/B_imgs_gt/office0/02700.jpg,/root/autodl-tmp/Inpainting/masks/irregular_mask/mask_rates_20_30/0009905.png,0337_reliability.png,02700.jpg,0009905.png,0337_reliability,02700,0009905,"[256, 256]","[256, 256]","[256, 256]",False,False,0.2205047607421875,14451,5.518037329141139,4.4935932103326595,0.03612743318080902,0.048457637429237366,5.857819002522113,0.035361986607313156,0.75657057762146,0.2412567138671875,6.368110465764676,0.046484556049108505,False,0,0,1350,pred[1350] <-> gt[1350] <-> mask[1350]
1351,1351,1351,results/B_mask_20_30_reliability_inference/line_debug/0337_soft.png,/root/autodl-tmp/Inpainting/BundleFusion/B_imgs_gt/office0/02702.jpg,/root/autodl-tmp/Inpainting/masks/irregular_mask/mask_rates_20_30/0009906.png,0337_soft.png,02702.jpg,0009906.png,0337_soft,02702,0009906,"[256, 256]","[256, 256]","[256, 256]",False,False,0.236236572265625,15482,6.732511190341719,4.368660777872745,0.04185542091727257,0.06072521209716797,7.832498978418685,0.04771898686885834,0.7293815016746521,0.1486053466796875,8.043383183455855,0.055145349353551865,False,0,0,1351,pred[1351] <-> gt[1351] <-> mask[1351]
1352,1352,1352,results/B_mask_20_30_reliability_inference/frames/0338.png,/root/autodl-tmp/Inpainting/BundleFusion/B_imgs_gt/office0/02704.jpg,/root/autodl-tmp/Inpainting/masks/irregular_mask/mask_rates_20_30/0009914.png,0338.png,02704.jpg,0009914.png,0338,02704,0009914,"[256, 256]","[256, 256]","[256, 256]",False,False,0.28228759765625,18500,7.177798436827528,6.474220495894654,0.14249907433986664,0.14422237873077393,7.4890983546944145,0.1382451355457306,0.7446600198745728,0.2505950927734375,7.058122097678245,0.14444689452648163,False,0,0,1352,pred[1352] <-> gt[1352] <-> mask[1352]
1353,1353,1353,results/B_mask_20_30_reliability_inference/line_debug/0338_center.png,/root/autodl-tmp/Inpainting/BundleFusion/B_imgs_gt/office0/02706.jpg,/root/autodl-tmp/Inpainting/masks/irregular_mask/mask_rates_20_30/0009915.png,0338_center.png,02706.jpg,0009915.png,0338_center,02706,0009915,"[256, 256]","[256, 256]","[256, 256]",False,False,0.2352142333984375,15415,8.191396111839882,6.968095339846623,0.027891313657164574,0.028330424800515175,8.649272762142047,0.028330568224191666,0.766769528388977,0.29595947265625,9.092870076192657,0.02660410664975643,False,0,0,1353,pred[1353] <-> gt[1353] <-> mask[1353]
1354,1354,1354,results/B_mask_20_30_reliability_inference/line_debug/0338_reliability.png,/root/autodl-tmp/Inpainting/BundleFusion/B_imgs_gt/office0/02708.jpg,/root/autodl-tmp/Inpainting/masks/irregular_mask/mask_rates_20_30/0009920.png,0338_reliability.png,02708.jpg,0009920.png,0338_reliability,02708,0009920,"[256, 256]","[256, 256]","[256, 256]",False,False,0.264495849609375,17334,9.047519082903692,10.375419164822384,0.060032594949007034,0.06199169158935547,8.654429073336162,0.053123243153095245,0.7015631794929504,0.252655029296875,8.82036519277787,0.055026788264513016,True,0,0,1354,pred[1354] <-> gt[1354] <-> mask[1354]
1355,1355,1355,results/B_mask_20_30_reliability_inference/line_debug/0338_soft.png,/root/autodl-tmp/Inpainting/BundleFusion/B_imgs_gt/office0/02710.jpg,/root/autodl-tmp/Inpainting/masks/irregular_mask/mask_rates_20_30/0009927.png,0338_soft.png,02710.jpg,0009927.png,0338_soft,02710,0009927,"[256, 256]","[256, 256]","[256, 256]",False,False,0.254119873046875,16654,9.844010514931812,9.417933795539872,0.06698315590620041,0.0641796886920929,9.999276159220686,0.06262486428022385,0.6956894397735596,0.2884521484375,8.125859061337621,0.0600941963493824,False,0,0,1355,pred[1355] <-> gt[1355] <-> mask[1355]
1356,1356,1356,results/B_mask_20_30_reliability_inference/frames/0339.png,/root/autodl-tmp/Inpainting/BundleFusion/B_imgs_gt/office0/02712.jpg,/root/autodl-tmp/Inpainting/masks/irregular_mask/mask_rates_20_30/0009929.png,0339.png,02712.jpg,0009929.png,0339,02712,0009929,"[256, 256]","[256, 256]","[256, 256]",False,False,0.25238037109375,16540,7.235114200270153,7.525253951948393,0.1699211597442627,0.1595279425382614,7.141387630451685,0.17091979086399078,0.7473171949386597,0.373382568359375,6.963655726542777,0.17032425105571747,True,0,0,1356,pred[1356] <-> gt[1356] <-> mask[1356]
1357,1357,1357,results/B_mask_20_30_reliability_inference/line_debug/0339_center.png,/root/autodl-tmp/Inpainting/BundleFusion/B_imgs_gt/office0/02714.jpg,/root/autodl-tmp/Inpainting/masks/irregular_mask/mask_rates_20_30/0009938.png,0339_center.png,02714.jpg,0009938.png,0339_center,02714,0009938,"[256, 256]","[256, 256]","[256, 256]",False,False,0.2016143798828125,13213,10.08263917388528,13.85393068758619,0.03438270464539528,0.04901530221104622,9.488677668732752,0.030558984726667404,0.7221341729164124,0.157073974609375,12.544601837751905,0.04336286708712578,True,0,0,1357,pred[1357] <-> gt[1357] <-> mask[1357]
1358,1358,1358,results/B_mask_20_30_reliability_inference/line_debug/0339_reliability.png,/root/autodl-tmp/Inpainting/BundleFusion/B_imgs_gt/office0/02716.jpg,/root/autodl-tmp/Inpainting/masks/irregular_mask/mask_rates_20_30/0009955.png,0339_reliability.png,02716.jpg,0009955.png,0339_reliability,02716,0009955,"[256, 256]","[256, 256]","[256, 256]",False,False,0.2357025146484375,15447,10.943796849474952,16.927860462984594,0.06778831034898758,0.0981244444847107,10.04247977086169,0.046669475734233856,0.693209171295166,0.2088775634765625,12.559814659235904,0.08065314590930939,True,0,0,1358,pred[1358] <-> gt[1358] <-> mask[1358]
1359,1359,1359,results/B_mask_20_30_reliability_inference/line_debug/0339_soft.png,/root/autodl-tmp/Inpainting/BundleFusion/B_imgs_gt/office0/02718.jpg,/root/autodl-tmp/Inpainting/masks/irregular_mask/mask_rates_20_30/0009958.png,0339_soft.png,02718.jpg,0009958.png,0339_soft,02718,0009958,"[256, 256]","[256, 256]","[256, 256]",False,False,0.26312255859375,17244,10.897173080977137,11.83570681327235,0.0691019743680954,0.06720001995563507,10.605779547147696,0.07944665104150772,0.7018064856529236,0.2911224365234375,9.692921583011241,0.0691019743680954,True,0,0,1359,pred[1359] <-> gt[1359] <-> mask[1359]
1360,1360,1360,results/B_mask_20_30_reliability_inference/frames/0340.png,/root/autodl-tmp/Inpainting/BundleFusion/B_imgs_gt/office0/02720.jpg,/root/autodl-tmp/Inpainting/masks/irregular_mask/mask_rates_20_30/0009985.png,0340.png,02720.jpg,0009985.png,0340,02720,0009985,"[256, 256]","[256, 256]","[256, 256]",False,False,0.216796875,14208,7.4043092267075465,7.625703031411209,0.17372246086597443,0.15595786273479462,7.344968445235978,0.18154694139957428,0.7753288149833679,0.375396728515625,7.270198168838102,0.17278270423412323,True,0,0,1360,pred[1360] <-> gt[1360] <-> mask[1360]
1361,1361,1361,results/B_mask_20_30_reliability_inference/line_debug/0340_center.png,/root/autodl-tmp/Inpainting/BundleFusion/B_imgs_gt/office0/02722.jpg,/root/autodl-tmp/Inpainting/masks/irregular_mask/mask_rates_20_30/0010004.png,0340_center.png,02722.jpg,0010004.png,0340_center,02722,0010004,"[256, 256]","[256, 256]","[256, 256]",False,False,0.2303924560546875,15099,8.915953342005405,5.947542259200257,0.03579339012503624,0.030408740043640137,10.425547063149697,0.04033667594194412,0.712618350982666,0.343109130859375,10.144862096258375,0.03579339012503624,False,0,0,1361,pred[1361] <-> gt[1361] <-> mask[1361]
1362,1362,1362,results/B_mask_20_30_reliability_inference/line_debug/0340_reliability.png,/root/autodl-tmp/Inpainting/BundleFusion/B_imgs_gt/office0/02724.jpg,/root/autodl-tmp/Inpainting/masks/irregular_mask/mask_rates_20_30/0010011.png,0340_reliability.png,02724.jpg,0010011.png,0340_reliability,02724,0010011,"[256, 256]","[256, 256]","[256, 256]",False,False,0.2827911376953125,18533,7.8492777459999825,7.581526800063882,0.0614161491394043,0.0614161491394043,7.959560737426088,0.06015098839998245,0.7088724374771118,0.431243896484375,8.060654281496301,0.0614161491394043,False,0,0,1362,pred[1362] <-> gt[1362] <-> mask[1362]
1363,1363,1363,results/B_mask_20_30_reliability_inference/line_debug/0340_soft.png,/root/autodl-tmp/Inpainting/BundleFusion/B_imgs_gt/office0/02726.jpg,/root/autodl-tmp/Inpainting/masks/irregular_mask/mask_rates_20_30/0010012.png,0340_soft.png,02726.jpg,0010012.png,0340_soft,02726,0010012,"[256, 256]","[256, 256]","[256, 256]",False,False,0.21337890625,13984,7.097922500418808,5.9142620329404885,0.045424968004226685,0.05176706612110138,7.483652318980694,0.04609711095690727,0.7220720648765564,0.321807861328125,9.12492303291897,0.05059954151511192,False,0,0,1363,pred[1363] <-> gt[1363] <-> mask[1363]
1364,1364,1364,results/B_mask_20_30_reliability_inference/frames/0341.png,/root/autodl-tmp/Inpainting/BundleFusion/B_imgs_gt/office0/02728.jpg,/root/autodl-tmp/Inpainting/masks/irregular_mask/mask_rates_20_30/0010046.png,0341.png,02728.jpg,0010046.png,0341,02728,0010046,"[256, 256]","[256, 256]","[256, 256]",False,False,0.282196044921875,18494,7.924497808475278,7.298707775889165,0.2415805459022522,0.25899872183799744,8.197533465559484,0.2286168932914734,0.7088336944580078,0.3334808349609375,7.554927185075968,0.2415805459022522,False,0,0,1364,pred[1364] <-> gt[1364] <-> mask[1364]
1365,1365,1365,results/B_mask_20_30_reliability_inference/line_debug/0341_center.png,/root/autodl-tmp/Inpainting/BundleFusion/B_imgs_gt/office0/02730.jpg,/root/autodl-tmp/Inpainting/masks/irregular_mask/mask_rates_20_30/0010049.png,0341_center.png,02730.jpg,0010049.png,0341_center,02730,0010049,"[256, 256]","[256, 256]","[256, 256]",False,False,0.2051544189453125,13445,7.1705940330714535,8.262366207929473,0.02259623445570469,0.032583437860012054,6.928315938895193,0.02078763209283352,0.7567620277404785,0.213287353515625,6.291477067769358,0.02514585852622986,True,0,0,1365,pred[1365] <-> gt[1365] <-> mask[1365]
1366,1366,1366,results/B_mask_20_30_reliability_inference/line_debug/0341_reliability.png,/root/autodl-tmp/Inpainting/BundleFusion/B_imgs_gt/office0/02732.jpg,/root/autodl-tmp/Inpainting/masks/irregular_mask/mask_rates_20_30/0010060.png,0341_reliability.png,02732.jpg,0010060.png,0341_reliability,02732,0010060,"[256, 256]","[256, 256]","[256, 256]",False,False,0.2916412353515625,19113,7.5121903490319095,5.2925551276549285,0.04511521756649017,0.05451767146587372,8.90675952163761,0.05307183042168617,0.7384656667709351,0.1686859130859375,13.033447547262714,0.05241751670837402,False,0,0,1366,pred[1366] <-> gt[1366] <-> mask[1366]
1367,1367,1367,results/B_mask_20_30_reliability_inference/line_debug/0341_soft.png,/root/autodl-tmp/Inpainting/BundleFusion/B_imgs_gt/office0/02734.jpg,/root/autodl-tmp/Inpainting/masks/irregular_mask/mask_rates_20_30/0010081.png,0341_soft.png,02734.jpg,0010081.png,0341_soft,02734,0010081,"[256, 256]","[256, 256]","[256, 256]",False,False,0.2329254150390625,15265,7.675248036767633,6.655637049711869,0.04434690997004509,0.04666721448302269,8.039040892462964,0.04534859210252762,0.7372390031814575,0.2483673095703125,7.412140457328106,0.04481711983680725,False,0,0,1367,pred[1367] <-> gt[1367] <-> mask[1367]
1368,1368,1368,results/B_mask_20_30_reliability_inference/frames/0342.png,/root/autodl-tmp/Inpainting/BundleFusion/B_imgs_gt/office0/02736.jpg,/root/autodl-tmp/Inpainting/masks/irregular_mask/mask_rates_20_30/0010084.png,0342.png,02736.jpg,0010084.png,0342,02736,0010084,"[256, 256]","[256, 256]","[256, 256]",False,False,0.2265625,14848,7.878825757783576,7.001408114584441,0.2207798957824707,0.20671384036540985,8.173420799888945,0.2454044073820114,0.7364550232887268,0.2844390869140625,6.951765549990783,0.21917660534381866,False,0,0,1368,pred[1368] <-> gt[1368] <-> mask[1368]
1369,1369,1369,results/B_mask_20_30_reliability_inference/line_debug/0342_center.png,/root/autodl-tmp/Inpainting/BundleFusion/B_imgs_gt/office0/02738.jpg,/root/autodl-tmp/Inpainting/masks/irregular_mask/mask_rates_20_30/0010095.png,0342_center.png,02738.jpg,0010095.png,0342_center,02738,0010095,"[256, 256]","[256, 256]","[256, 256]",False,False,0.208343505859375,13654,8.015685224258055,7.086428221595309,0.02417103946208954,0.030512988567352295,8.297312828568637,0.02372259832918644,0.7304550409317017,0.23065185546875,8.454473821929454,0.025685779750347137,False,0,0,1369,pred[1369] <-> gt[1369] <-> mask[1369]
1370,1370,1370,results/B_mask_20_30_reliability_inference/line_debug/0342_reliability.png,/root/autodl-tmp/Inpainting/BundleFusion/B_imgs_gt/office0/02740.jpg,/root/autodl-tmp/Inpainting/masks/irregular_mask/mask_rates_20_30/0010107.png,0342_reliability.png,02740.jpg,0010107.png,0342_reliability,02740,0010107,"[256, 256]","[256, 256]","[256, 256]",False,False,0.240264892578125,15746,8.758570629582664,7.545586738907128,0.037179794162511826,0.033031027764081955,9.22530552792771,0.042546242475509644,0.7417541146278381,0.3228302001953125,8.740596389680471,0.03694753348827362,False,0,0,1370,pred[1370] <-> gt[1370] <-> mask[1370]
1371,1371,1371,results/B_mask_20_30_reliability_inference/line_debug/0342_soft.png,/root/autodl-tmp/Inpainting/BundleFusion/B_imgs_gt/office0/02742.jpg,/root/autodl-tmp/Inpainting/masks/irregular_mask/mask_rates_20_30/0010126.png,0342_soft.png,02742.jpg,0010126.png,0342_soft,02742,0010126,"[256, 256]","[256, 256]","[256, 256]",False,False,0.266510009765625,17466,9.035781405917467,8.434656104918147,0.039469148963689804,0.03773685172200203,9.276590583325692,0.03876198083162308,0.7426542043685913,0.3785400390625,8.59414980412755,0.039469148963689804,False,0,0,1371,pred[1371] <-> gt[1371] <-> mask[1371]
1372,1372,1372,results/B_mask_20_30_reliability_inference/frames/0343.png,/root/autodl-tmp/Inpainting/BundleFusion/B_imgs_gt/office0/02744.jpg,/root/autodl-tmp/Inpainting/masks/irregular_mask/mask_rates_20_30/0010137.png,0343.png,02744.jpg,0010137.png,0343,02744,0010137,"[256, 256]","[256, 256]","[256, 256]",False,False,0.2050018310546875,13435,7.877805556176572,6.278063754040099,0.25485309958457947,0.2076227068901062,8.407592360980303,0.2808223366737366,0.7381358742713928,0.3715667724609375,7.225888253058972,0.2548912465572357,False,0,0,1372,pred[1372] <-> gt[1372] <-> mask[1372]
1373,1373,1373,results/B_mask_20_30_reliability_inference/line_debug/0343_center.png,/root/autodl-tmp/Inpainting/BundleFusion/B_imgs_gt/office0/02746.jpg,/root/autodl-tmp/Inpainting/masks/irregular_mask/mask_rates_20_30/0010143.png,0343_center.png,02746.jpg,0010143.png,0343_center,02746,0010143,"[256, 256]","[256, 256]","[256, 256]",False,False,0.2108306884765625,13817,9.896343944567146,10.709547497261589,0.027471506968140602,0.03404128551483154,9.702606141779611,0.025345761328935623,0.756560742855072,0.2928619384765625,10.45493696321829,0.031639330089092255,True,0,0,1373,pred[1373] <-> gt[1373] <-> mask[1373]
1374,1374,1374,results/B_mask_20_30_reliability_inference/line_debug/0343_reliability.png,/root/autodl-tmp/Inpainting/BundleFusion/B_imgs_gt/office0/02748.jpg,/root/autodl-tmp/Inpainting/masks/irregular_mask/mask_rates_20_30/0010161.png,0343_reliability.png,02748.jpg,0010161.png,0343_reliability,02748,0010161,"[256, 256]","[256, 256]","[256, 256]",False,False,0.2860565185546875,18747,11.22480526883738,11.583097759317301,0.04929046705365181,0.040356237441301346,11.08915118375155,0.05283035337924957,0.7172597646713257,0.271270751953125,11.651587971805792,0.04732505977153778,True,0,0,1374,pred[1374] <-> gt[1374] <-> mask[1374]
1375,1375,1375,results/B_mask_20_30_reliability_inference/line_debug/0343_soft.png,/root/autodl-tmp/Inpainting/BundleFusion/B_imgs_gt/office0/02750.jpg,/root/autodl-tmp/Inpainting/masks/irregular_mask/mask_rates_20_30/0010169.png,0343_soft.png,02750.jpg,0010169.png,0343_soft,02750,0010169,"[256, 256]","[256, 256]","[256, 256]",False,False,0.2548370361328125,16701,11.261877265361015,11.943000204511842,0.04840051010251045,0.04888863489031792,11.051468169357632,0.045495204627513885,0.7154643535614014,0.234100341796875,11.161169069185842,0.051461607217788696,True,0,0,1375,pred[1375] <-> gt[1375] <-> mask[1375]
1376,1376,1376,results/B_mask_20_30_reliability_inference/frames/0344.png,/root/autodl-tmp/Inpainting/BundleFusion/B_imgs_gt/office0/02752.jpg,/root/autodl-tmp/Inpainting/masks/irregular_mask/mask_rates_20_30/0010170.png,0344.png,02752.jpg,0010170.png,0344,02752,0010170,"[256, 256]","[256, 256]","[256, 256]",False,False,0.2001495361328125,13117,7.17329669080275,8.67535426237093,0.253365159034729,0.23186857998371124,6.866628538005365,0.22107644379138947,0.7034186124801636,0.248382568359375,7.244133892221139,0.2351740598678589,True,0,0,1376,pred[1376] <-> gt[1376] <-> mask[1376]
1377,1377,1377,results/B_mask_20_30_reliability_inference/line_debug/0344_center.png,/root/autodl-tmp/Inpainting/BundleFusion/B_imgs_gt/office0/02754.jpg,/root/autodl-tmp/Inpainting/masks/irregular_mask/mask_rates_20_30/0010188.png,0344_center.png,02754.jpg,0010188.png,0344_center,02754,0010188,"[256, 256]","[256, 256]","[256, 256]",False,False,0.2955780029296875,19371,10.671942251589893,12.729517877875365,0.025236496701836586,0.027607202529907227,10.033588069913133,0.024523762986063957,0.7224937081336975,0.3174285888671875,12.129353180344458,0.025236496701836586,True,0,0,1377,pred[1377] <-> gt[1377] <-> mask[1377]
1378,1378,1378,results/B_mask_20_30_reliability_inference/line_debug/0344_reliability.png,/root/autodl-tmp/Inpainting/BundleFusion/B_imgs_gt/office0/02756.jpg,/root/autodl-tmp/Inpainting/masks/irregular_mask/mask_rates_20_30/0010193.png,0344_reliability.png,02756.jpg,0010193.png,0344_reliability,02756,0010193,"[256, 256]","[256, 256]","[256, 256]",False,False,0.275787353515625,18074,11.842049003811475,10.418481837042977,0.041361719369888306,0.0502968393266201,12.536197318778532,0.040282294154167175,0.6999515891075134,0.250335693359375,11.51276181651002,0.04402962327003479,False,0,0,1378,pred[1378] <-> gt[1378] <-> mask[1378]
1379,1379,1379,results/B_mask_20_30_reliability_inference/line_debug/0344_soft.png,/root/autodl-tmp/Inpainting/BundleFusion/B_imgs_gt/office0/02758.jpg,/root/autodl-tmp/Inpainting/masks/irregular_mask/mask_rates_20_30/0010199.png,0344_soft.png,02758.jpg,0010199.png,0344_soft,02758,0010199,"[256, 256]","[256, 256]","[256, 256]",False,False,0.26190185546875,17164,12.659181179605348,12.930965265104184,0.0413617379963398,0.045702625066041946,12.566690926925828,0.04076030105352402,0.7016761898994446,0.28973388671875,13.83505475271416,0.04019967094063759,True,0,0,1379,pred[1379] <-> gt[1379] <-> mask[1379]
1380,1380,1380,results/B_mask_20_30_reliability_inference/frames/0345.png,/root/autodl-tmp/Inpainting/BundleFusion/B_imgs_gt/office0/02760.jpg,/root/autodl-tmp/Inpainting/masks/irregular_mask/mask_rates_20_30/0010216.png,0345.png,02760.jpg,0010216.png,0345,02760,0010216,"[256, 256]","[256, 256]","[256, 256]",False,False,0.287109375,18816,7.1160379187676135,7.012702876187643,0.2428686022758484,0.2332869917154312,7.158359842715222,0.2533693015575409,0.7802821397781372,0.3340606689453125,6.564019549573718,0.2405797839164734,False,0,0,1380,pred[1380] <-> gt[1380] <-> mask[1380]
1381,1381,1381,results/B_mask_20_30_reliability_inference/line_debug/0345_center.png,/root/autodl-tmp/Inpainting/BundleFusion/B_imgs_gt/office0/02762.jpg,/root/autodl-tmp/Inpainting/masks/irregular_mask/mask_rates_20_30/0010219.png,0345_center.png,02762.jpg,0010219.png,0345_center,02762,0010219,"[256, 256]","[256, 256]","[256, 256]",False,False,0.2456207275390625,16097,12.8717994861635,15.267417032533091,0.02741265296936035,0.03408345952630043,12.310206331965635,0.026361871510744095,0.7210381031036377,0.3960418701171875,14.129033892958383,0.029951192438602448,True,0,0,1381,pred[1381] <-> gt[1381] <-> mask[1381]
1382,1382,1382,results/B_mask_20_30_reliability_inference/line_debug/0345_reliability.png,/root/autodl-tmp/Inpainting/BundleFusion/B_imgs_gt/office0/02764.jpg,/root/autodl-tmp/Inpainting/masks/irregular_mask/mask_rates_20_30/0010220.png,0345_reliability.png,02764.jpg,0010220.png,0345_reliability,02764,0010220,"[256, 256]","[256, 256]","[256, 256]",False,False,0.235504150390625,15434,14.187640847969993,13.588369047888708,0.047750577330589294,0.04253269359469414,14.390244463575467,0.04940606281161308,0.709355354309082,0.2802886962890625,13.30076885242071,0.04566715657711029,False,0,0,1382,pred[1382] <-> gt[1382] <-> mask[1382]
1383,1383,1383,results/B_mask_20_30_reliability_inference/line_debug/0345_soft.png,/root/autodl-tmp/Inpainting/BundleFusion/B_imgs_gt/office0/02766.jpg,/root/autodl-tmp/Inpainting/masks/irregular_mask/mask_rates_20_30/0010230.png,0345_soft.png,02766.jpg,0010230.png,0345_soft,02766,0010230,"[256, 256]","[256, 256]","[256, 256]",False,False,0.298980712890625,19594,13.966068460006918,14.735746045263111,0.04839058220386505,0.04869227111339569,13.675209505099968,0.03798040747642517,0.7179096937179565,0.382080078125,14.306285506752893,0.04839058220386505,True,0,0,1383,pred[1383] <-> gt[1383] <-> mask[1383]
1384,1384,1384,results/B_mask_20_30_reliability_inference/frames/0346.png,/root/autodl-tmp/Inpainting/BundleFusion/B_imgs_gt/office0/02768.jpg,/root/autodl-tmp/Inpainting/masks/irregular_mask/mask_rates_20_30/0010251.png,0346.png,02768.jpg,0010251.png,0346,02768,0010251,"[256, 256]","[256, 256]","[256, 256]",False,False,0.285247802734375,18694,7.587672700456914,5.101350421547314,0.27161815762519836,0.25855782628059387,9.1889286374183,0.299485445022583,0.7985740303993225,0.1706085205078125,6.701310474133615,0.2594851553440094,False,0,0,1384,pred[1384] <-> gt[1384] <-> mask[1384]
1385,1385,1385,results/B_mask_20_30_reliability_inference/line_debug/0346_center.png,/root/autodl-tmp/Inpainting/BundleFusion/B_imgs_gt/office0/02770.jpg,/root/autodl-tmp/Inpainting/masks/irregular_mask/mask_rates_20_30/0010252.png,0346_center.png,02770.jpg,0010252.png,0346_center,02770,0010252,"[256, 256]","[256, 256]","[256, 256]",False,False,0.238739013671875,15646,12.830871158787943,14.372350683106895,0.02426542341709137,0.027296265587210655,12.441882741200654,0.023587776347994804,0.7213298082351685,0.2660675048828125,15.102407683505163,0.025979632511734962,True,0,0,1385,pred[1385] <-> gt[1385] <-> mask[1385]
1386,1386,1386,results/B_mask_20_30_reliability_inference/line_debug/0346_reliability.png,/root/autodl-tmp/Inpainting/BundleFusion/B_imgs_gt/office0/02772.jpg,/root/autodl-tmp/Inpainting/masks/irregular_mask/mask_rates_20_30/0010259.png,0346_reliability.png,02772.jpg,0010259.png,0346_reliability,02772,0010259,"[256, 256]","[256, 256]","[256, 256]",False,False,0.2178192138671875,14275,13.519324997016609,15.133685727262794,0.05097738280892372,0.049335867166519165,13.159211657107189,0.04733237996697426,0.7218512296676636,0.1638031005859375,15.080682307732173,0.042661283165216446,True,0,0,1386,pred[1386] <-> gt[1386] <-> mask[1386]
1387,1387,1387,results/B_mask_20_30_reliability_inference/line_debug/0346_soft.png,/root/autodl-tmp/Inpainting/BundleFusion/B_imgs_gt/office0/02774.jpg,/root/autodl-tmp/Inpainting/masks/irregular_mask/mask_rates_20_30/0010270.png,0346_soft.png,02774.jpg,0010270.png,0346_soft,02774,0010270,"[256, 256]","[256, 256]","[256, 256]",False,False,0.2681121826171875,17571,13.741463970326219,13.207812518740795,0.0465070866048336,0.040246669203042984,13.954621285862736,0.05631699785590172,0.7128767371177673,0.3134002685546875,13.541414958162594,0.04598524793982506,False,0,0,1387,pred[1387] <-> gt[1387] <-> mask[1387]
1388,1388,1388,results/B_mask_20_30_reliability_inference/frames/0347.png,/root/autodl-tmp/Inpainting/BundleFusion/B_imgs_gt/office0/02776.jpg,/root/autodl-tmp/Inpainting/masks/irregular_mask/mask_rates_20_30/0010283.png,0347.png,02776.jpg,0010283.png,0347,02776,0010283,"[256, 256]","[256, 256]","[256, 256]",False,False,0.28741455078125,18836,8.128918880668737,7.237855284634639,0.2667886018753052,0.26705658435821533,8.547374618842047,0.2619490325450897,0.781409502029419,0.2570953369140625,6.7052736281977365,0.2738010883331299,False,0,0,1388,pred[1388] <-> gt[1388] <-> mask[1388]
1389,1389,1389,results/B_mask_20_30_reliability_inference/line_debug/0347_center.png,/root/autodl-tmp/Inpainting/BundleFusion/B_imgs_gt/office0/02778.jpg,/root/autodl-tmp/Inpainting/masks/irregular_mask/mask_rates_20_30/0010288.png,0347_center.png,02778.jpg,0010288.png,0347_center,02778,0010288,"[256, 256]","[256, 256]","[256, 256]",False,False,0.24029541015625,15748,12.104390659722053,13.630085102958645,0.016732232645154,0.017869995906949043,11.715416818734637,0.016941439360380173,0.7203649282455444,0.3892364501953125,12.533283551443322,0.01671893149614334,True,0,0,1389,pred[1389] <-> gt[1389] <-> mask[1389]
1390,1390,1390,results/B_mask_20_30_reliability_inference/line_debug/0347_reliability.png,/root/autodl-tmp/Inpainting/BundleFusion/B_imgs_gt/office0/02780.jpg,/root/autodl-tmp/Inpainting/masks/irregular_mask/mask_rates_20_30/0010294.png,0347_reliability.png,02780.jpg,0010294.png,0347_reliability,02780,0010294,"[256, 256]","[256, 256]","[256, 256]",False,False,0.208953857421875,13694,12.720891298540703,16.25899409393258,0.03216506913304329,0.030765891075134277,12.124543765102661,0.03316774219274521,0.7134684920310974,0.28851318359375,14.677366240004726,0.03147120773792267,True,0,0,1390,pred[1390] <-> gt[1390] <-> mask[1390]
1391,1391,1391,results/B_mask_20_30_reliability_inference/line_debug/0347_soft.png,/root/autodl-tmp/Inpainting/BundleFusion/B_imgs_gt/office0/02782.jpg,/root/autodl-tmp/Inpainting/masks/irregular_mask/mask_rates_20_30/0010317.png,0347_soft.png,02782.jpg,0010317.png,0347_soft,02782,0010317,"[256, 256]","[256, 256]","[256, 256]",False,False,0.2510986328125,16456,12.832042579993377,17.683680516364152,0.03299107402563095,0.03550286218523979,11.948637248643665,0.02938326634466648,0.7111186385154724,0.166290283203125,13.807233349870723,0.034808963537216187,True,0,0,1391,pred[1391] <-> gt[1391] <-> mask[1391]
1392,1392,1392,results/B_mask_20_30_reliability_inference/frames/0348.png,/root/autodl-tmp/Inpainting/BundleFusion/B_imgs_gt/office0/02784.jpg,/root/autodl-tmp/Inpainting/masks/irregular_mask/mask_rates_20_30/0010323.png,0348.png,02784.jpg,0010323.png,0348,02784,0010323,"[256, 256]","[256, 256]","[256, 256]",False,False,0.236114501953125,15474,8.623421773548491,6.5928842647665356,0.2785167694091797,0.28554436564445496,9.507825706273726,0.3172352910041809,0.7573316097259521,0.3157196044921875,7.675678712895553,0.2785167694091797,False,0,0,1392,pred[1392] <-> gt[1392] <-> mask[1392]
1393,1393,1393,results/B_mask_20_30_reliability_inference/line_debug/0348_center.png,/root/autodl-tmp/Inpainting/BundleFusion/B_imgs_gt/office0/02786.jpg,/root/autodl-tmp/Inpainting/masks/irregular_mask/mask_rates_20_30/0010327.png,0348_center.png,02786.jpg,0010327.png,0348_center,02786,0010327,"[256, 256]","[256, 256]","[256, 256]",False,False,0.2376556396484375,15575,11.050492814384938,13.227487070621587,0.014512146823108196,0.014291543513536453,10.547075679745275,0.015889300033450127,0.708970844745636,0.301513671875,12.828804749701222,0.014755669981241226,True,0,0,1393,pred[1393] <-> gt[1393] <-> mask[1393]
1394,1394,1394,results/B_mask_20_30_reliability_inference/line_debug/0348_reliability.png,/root/autodl-tmp/Inpainting/BundleFusion/B_imgs_gt/office0/02788.jpg,/root/autodl-tmp/Inpainting/masks/irregular_mask/mask_rates_20_30/0010330.png,0348_reliability.png,02788.jpg,0010330.png,0348_reliability,02788,0010330,"[256, 256]","[256, 256]","[256, 256]",False,False,0.211944580078125,13890,12.115183634510178,11.794579574195485,0.029934540390968323,0.01116273645311594,12.20560687240205,0.03585338220000267,0.6910102367401123,0.1685028076171875,11.63616887386617,0.01777535490691662,False,0,0,1394,pred[1394] <-> gt[1394] <-> mask[1394]
1395,1395,1395,results/B_mask_20_30_reliability_inference/line_debug/0348_soft.png,/root/autodl-tmp/Inpainting/BundleFusion/B_imgs_gt/office0/02790.jpg,/root/autodl-tmp/Inpainting/masks/irregular_mask/mask_rates_20_30/0010331.png,0348_soft.png,02790.jpg,0010331.png,0348_soft,02790,0010331,"[256, 256]","[256, 256]","[256, 256]",False,False,0.299896240234375,19654,12.12071599049496,10.707772382906654,0.030616506934165955,0.027635900303721428,12.902323653155285,0.03698846325278282,0.6913324594497681,0.3216552734375,12.982686641921557,0.030180195346474648,False,0,0,1395,pred[1395] <-> gt[1395] <-> mask[1395]
1396,1396,1396,results/B_mask_20_30_reliability_inference/frames/0349.png,/root/autodl-tmp/Inpainting/BundleFusion/B_imgs_gt/office0/02792.jpg,/root/autodl-tmp/Inpainting/masks/irregular_mask/mask_rates_20_30/0010336.png,0349.png,02792.jpg,0010336.png,0349,02792,0010336,"[256, 256]","[256, 256]","[256, 256]",False,False,0.2812042236328125,18429,9.337350774586877,11.243839492664412,0.2756630480289459,0.28943440318107605,8.7721024673105,0.2312183529138565,0.7648971676826477,0.3954620361328125,8.886417883661048,0.2756630480289459,True,0,0,1396,pred[1396] <-> gt[1396] <-> mask[1396]
1397,1397,1397,results/B_mask_20_30_reliability_inference/line_debug/0349_center.png,/root/autodl-tmp/Inpainting/BundleFusion/B_imgs_gt/office0/02794.jpg,/root/autodl-tmp/Inpainting/masks/irregular_mask/mask_rates_20_30/0010350.png,0349_center.png,02794.jpg,0010350.png,0349_center,02794,0010350,"[256, 256]","[256, 256]","[256, 256]",False,False,0.2142486572265625,14041,10.792972852295309,8.867387466693925,0.01157438475638628,0.011597528122365475,11.509729600579789,0.013448363170027733,0.7135611772537231,0.294677734375,11.39786008492636,0.012518562376499176,False,0,0,1397,pred[1397] <-> gt[1397] <-> mask[1397]
1398,1398,1398,results/B_mask_20_30_reliability_inference/line_debug/0349_reliability.png,/root/autodl-tmp/Inpainting/BundleFusion/B_imgs_gt/office0/02796.jpg,/root/autodl-tmp/Inpainting/masks/irregular_mask/mask_rates_20_30/0010362.png,0349_reliability.png,02796.jpg,0010362.png,0349_reliability,02796,0010362,"[256, 256]","[256, 256]","[256, 256]",False,False,0.2866363525390625,18785,11.521777788635209,13.252863422696654,0.02135246805846691,0.022300416603684425,10.98296647959744,0.020878348499536514,0.6872820854187012,0.336029052734375,11.16096572758207,0.02135246805846691,True,0,0,1398,pred[1398] <-> gt[1398] <-> mask[1398]
1399,1399,1399,results/B_mask_20_30_reliability_inference/line_debug/0349_soft.png,/root/autodl-tmp/Inpainting/BundleFusion/B_imgs_gt/office0/02798.jpg,/root/autodl-tmp/Inpainting/masks/irregular_mask/mask_rates_20_30/0010367.png,0349_soft.png,02798.jpg,0010367.png,0349_soft,02798,0010367,"[256, 256]","[256, 256]","[256, 256]",False,False,0.2036590576171875,13347,11.603117352825262,13.893277666665423,0.020958447828888893,0.02433176338672638,11.170245003720785,0.016500849276781082,0.6829128265380859,0.16259765625,14.934446268203851,0.022361986339092255,True,0,0,1399,pred[1399] <-> gt[1399] <-> mask[1399]
1400,1400,1400,results/B_mask_20_30_reliability_inference/frames/0350.png,/root/autodl-tmp/Inpainting/BundleFusion/B_imgs_gt/office0/02800.jpg,/root/autodl-tmp/Inpainting/masks/irregular_mask/mask_rates_20_30/0010369.png,0350.png,02800.jpg,0010369.png,0350,02800,0010369,"[256, 256]","[256, 256]","[256, 256]",False,False,0.2024688720703125,13269,9.53585750947336,7.146176829303789,0.27532994747161865,0.33721399307250977,10.430990839006299,0.2812521755695343,0.7712045907974243,0.1912689208984375,8.04128528266943,0.30947062373161316,False,0,0,1400,pred[1400] <-> gt[1400] <-> mask[1400]
1401,1401,1401,results/B_mask_20_30_reliability_inference/line_debug/0350_center.png,/root/autodl-tmp/Inpainting/BundleFusion/B_imgs_gt/office0/02802.jpg,/root/autodl-tmp/Inpainting/masks/irregular_mask/mask_rates_20_30/0010371.png,0350_center.png,02802.jpg,0010371.png,0350_center,02802,0010371,"[256, 256]","[256, 256]","[256, 256]",False,False,0.2184906005859375,14319,10.886804711712497,11.179576414640273,0.007072057109326124,0.007495278958231211,10.808363607414906,0.006194853223860264,0.7292158603668213,0.450897216796875,10.78963185632067,0.007072057109326124,True,0,0,1401,pred[1401] <-> gt[1401] <-> mask[1401]
1402,1402,1402,results/B_mask_20_30_reliability_inference/line_debug/0350_reliability.png,/root/autodl-tmp/Inpainting/BundleFusion/B_imgs_gt/office0/02804.jpg,/root/autodl-tmp/Inpainting/masks/irregular_mask/mask_rates_20_30/0010373.png,0350_reliability.png,02804.jpg,0010373.png,0350_reliability,02804,0010373,"[256, 256]","[256, 256]","[256, 256]",False,False,0.2561187744140625,16785,10.964422796598868,11.96003445217382,0.020921384915709496,0.022913897410035133,10.668407876633893,0.017360897734761238,0.7179446220397949,0.258575439453125,10.954419814482762,0.02227846346795559,True,0,0,1402,pred[1402] <-> gt[1402] <-> mask[1402]
1403,1403,1403,results/B_mask_20_30_reliability_inference/line_debug/0350_soft.png,/root/autodl-tmp/Inpainting/BundleFusion/B_imgs_gt/office0/02806.jpg,/root/autodl-tmp/Inpainting/masks/irregular_mask/mask_rates_20_30/0010380.png,0350_soft.png,02806.jpg,0010380.png,0350_soft,02806,0010380,"[256, 256]","[256, 256]","[256, 256]",False,False,0.2812347412109375,18431,10.763697708859674,12.045194314745126,0.020504534244537354,0.022337213158607483,10.34984816656372,0.01997300609946251,0.7224572896957397,0.34979248046875,11.70391006575497,0.02249934710562229,True,0,0,1403,pred[1403] <-> gt[1403] <-> mask[1403]
1404,1404,1404,results/B_mask_20_30_reliability_inference/frames/0351.png,/root/autodl-tmp/Inpainting/BundleFusion/B_imgs_gt/office0/02808.jpg,/root/autodl-tmp/Inpainting/masks/irregular_mask/mask_rates_20_30/0010384.png,0351.png,02808.jpg,0010384.png,0351,02808,0010384,"[256, 256]","[256, 256]","[256, 256]",False,False,0.2882537841796875,18891,9.469427887705898,7.908333860368735,0.23724104464054108,0.23690791428089142,10.305836449739662,0.24649614095687866,0.7758073210716248,0.40167236328125,9.687483776501498,0.23724104464054108,False,0,0,1404,pred[1404] <-> gt[1404] <-> mask[1404]
1405,1405,1405,results/B_mask_20_30_reliability_inference/line_debug/0351_center.png,/root/autodl-tmp/Inpainting/BundleFusion/B_imgs_gt/office0/02810.jpg,/root/autodl-tmp/Inpainting/masks/irregular_mask/mask_rates_20_30/0010389.png,0351_center.png,02810.jpg,0010389.png,0351_center,02810,0010389,"[256, 256]","[256, 256]","[256, 256]",False,False,0.2424468994140625,15889,9.910296579654629,13.182310126247474,0.007640138268470764,0.008654762990772724,9.23074696641915,0.006848965305835009,0.7381371259689331,0.23114013671875,11.444053094359969,0.008176795206964016,True,0,0,1405,pred[1405] <-> gt[1405] <-> mask[1405]
1406,1406,1406,results/B_mask_20_30_reliability_inference/line_debug/0351_reliability.png,/root/autodl-tmp/Inpainting/BundleFusion/B_imgs_gt/office0/02812.jpg,/root/autodl-tmp/Inpainting/masks/irregular_mask/mask_rates_20_30/0010419.png,0351_reliability.png,02812.jpg,0010419.png,0351_reliability,02812,0010419,"[256, 256]","[256, 256]","[256, 256]",False,False,0.2837677001953125,18597,10.158534431204107,9.67651381227423,0.015219139866530895,0.013235881924629211,10.365356558303613,0.017490193247795105,0.7166244983673096,0.3027801513671875,9.772484129207282,0.014690015465021133,False,0,0,1406,pred[1406] <-> gt[1406] <-> mask[1406]
1407,1407,1407,results/B_mask_20_30_reliability_inference/line_debug/0351_soft.png,/root/autodl-tmp/Inpainting/BundleFusion/B_imgs_gt/office0/02814.jpg,/root/autodl-tmp/Inpainting/masks/irregular_mask/mask_rates_20_30/0010438.png,0351_soft.png,02814.jpg,0010438.png,0351_soft,02814,0010438,"[256, 256]","[256, 256]","[256, 256]",False,False,0.2893524169921875,18963,9.82883694030713,8.74207988176128,0.01678246259689331,0.017702845856547356,10.363178388063059,0.014945631846785545,0.7040854096412659,0.353363037109375,9.66497953227355,0.01678246259689331,False,0,0,1407,pred[1407] <-> gt[1407] <-> mask[1407]
1408,1408,1408,results/B_mask_20_30_reliability_inference/frames/0352.png,/root/autodl-tmp/Inpainting/BundleFusion/B_imgs_gt/office0/02816.jpg,/root/autodl-tmp/Inpainting/masks/irregular_mask/mask_rates_20_30/0010477.png,0352.png,02816.jpg,0010477.png,0352,02816,0010477,"[256, 256]","[256, 256]","[256, 256]",False,False,0.212127685546875,13902,9.90458155640753,10.557656711637517,0.22554390132427216,0.23938710987567902,9.744322760238356,0.2218543440103531,0.7831442952156067,0.187042236328125,10.635548989311722,0.2293275147676468,True,0,0,1408,pred[1408] <-> gt[1408] <-> mask[1408]
1409,1409,1409,results/B_mask_20_30_reliability_inference/line_debug/0352_center.png,/root/autodl-tmp/Inpainting/BundleFusion/B_imgs_gt/office0/02818.jpg,/root/autodl-tmp/Inpainting/masks/irregular_mask/mask_rates_20_30/0010503.png,0352_center.png,02818.jpg,0010503.png,0352_center,02818,0010503,"[256, 256]","[256, 256]","[256, 256]",False,False,0.2217254638671875,14531,8.84499369736048,7.521147083333746,0.005328108090907335,0.005951642524451017,9.309974017282093,0.005611620377749205,0.7235636711120605,0.376495361328125,8.40288609724091,0.005639734212309122,False,0,0,1409,pred[1409] <-> gt[1409] <-> mask[1409]
1410,1410,1410,results/B_mask_20_30_reliability_inference/line_debug/0352_reliability.png,/root/autodl-tmp/Inpainting/BundleFusion/B_imgs_gt/office0/02820.jpg,/root/autodl-tmp/Inpainting/masks/irregular_mask/mask_rates_20_30/0010507.png,0352_reliability.png,02820.jpg,0010507.png,0352_reliability,02820,0010507,"[256, 256]","[256, 256]","[256, 256]",False,False,0.2677459716796875,17547,8.93982055739008,11.131213290699979,0.01277827937155962,0.013018528930842876,8.352199763173896,0.011549241840839386,0.7086743116378784,0.423858642578125,8.481320360346785,0.01277827937155962,True,0,0,1410,pred[1410] <-> gt[1410] <-> mask[1410]
1411,1411,1411,results/B_mask_20_30_reliability_inference/line_debug/0352_soft.png,/root/autodl-tmp/Inpainting/BundleFusion/B_imgs_gt/office0/02822.jpg,/root/autodl-tmp/Inpainting/masks/irregular_mask/mask_rates_20_30/0010519.png,0352_soft.png,02822.jpg,0010519.png,0352_soft,02822,0010519,"[256, 256]","[256, 256]","[256, 256]",False,False,0.2280426025390625,14945,8.872959751969157,10.867341509644184,0.010942411608994007,0.010942411608994007,8.424518100150651,0.009611217305064201,0.7094745635986328,0.3892669677734375,10.365690594091205,0.010942411608994007,True,0,0,1411,pred[1411] <-> gt[1411] <-> mask[1411]
1412,1412,1412,results/B_mask_20_30_reliability_inference/frames/0353.png,/root/autodl-tmp/Inpainting/BundleFusion/B_imgs_gt/office0/02824.jpg,/root/autodl-tmp/Inpainting/masks/irregular_mask/mask_rates_20_30/0010524.png,0353.png,02824.jpg,0010524.png,0353,02824,0010524,"[256, 256]","[256, 256]","[256, 256]",False,False,0.2908782958984375,19063,10.974137853724578,10.961772997627854,0.265700101852417,0.26278072595596313,10.97922048033826,0.2703976035118103,0.7850030064582825,0.4145965576171875,10.3740389166571,0.265700101852417,False,0,0,1412,pred[1412] <-> gt[1412] <-> mask[1412]
1413,1413,1413,results/B_mask_20_30_reliability_inference/line_debug/0353_center.png,/root/autodl-tmp/Inpainting/BundleFusion/B_imgs_gt/office0/02826.jpg,/root/autodl-tmp/Inpainting/masks/irregular_mask/mask_rates_20_30/0010532.png,0353_center.png,02826.jpg,0010532.png,0353_center,02826,0010532,"[256, 256]","[256, 256]","[256, 256]",False,False,0.2180023193359375,14287,9.256013699126033,8.48521606152757,0.007158937398344278,0.00543837109580636,9.497746492435102,0.008832961320877075,0.7493110299110413,0.2577972412109375,9.072928611430488,0.005928839091211557,False,0,0,1413,pred[1413] <-> gt[1413] <-> mask[1413]
1414,1414,1414,results/B_mask_20_30_reliability_inference/line_debug/0353_reliability.png,/root/autodl-tmp/Inpainting/BundleFusion/B_imgs_gt/office0/02828.jpg,/root/autodl-tmp/Inpainting/masks/irregular_mask/mask_rates_20_30/0010538.png,0353_reliability.png,02828.jpg,0010538.png,0353_reliability,02828,0010538,"[256, 256]","[256, 256]","[256, 256]",False,False,0.279510498046875,18318,9.94981235755288,7.599180042991937,0.016619106754660606,0.01505799125880003,11.368088123270766,0.016423316672444344,0.7227395176887512,0.274932861328125,9.858415549144445,0.015531614422798157,False,0,0,1414,pred[1414] <-> gt[1414] <-> mask[1414]
1415,1415,1415,results/B_mask_20_30_reliability_inference/line_debug/0353_soft.png,/root/autodl-tmp/Inpainting/BundleFusion/B_imgs_gt/office0/02830.jpg,/root/autodl-tmp/Inpainting/masks/irregular_mask/mask_rates_20_30/0010542.png,0353_soft.png,02830.jpg,0010542.png,0353_soft,02830,0010542,"[256, 256]","[256, 256]","[256, 256]",False,False,0.277862548828125,18210,10.188590904043394,9.688045982187912,0.019930416718125343,0.018847743049263954,10.3976807295147,0.02151825651526451,0.7130380272865295,0.3685150146484375,9.041800400015727,0.01982845924794674,False,0,0,1415,pred[1415] <-> gt[1415] <-> mask[1415]
1416,1416,1416,results/B_mask_20_30_reliability_inference/frames/0354.png,/root/autodl-tmp/Inpainting/BundleFusion/B_imgs_gt/office0/02832.jpg,/root/autodl-tmp/Inpainting/masks/irregular_mask/mask_rates_20_30/0010543.png,0354.png,02832.jpg,0010543.png,0354,02832,0010543,"[256, 256]","[256, 256]","[256, 256]",False,False,0.2705841064453125,17733,10.54333118789475,12.137191501660837,0.3102559745311737,0.30355849862098694,10.07465300015495,0.31061533093452454,0.8161192536354065,0.31976318359375,11.39111742258506,0.3114074766635895,True,0,0,1416,pred[1416] <-> gt[1416] <-> mask[1416]
1417,1417,1417,results/B_mask_20_30_reliability_inference/line_debug/0354_center.png,/root/autodl-tmp/Inpainting/BundleFusion/B_imgs_gt/office0/02834.jpg,/root/autodl-tmp/Inpainting/masks/irregular_mask/mask_rates_20_30/0010552.png,0354_center.png,02834.jpg,0010552.png,0354_center,02834,0010552,"[256, 256]","[256, 256]","[256, 256]",False,False,0.2953033447265625,19353,10.07593447184667,9.568628167465873,0.010159572586417198,0.009150673635303974,10.30750081528975,0.011728660203516483,0.7304067611694336,0.3720245361328125,9.25047834111718,0.010136858560144901,False,0,0,1417,pred[1417] <-> gt[1417] <-> mask[1417]
1418,1418,1418,results/B_mask_20_30_reliability_inference/line_debug/0354_reliability.png,/root/autodl-tmp/Inpainting/BundleFusion/B_imgs_gt/office0/02836.jpg,/root/autodl-tmp/Inpainting/masks/irregular_mask/mask_rates_20_30/0010559.png,0354_reliability.png,02836.jpg,0010559.png,0354_reliability,02836,0010559,"[256, 256]","[256, 256]","[256, 256]",False,False,0.2459259033203125,16117,10.445325591330903,8.048542770307565,0.01752752996981144,0.01877223700284958,11.63832706706377,0.017379282042384148,0.7078377604484558,0.3573455810546875,10.440506321973071,0.01752752996981144,False,0,0,1418,pred[1418] <-> gt[1418] <-> mask[1418]
1419,1419,1419,results/B_mask_20_30_reliability_inference/line_debug/0354_soft.png,/root/autodl-tmp/Inpainting/BundleFusion/B_imgs_gt/office0/02838.jpg,/root/autodl-tmp/Inpainting/masks/irregular_mask/mask_rates_20_30/0010564.png,0354_soft.png,02838.jpg,0010564.png,0354_soft,02838,0010564,"[256, 256]","[256, 256]","[256, 256]",False,False,0.292510986328125,19170,10.103896927870528,12.656422045556084,0.02034883014857769,0.023509642109274864,9.371315599907943,0.01993878185749054,0.7111880779266357,0.238800048828125,9.324136675707544,0.02077086828649044,True,0,0,1419,pred[1419] <-> gt[1419] <-> mask[1419]
1420,1420,1420,results/B_mask_20_30_reliability_inference/frames/0355.png,/root/autodl-tmp/Inpainting/BundleFusion/B_imgs_gt/office0/02840.jpg,/root/autodl-tmp/Inpainting/masks/irregular_mask/mask_rates_20_30/0010568.png,0355.png,02840.jpg,0010568.png,0355,02840,0010568,"[256, 256]","[256, 256]","[256, 256]",False,False,0.2649383544921875,17363,10.381056506334428,13.0984570087747,0.3769659698009491,0.3593961298465729,9.707960066057867,0.37301045656204224,0.7183191776275635,0.32244873046875,11.904769815794609,0.3665803372859955,True,0,0,1420,pred[1420] <-> gt[1420] <-> mask[1420]
1421,1421,1421,results/B_mask_20_30_reliability_inference/line_debug/0355_center.png,/root/autodl-tmp/Inpainting/BundleFusion/B_imgs_gt/office0/02842.jpg,/root/autodl-tmp/Inpainting/masks/irregular_mask/mask_rates_20_30/0010571.png,0355_center.png,02842.jpg,0010571.png,0355_center,02842,0010571,"[256, 256]","[256, 256]","[256, 256]",False,False,0.2831878662109375,18559,9.559563006473681,8.008695853174292,0.009709816426038742,0.009746327996253967,10.366449221785846,0.011482469737529755,0.7163878083229065,0.3458251953125,9.008013404098866,0.009709816426038742,False,0,0,1421,pred[1421] <-> gt[1421] <-> mask[1421]
1422,1422,1422,results/B_mask_20_30_reliability_inference/line_debug/0355_reliability.png,/root/autodl-tmp/Inpainting/BundleFusion/B_imgs_gt/office0/02844.jpg,/root/autodl-tmp/Inpainting/masks/irregular_mask/mask_rates_20_30/0010575.png,0355_reliability.png,02844.jpg,0010575.png,0355_reliability,02844,0010575,"[256, 256]","[256, 256]","[256, 256]",False,False,0.2679901123046875,17563,9.838839953664007,7.9598075132846375,0.02250511944293976,0.02250511944293976,10.798135178456555,0.023531761020421982,0.7133079767227173,0.320648193359375,9.334501663033572,0.02250511944293976,False,0,0,1422,pred[1422] <-> gt[1422] <-> mask[1422]
1423,1423,1423,results/B_mask_20_30_reliability_inference/line_debug/0355_soft.png,/root/autodl-tmp/Inpainting/BundleFusion/B_imgs_gt/office0/02846.jpg,/root/autodl-tmp/Inpainting/masks/irregular_mask/mask_rates_20_30/0010576.png,0355_soft.png,02846.jpg,0010576.png,0355_soft,02846,0010576,"[256, 256]","[256, 256]","[256, 256]",False,False,0.228118896484375,14950,9.948250487959017,9.944793262115915,0.025241022929549217,0.01671445742249489,9.949272868230674,0.02742871642112732,0.7184947729110718,0.1590576171875,9.107294672563242,0.018339993432164192,False,0,0,1423,pred[1423] <-> gt[1423] <-> mask[1423]
1424,1424,1424,results/B_mask_20_30_reliability_inference/frames/0356.png,/root/autodl-tmp/Inpainting/BundleFusion/B_imgs_gt/office0/02848.jpg,/root/autodl-tmp/Inpainting/masks/irregular_mask/mask_rates_20_30/0010578.png,0356.png,02848.jpg,0010578.png,0356,02848,0010578,"[256, 256]","[256, 256]","[256, 256]",False,False,0.269378662109375,17654,9.833454271147497,8.739514723758628,0.3808118402957916,0.4139896333217621,10.318207855676702,0.399709552526474,0.7189191579818726,0.2386016845703125,10.031206984688023,0.3993159830570221,False,0,0,1424,pred[1424] <-> gt[1424] <-> mask[1424]
1425,1425,1425,results/B_mask_20_30_reliability_inference/line_debug/0356_center.png,/root/autodl-tmp/Inpainting/BundleFusion/B_imgs_gt/office0/02850.jpg,/root/autodl-tmp/Inpainting/masks/irregular_mask/mask_rates_20_30/0010580.png,0356_center.png,02850.jpg,0010580.png,0356_center,02850,0010580,"[256, 256]","[256, 256]","[256, 256]",False,False,0.264312744140625,17322,9.922867908569772,9.905151270815875,0.011839932762086391,0.012035110034048557,9.929250569082544,0.012668585404753685,0.7445400953292847,0.340362548828125,9.605209111940795,0.011839932762086391,False,0,0,1425,pred[1425] <-> gt[1425] <-> mask[1425]
1426,1426,1426,results/B_mask_20_30_reliability_inference/line_debug/0356_reliability.png,/root/autodl-tmp/Inpainting/BundleFusion/B_imgs_gt/office0/02852.jpg,/root/autodl-tmp/Inpainting/masks/irregular_mask/mask_rates_20_30/0010585.png,0356_reliability.png,02852.jpg,0010585.png,0356_reliability,02852,0010585,"[256, 256]","[256, 256]","[256, 256]",False,False,0.227142333984375,14886,9.359361952005024,8.201158689767913,0.025397086516022682,0.02474503219127655,9.768111651304519,0.02614974044263363,0.722039520740509,0.375335693359375,8.468859443888459,0.025397086516022682,False,0,0,1426,pred[1426] <-> gt[1426] <-> mask[1426]
1427,1427,1427,results/B_mask_20_30_reliability_inference/line_debug/0356_soft.png,/root/autodl-tmp/Inpainting/BundleFusion/B_imgs_gt/office0/02854.jpg,/root/autodl-tmp/Inpainting/masks/irregular_mask/mask_rates_20_30/0010589.png,0356_soft.png,02854.jpg,0010589.png,0356_soft,02854,0010589,"[256, 256]","[256, 256]","[256, 256]",False,False,0.254302978515625,16666,8.736271257836156,7.69722145469388,0.02284543216228485,0.02284543216228485,9.156265682018724,0.02439712919294834,0.7070176601409912,0.313629150390625,7.899177410160529,0.02284543216228485,False,0,0,1427,pred[1427] <-> gt[1427] <-> mask[1427]
1428,1428,1428,results/B_mask_20_30_reliability_inference/frames/0357.png,/root/autodl-tmp/Inpainting/BundleFusion/B_imgs_gt/office0/02856.jpg,/root/autodl-tmp/Inpainting/masks/irregular_mask/mask_rates_20_30/0010592.png,0357.png,02856.jpg,0010592.png,0357,02856,0010592,"[256, 256]","[256, 256]","[256, 256]",False,False,0.237518310546875,15566,10.18323875776524,11.348135045651127,0.3154729902744293,0.3519831895828247,9.876080279909775,0.30645957589149475,0.8250101804733276,0.3532257080078125,10.495854637158546,0.32535696029663086,True,0,0,1428,pred[1428] <-> gt[1428] <-> mask[1428]
1429,1429,1429,results/B_mask_20_30_reliability_inference/line_debug/0357_center.png,/root/autodl-tmp/Inpainting/BundleFusion/B_imgs_gt/office0/02858.jpg,/root/autodl-tmp/Inpainting/masks/irregular_mask/mask_rates_20_30/0010599.png,0357_center.png,02858.jpg,0010599.png,0357_center,02858,0010599,"[256, 256]","[256, 256]","[256, 256]",False,False,0.226654052734375,14854,8.35166196270024,7.3359807594008855,0.022691501304507256,0.01895386539399624,8.70068543844438,0.027035005390644073,0.737637996673584,0.2456817626953125,6.291327187820411,0.023919230327010155,False,0,0,1429,pred[1429] <-> gt[1429] <-> mask[1429]
1430,1430,1430,results/B_mask_20_30_reliability_inference/line_debug/0357_reliability.png,/root/autodl-tmp/Inpainting/BundleFusion/B_imgs_gt/office0/02860.jpg,/root/autodl-tmp/Inpainting/masks/irregular_mask/mask_rates_20_30/0010600.png,0357_reliability.png,02860.jpg,0010600.png,0357_reliability,02860,0010600,"[256, 256]","[256, 256]","[256, 256]",False,False,0.2779083251953125,18213,8.427261009828975,6.343953890430201,0.038183677941560745,0.016272980719804764,9.601553475286378,0.04610355943441391,0.7213736176490784,0.255767822265625,8.124718435668349,0.016483977437019348,False,0,0,1430,pred[1430] <-> gt[1430] <-> mask[1430]
1431,1431,1431,results/B_mask_20_30_reliability_inference/line_debug/0357_soft.png,/root/autodl-tmp/Inpainting/BundleFusion/B_imgs_gt/office0/02862.jpg,/root/autodl-tmp/Inpainting/masks/irregular_mask/mask_rates_20_30/0010612.png,0357_soft.png,02862.jpg,0010612.png,0357_soft,02862,0010612,"[256, 256]","[256, 256]","[256, 256]",False,False,0.266998291015625,17498,8.431299837439619,7.889383384417174,0.044643089175224304,0.04867497459053993,8.646797365531025,0.04828351363539696,0.7161635160446167,0.269256591796875,9.153082612822413,0.044643089175224304,False,0,0,1431,pred[1431] <-> gt[1431] <-> mask[1431]
1432,1432,1432,results/B_mask_20_30_reliability_inference/frames/0358.png,/root/autodl-tmp/Inpainting/BundleFusion/B_imgs_gt/office0/02864.jpg,/root/autodl-tmp/Inpainting/masks/irregular_mask/mask_rates_20_30/0010622.png,0358.png,02864.jpg,0010622.png,0358,02864,0010622,"[256, 256]","[256, 256]","[256, 256]",False,False,0.2721405029296875,17835,11.080349165671187,11.563435153608221,0.2702803313732147,0.2840145528316498,10.912688532688364,0.2646673321723938,0.8045529723167419,0.34564208984375,11.631119355916809,0.27783069014549255,True,0,0,1432,pred[1432] <-> gt[1432] <-> mask[1432]
1433,1433,1433,results/B_mask_20_30_reliability_inference/line_debug/0358_center.png,/root/autodl-tmp/Inpainting/BundleFusion/B_imgs_gt/office0/02866.jpg,/root/autodl-tmp/Inpainting/masks/irregular_mask/mask_rates_20_30/0010632.png,0358_center.png,02866.jpg,0010632.png,0358_center,02866,0010632,"[256, 256]","[256, 256]","[256, 256]",False,False,0.216217041015625,14170,7.257451589980181,7.520379557160687,0.01940014399588108,0.01818682998418808,7.187635575174854,0.018553247675299644,0.7451265454292297,0.314422607421875,6.732000931747777,0.015322771854698658,True,0,0,1433,pred[1433] <-> gt[1433] <-> mask[1433]
1434,1434,1434,results/B_mask_20_30_reliability_inference/line_debug/0358_reliability.png,/root/autodl-tmp/Inpainting/BundleFusion/B_imgs_gt/office0/02868.jpg,/root/autodl-tmp/Inpainting/masks/irregular_mask/mask_rates_20_30/0010640.png,0358_reliability.png,02868.jpg,0010640.png,0358_reliability,02868,0010640,"[256, 256]","[256, 256]","[256, 256]",False,False,0.2538604736328125,16637,7.234018600626339,7.271032507959278,0.027025507763028145,0.026368506252765656,7.221496052872233,0.02390317991375923,0.7317352890968323,0.37701416015625,6.334369994429511,0.027025507763028145,True,0,0,1434,pred[1434] <-> gt[1434] <-> mask[1434]
1435,1435,1435,results/B_mask_20_30_reliability_inference/line_debug/0358_soft.png,/root/autodl-tmp/Inpainting/BundleFusion/B_imgs_gt/office0/02870.jpg,/root/autodl-tmp/Inpainting/masks/irregular_mask/mask_rates_20_30/0010653.png,0358_soft.png,02870.jpg,0010653.png,0358_soft,02870,0010653,"[256, 256]","[256, 256]","[256, 256]",False,False,0.2251129150390625,14753,6.726636538097621,5.418585988475502,0.020084323361516,0.012044645845890045,7.1943785110286065,0.02481282502412796,0.7564595341682434,0.1433563232421875,6.535630444300678,0.022686772048473358,False,0,0,1435,pred[1435] <-> gt[1435] <-> mask[1435]
1436,1436,1436,results/B_mask_20_30_reliability_inference/frames/0359.png,/root/autodl-tmp/Inpainting/BundleFusion/B_imgs_gt/office0/02872.jpg,/root/autodl-tmp/Inpainting/masks/irregular_mask/mask_rates_20_30/0010660.png,0359.png,02872.jpg,0010660.png,0359,02872,0010660,"[256, 256]","[256, 256]","[256, 256]",False,False,0.2387542724609375,15647,10.274105603305477,8.844577667935654,0.29529044032096863,0.2980309724807739,10.840426225844627,0.31931209564208984,0.8023220300674438,0.2488555908203125,8.63687203890265,0.29195281863212585,False,0,0,1436,pred[1436] <-> gt[1436] <-> mask[1436]
1437,1437,1437,results/B_mask_20_30_reliability_inference/line_debug/0359_center.png,/root/autodl-tmp/Inpainting/BundleFusion/B_imgs_gt/office0/02874.jpg,/root/autodl-tmp/Inpainting/masks/irregular_mask/mask_rates_20_30/0010668.png,0359_center.png,02874.jpg,0010668.png,0359_center,02874,0010668,"[256, 256]","[256, 256]","[256, 256]",False,False,0.2371368408203125,15541,6.5853511653629635,6.75375834224456,0.009926694445312023,0.010244880802929401,6.5343045388127425,0.0055200825445353985,0.817439079284668,0.3554840087890625,6.336755842984747,0.009926694445312023,True,0,0,1437,pred[1437] <-> gt[1437] <-> mask[1437]
1438,1438,1438,results/B_mask_20_30_reliability_inference/line_debug/0359_reliability.png,/root/autodl-tmp/Inpainting/BundleFusion/B_imgs_gt/office0/02876.jpg,/root/autodl-tmp/Inpainting/masks/irregular_mask/mask_rates_20_30/0010675.png,0359_reliability.png,02876.jpg,0010675.png,0359_reliability,02876,0010675,"[256, 256]","[256, 256]","[256, 256]",False,False,0.2368316650390625,15521,6.994487393464519,5.586435477777243,0.0166612658649683,0.012162582017481327,7.543932139443891,0.02053738571703434,0.7916904091835022,0.3310546875,7.172918193643536,0.0166612658649683,False,0,0,1438,pred[1438] <-> gt[1438] <-> mask[1438]
1439,1439,1439,results/B_mask_20_30_reliability_inference/line_debug/0359_soft.png,/root/autodl-tmp/Inpainting/BundleFusion/B_imgs_gt/office0/02878.jpg,/root/autodl-tmp/Inpainting/masks/irregular_mask/mask_rates_20_30/0010677.png,0359_soft.png,02878.jpg,0010677.png,0359_soft,02878,0010677,"[256, 256]","[256, 256]","[256, 256]",False,False,0.281463623046875,18446,7.570515571367603,7.97619321234648,0.015654733404517174,0.013395394198596478,7.42139023997707,0.013690781779587269,0.7678877115249634,0.379119873046875,7.280756758774336,0.014997102320194244,True,0,0,1439,pred[1439] <-> gt[1439] <-> mask[1439]
1440,1440,1440,results/B_mask_20_30_reliability_inference/frames/0360.png,/root/autodl-tmp/Inpainting/BundleFusion/B_imgs_gt/office0/02880.jpg,/root/autodl-tmp/Inpainting/masks/irregular_mask/mask_rates_20_30/0010680.png,0360.png,02880.jpg,0010680.png,0360,02880,0010680,"[256, 256]","[256, 256]","[256, 256]",False,False,0.296783447265625,19450,12.124723929838614,11.495291381886066,0.3141234219074249,0.25025197863578796,12.420424652459783,0.37904801964759827,0.7160749435424805,0.26611328125,10.240174811327039,0.2855323851108551,False,0,0,1440,pred[1440] <-> gt[1440] <-> mask[1440]
1441,1441,1441,results/B_mask_20_30_reliability_inference/line_debug/0360_center.png,/root/autodl-tmp/Inpainting/BundleFusion/B_imgs_gt/office0/02882.jpg,/root/autodl-tmp/Inpainting/masks/irregular_mask/mask_rates_20_30/0010683.png,0360_center.png,02882.jpg,0010683.png,0360_center,02882,0010683,"[256, 256]","[256, 256]","[256, 256]",False,False,0.2969512939453125,19461,7.627288326785616,6.117259074193449,0.011269088834524155,0.012171673588454723,8.46604287269461,0.014119761064648628,0.8003429174423218,0.2971954345703125,6.587712748143174,0.011269088834524155,False,0,0,1441,pred[1441] <-> gt[1441] <-> mask[1441]
1442,1442,1442,results/B_mask_20_30_reliability_inference/line_debug/0360_reliability.png,/root/autodl-tmp/Inpainting/BundleFusion/B_imgs_gt/office0/02884.jpg,/root/autodl-tmp/Inpainting/masks/irregular_mask/mask_rates_20_30/0010686.png,0360_reliability.png,02884.jpg,0010686.png,0360_reliability,02884,0010686,"[256, 256]","[256, 256]","[256, 256]",False,False,0.215850830078125,14146,7.247234429378744,7.694327760657154,0.00858272984623909,0.005764346569776535,7.1318337404288705,0.010325943119823933,0.8269222974777222,0.26654052734375,7.333393247110884,0.00543353334069252,True,0,0,1442,pred[1442] <-> gt[1442] <-> mask[1442]
1443,1443,1443,results/B_mask_20_30_reliability_inference/line_debug/0360_soft.png,/root/autodl-tmp/Inpainting/BundleFusion/B_imgs_gt/office0/02886.jpg,/root/autodl-tmp/Inpainting/masks/irregular_mask/mask_rates_20_30/0010687.png,0360_soft.png,02886.jpg,0010687.png,0360_soft,02886,0010687,"[256, 256]","[256, 256]","[256, 256]",False,False,0.2813873291015625,18441,6.653327875709863,6.353102046854363,0.0053747124038636684,0.004941093735396862,6.776783888540629,0.005833609960973263,0.8412405848503113,0.416473388671875,6.511092578509112,0.0053747124038636684,False,0,0,1443,pred[1443] <-> gt[1443] <-> mask[1443]
1444,1444,1444,results/B_mask_20_30_reliability_inference/frames/0361.png,/root/autodl-tmp/Inpainting/BundleFusion/B_imgs_gt/office0/02888.jpg,/root/autodl-tmp/Inpainting/masks/irregular_mask/mask_rates_20_30/0010694.png,0361.png,02888.jpg,0010694.png,0361,02888,0010694,"[256, 256]","[256, 256]","[256, 256]",False,False,0.2444000244140625,16017,11.44079918527278,13.701264189938101,0.5752939581871033,0.6163173317909241,10.905223416054174,0.5876421928405762,0.5882233381271362,0.305816650390625,11.527187960176322,0.5752939581871033,True,0,0,1444,pred[1444] <-> gt[1444] <-> mask[1444]
1445,1445,1445,results/B_mask_20_30_reliability_inference/line_debug/0361_center.png,/root/autodl-tmp/Inpainting/BundleFusion/B_imgs_gt/office0/02890.jpg,/root/autodl-tmp/Inpainting/masks/irregular_mask/mask_rates_20_30/0010699.png,0361_center.png,02890.jpg,0010699.png,0361_center,02890,0010699,"[256, 256]","[256, 256]","[256, 256]",False,False,0.22900390625,15008,5.960154626529665,6.711079936932256,0.0012327275471761823,0.0012327275471761823,5.76001325288127,0.0010438356548547745,0.8623049855232239,0.2793731689453125,6.008042165203595,0.0012327275471761823,True,0,0,1445,pred[1445] <-> gt[1445] <-> mask[1445]
1446,1446,1446,results/B_mask_20_30_reliability_inference/line_debug/0361_reliability.png,/root/autodl-tmp/Inpainting/BundleFusion/B_imgs_gt/office0/02892.jpg,/root/autodl-tmp/Inpainting/masks/irregular_mask/mask_rates_20_30/0010707.png,0361_reliability.png,02892.jpg,0010707.png,0361_reliability,02892,0010707,"[256, 256]","[256, 256]","[256, 256]",False,False,0.2736968994140625,17937,5.964294743673388,5.395765526014884,0.0037128657568246126,0.003361594630405307,6.199444892272213,0.0029459474608302116,0.8464253544807434,0.1934051513671875,5.226931221613996,0.00329634640365839,False,0,0,1446,pred[1446] <-> gt[1446] <-> mask[1446]
1447,1447,1447,results/B_mask_20_30_reliability_inference/line_debug/0361_soft.png,/root/autodl-tmp/Inpainting/BundleFusion/B_imgs_gt/office0/02894.jpg,/root/autodl-tmp/Inpainting/masks/irregular_mask/mask_rates_20_30/0010708.png,0361_soft.png,02894.jpg,0010708.png,0361_soft,02894,0010708,"[256, 256]","[256, 256]","[256, 256]",False,False,0.2376556396484375,15575,5.889757158995791,7.044076255824412,0.00458658067509532,0.00423562154173851,5.5847263821097375,0.004823964089155197,0.83409583568573,0.313262939453125,6.618736587148675,0.00458658067509532,True,0,0,1447,pred[1447] <-> gt[1447] <-> mask[1447]
1448,1448,1448,results/B_mask_20_30_reliability_inference/frames/0362.png,/root/autodl-tmp/Inpainting/BundleFusion/B_imgs_gt/office0/02896.jpg,/root/autodl-tmp/Inpainting/masks/irregular_mask/mask_rates_20_30/0010709.png,0362.png,02896.jpg,0010709.png,0362,02896,0010709,"[256, 256]","[256, 256]","[256, 256]",False,False,0.2948760986328125,19325,10.072976033211747,11.978096983197425,0.5356999039649963,0.4852035939693451,9.471658313649936,0.5141403675079346,0.6722768545150757,0.261993408203125,9.429520612076963,0.5062022805213928,True,0,0,1448,pred[1448] <-> gt[1448] <-> mask[1448]
1449,1449,1449,results/B_mask_20_30_reliability_inference/line_debug/0362_center.png,/root/autodl-tmp/Inpainting/BundleFusion/B_imgs_gt/office0/02898.jpg,/root/autodl-tmp/Inpainting/masks/irregular_mask/mask_rates_20_30/0010730.png,0362_center.png,02898.jpg,0010730.png,0362_center,02898,0010730,"[256, 256]","[256, 256]","[256, 256]",False,False,0.267120361328125,17506,5.838164464093687,7.033703086960625,0.0007481938228011131,0.0008259618771262467,5.473034906571334,0.0006528925732709467,0.8733235597610474,0.266082763671875,6.905920219714168,0.0009278178331442177,True,0,0,1449,pred[1449] <-> gt[1449] <-> mask[1449]
1450,1450,1450,results/B_mask_20_30_reliability_inference/line_debug/0362_reliability.png,/root/autodl-tmp/Inpainting/BundleFusion/B_imgs_gt/office0/02900.jpg,/root/autodl-tmp/Inpainting/masks/irregular_mask/mask_rates_20_30/0010738.png,0362_reliability.png,02900.jpg,0010738.png,0362_reliability,02900,0010738,"[256, 256]","[256, 256]","[256, 256]",False,False,0.2110443115234375,13831,6.178080009021134,4.800423217156009,0.00774088129401207,0.006771924439817667,6.634966525127851,0.008527633734047413,0.849693775177002,0.2977294921875,4.711822603399986,0.006592834834009409,False,0,0,1450,pred[1450] <-> gt[1450] <-> mask[1450]
1451,1451,1451,results/B_mask_20_30_reliability_inference/line_debug/0362_soft.png,/root/autodl-tmp/Inpainting/BundleFusion/B_imgs_gt/office0/02902.jpg,/root/autodl-tmp/Inpainting/masks/irregular_mask/mask_rates_20_30/0010751.png,0362_soft.png,02902.jpg,0010751.png,0362_soft,02902,0010751,"[256, 256]","[256, 256]","[256, 256]",False,False,0.2195587158203125,14389,6.619369127068339,5.533038145794706,0.014641061425209045,0.01381001342087984,6.981270956017513,0.01617424562573433,0.8264150619506836,0.36480712890625,6.132009083574696,0.014641061425209045,False,0,0,1451,pred[1451] <-> gt[1451] <-> mask[1451]
1452,1452,1452,results/B_mask_20_30_reliability_inference/frames/0363.png,/root/autodl-tmp/Inpainting/BundleFusion/B_imgs_gt/office0/02904.jpg,/root/autodl-tmp/Inpainting/masks/irregular_mask/mask_rates_20_30/0010770.png,0363.png,02904.jpg,0010770.png,0363,02904,0010770,"[256, 256]","[256, 256]","[256, 256]",False,False,0.243072509765625,15930,11.178894338216383,14.894618695233303,0.29350343346595764,0.3557773530483246,10.443038231545561,0.2650574743747711,0.7349750995635986,0.4278564453125,13.066070877458735,0.3133871257305145,True,0,0,1452,pred[1452] <-> gt[1452] <-> mask[1452]
1453,1453,1453,results/B_mask_20_30_reliability_inference/line_debug/0363_center.png,/root/autodl-tmp/Inpainting/BundleFusion/B_imgs_gt/office0/02906.jpg,/root/autodl-tmp/Inpainting/masks/irregular_mask/mask_rates_20_30/0010771.png,0363_center.png,02906.jpg,0010771.png,0363_center,02906,0010771,"[256, 256]","[256, 256]","[256, 256]",False,False,0.2725982666015625,17865,6.669782543393982,5.51028332902232,0.011121232993900776,0.007622813805937767,7.19879428769096,0.013600788079202175,0.7707988619804382,0.33062744140625,6.352684837943308,0.008453954011201859,False,0,0,1453,pred[1453] <-> gt[1453] <-> mask[1453]
1454,1454,1454,results/B_mask_20_30_reliability_inference/line_debug/0363_reliability.png,/root/autodl-tmp/Inpainting/BundleFusion/B_imgs_gt/office0/02908.jpg,/root/autodl-tmp/Inpainting/masks/irregular_mask/mask_rates_20_30/0010788.png,0363_reliability.png,02908.jpg,0010788.png,0363_reliability,02908,0010788,"[256, 256]","[256, 256]","[256, 256]",False,False,0.201507568359375,13206,6.952970757670808,5.899586134896554,0.020311301574110985,0.02420942299067974,7.264741809477632,0.023884493857622147,0.7594466805458069,0.2151336669921875,6.229399791213609,0.02239232324063778,False,0,0,1454,pred[1454] <-> gt[1454] <-> mask[1454]
1455,1455,1455,results/B_mask_20_30_reliability_inference/line_debug/0363_soft.png,/root/autodl-tmp/Inpainting/BundleFusion/B_imgs_gt/office0/02910.jpg,/root/autodl-tmp/Inpainting/masks/irregular_mask/mask_rates_20_30/0010837.png,0363_soft.png,02910.jpg,0010837.png,0363_soft,02910,0010837,"[256, 256]","[256, 256]","[256, 256]",False,False,0.2339935302734375,15335,7.295817086784919,10.941404586434434,0.02426219917833805,0.030158227309584618,6.600908133739405,0.014098542742431164,0.7569178938865662,0.3204193115234375,7.397151496208316,0.026490768417716026,True,0,0,1455,pred[1455] <-> gt[1455] <-> mask[1455]
1456,1456,1456,results/B_mask_20_30_reliability_inference/frames/0364.png,/root/autodl-tmp/Inpainting/BundleFusion/B_imgs_gt/office0/02912.jpg,/root/autodl-tmp/Inpainting/masks/irregular_mask/mask_rates_20_30/0010847.png,0364.png,02912.jpg,0010847.png,0364,02912,0010847,"[256, 256]","[256, 256]","[256, 256]",False,False,0.216888427734375,14214,11.40609602357691,10.47840203722677,0.27130329608917236,0.1986282914876938,11.70241478216435,0.28588494658470154,0.6712726950645447,0.26031494140625,9.340225726783343,0.20560060441493988,False,0,0,1456,pred[1456] <-> gt[1456] <-> mask[1456]
1457,1457,1457,results/B_mask_20_30_reliability_inference/line_debug/0364_center.png,/root/autodl-tmp/Inpainting/BundleFusion/B_imgs_gt/office0/02914.jpg,/root/autodl-tmp/Inpainting/masks/irregular_mask/mask_rates_20_30/0010854.png,0364_center.png,02914.jpg,0010854.png,0364_center,02914,0010854,"[256, 256]","[256, 256]","[256, 256]",False,False,0.2418212890625,15848,7.4479228863588265,6.42658209949488,0.018028954043984413,0.019277838990092278,7.831634346762286,0.022722244262695312,0.7938956022262573,0.3309173583984375,7.107592026594621,0.018028954043984413,False,0,0,1457,pred[1457] <-> gt[1457] <-> mask[1457]
1458,1458,1458,results/B_mask_20_30_reliability_inference/line_debug/0364_reliability.png,/root/autodl-tmp/Inpainting/BundleFusion/B_imgs_gt/office0/02916.jpg,/root/autodl-tmp/Inpainting/masks/irregular_mask/mask_rates_20_30/0010857.png,0364_reliability.png,02916.jpg,0010857.png,0364_reliability,02916,0010857,"[256, 256]","[256, 256]","[256, 256]",False,False,0.217193603515625,14234,7.684601670748287,9.520295742010289,0.027323514223098755,0.0326538123190403,7.287911767346943,0.02588081918656826,0.7516272068023682,0.34197998046875,7.92539862757672,0.02897678315639496,True,0,0,1458,pred[1458] <-> gt[1458] <-> mask[1458]
1459,1459,1459,results/B_mask_20_30_reliability_inference/line_debug/0364_soft.png,/root/autodl-tmp/Inpainting/BundleFusion/B_imgs_gt/office0/02918.jpg,/root/autodl-tmp/Inpainting/masks/irregular_mask/mask_rates_20_30/0010859.png,0364_soft.png,02918.jpg,0010859.png,0364_soft,02918,0010859,"[256, 256]","[256, 256]","[256, 256]",False,False,0.286895751953125,18802,7.854457651104249,7.630458260087823,0.030024176463484764,0.03486153855919838,7.947939732204801,0.0297430157661438,0.7410997152328491,0.261962890625,8.162674582269574,0.03834734484553337,False,0,0,1459,pred[1459] <-> gt[1459] <-> mask[1459]
1460,1460,1460,results/B_mask_20_30_reliability_inference/frames/0365.png,/root/autodl-tmp/Inpainting/BundleFusion/B_imgs_gt/office0/02920.jpg,/root/autodl-tmp/Inpainting/masks/irregular_mask/mask_rates_20_30/0010861.png,0365.png,02920.jpg,0010861.png,0365,02920,0010861,"[256, 256]","[256, 256]","[256, 256]",False,False,0.2394561767578125,15693,10.588216546088876,12.109947778988307,0.18334440886974335,0.19007062911987305,10.201755299817563,0.17384940385818481,0.702235221862793,0.403228759765625,10.179268967008648,0.18334440886974335,True,0,0,1460,pred[1460] <-> gt[1460] <-> mask[1460]
1461,1461,1461,results/B_mask_20_30_reliability_inference/line_debug/0365_center.png,/root/autodl-tmp/Inpainting/BundleFusion/B_imgs_gt/office0/02922.jpg,/root/autodl-tmp/Inpainting/masks/irregular_mask/mask_rates_20_30/0010865.png,0365_center.png,02922.jpg,0010865.png,0365_center,02922,0010865,"[256, 256]","[256, 256]","[256, 256]",False,False,0.2202911376953125,14437,7.942483471275647,5.907487577788169,0.024012306705117226,0.024012306705117226,8.745807556908455,0.027661792933940887,0.7271987795829773,0.4170989990234375,8.257578062465974,0.024012306705117226,False,0,0,1461,pred[1461] <-> gt[1461] <-> mask[1461]
1462,1462,1462,results/B_mask_20_30_reliability_inference/line_debug/0365_reliability.png,/root/autodl-tmp/Inpainting/BundleFusion/B_imgs_gt/office0/02924.jpg,/root/autodl-tmp/Inpainting/masks/irregular_mask/mask_rates_20_30/0010867.png,0365_reliability.png,02924.jpg,0010867.png,0365_reliability,02924,0010867,"[256, 256]","[256, 256]","[256, 256]",False,False,0.2650909423828125,17373,8.215035668615085,8.179704530165782,0.03973307088017464,0.037022754549980164,8.227851311205107,0.031959399580955505,0.7121055126190186,0.262847900390625,7.574059080263389,0.03589387610554695,False,0,0,1462,pred[1462] <-> gt[1462] <-> mask[1462]
1463,1463,1463,results/B_mask_20_30_reliability_inference/line_debug/0365_soft.png,/root/autodl-tmp/Inpainting/BundleFusion/B_imgs_gt/office0/02926.jpg,/root/autodl-tmp/Inpainting/masks/irregular_mask/mask_rates_20_30/0010895.png,0365_soft.png,02926.jpg,0010895.png,0365_soft,02926,0010895,"[256, 256]","[256, 256]","[256, 256]",False,False,0.2694549560546875,17659,7.993572338469308,5.780557691411859,0.03951356187462807,0.04148465022444725,9.21479249996252,0.04601186513900757,0.6907290816307068,0.27459716796875,8.10000224960287,0.03951356187462807,False,0,0,1463,pred[1463] <-> gt[1463] <-> mask[1463]
1464,1464,1464,results/B_mask_20_30_reliability_inference/frames/0366.png,/root/autodl-tmp/Inpainting/BundleFusion/B_imgs_gt/office0/02928.jpg,/root/autodl-tmp/Inpainting/masks/irregular_mask/mask_rates_20_30/0010900.png,0366.png,02928.jpg,0010900.png,0366,02928,0010900,"[256, 256]","[256, 256]","[256, 256]",False,False,0.2498016357421875,16371,10.809093021245978,13.05770344968376,0.1904156357049942,0.2261611670255661,10.26076724494028,0.17933118343353271,0.6877400875091553,0.300262451171875,12.863397565723606,0.2101110816001892,True,0,0,1464,pred[1464] <-> gt[1464] <-> mask[1464]
1465,1465,1465,results/B_mask_20_30_reliability_inference/line_debug/0366_center.png,/root/autodl-tmp/Inpainting/BundleFusion/B_imgs_gt/office0/02930.jpg,/root/autodl-tmp/Inpainting/masks/irregular_mask/mask_rates_20_30/0010904.png,0366_center.png,02930.jpg,0010904.png,0366_center,02930,0010904,"[256, 256]","[256, 256]","[256, 256]",False,False,0.2474212646484375,16215,7.549492900737929,8.895927566794967,0.023895105347037315,0.023741034790873528,7.1846414703464445,0.02271788939833641,0.7480216026306152,0.3272857666015625,7.478346720118947,0.023895105347037315,True,0,0,1465,pred[1465] <-> gt[1465] <-> mask[1465]
1466,1466,1466,results/B_mask_20_30_reliability_inference/line_debug/0366_reliability.png,/root/autodl-tmp/Inpainting/BundleFusion/B_imgs_gt/office0/02932.jpg,/root/autodl-tmp/Inpainting/masks/irregular_mask/mask_rates_20_30/0010915.png,0366_reliability.png,02932.jpg,0010915.png,0366_reliability,02932,0010915,"[256, 256]","[256, 256]","[256, 256]",False,False,0.28253173828125,18516,7.776615657598855,6.522257365201817,0.038965027779340744,0.038965027779340744,8.390740818927814,0.04363545402884483,0.7282613515853882,0.3231658935546875,6.878353815104564,0.038965027779340744,False,0,0,1466,pred[1466] <-> gt[1466] <-> mask[1466]
1467,1467,1467,results/B_mask_20_30_reliability_inference/line_debug/0366_soft.png,/root/autodl-tmp/Inpainting/BundleFusion/B_imgs_gt/office0/02934.jpg,/root/autodl-tmp/Inpainting/masks/irregular_mask/mask_rates_20_30/0010919.png,0366_soft.png,02934.jpg,0010919.png,0366_soft,02934,0010919,"[256, 256]","[256, 256]","[256, 256]",False,False,0.2962799072265625,19417,7.686428192155679,7.509107915661004,0.036862123757600784,0.028207354247570038,7.763304870439768,0.04486539214849472,0.7261722683906555,0.3016204833984375,6.9618433419617,0.03251748904585838,False,0,0,1467,pred[1467] <-> gt[1467] <-> mask[1467]
1468,1468,1468,results/B_mask_20_30_reliability_inference/frames/0367.png,/root/autodl-tmp/Inpainting/BundleFusion/B_imgs_gt/office0/02936.jpg,/root/autodl-tmp/Inpainting/masks/irregular_mask/mask_rates_20_30/0010922.png,0367.png,02936.jpg,0010922.png,0367,02936,0010922,"[256, 256]","[256, 256]","[256, 256]",False,False,0.2185821533203125,14325,10.86825321633736,10.354306689478943,0.2061585634946823,0.19215476512908936,11.023614613643602,0.19376397132873535,0.675976037979126,0.3136444091796875,9.524281744535768,0.210026815533638,False,0,0,1468,pred[1468] <-> gt[1468] <-> mask[1468]
1469,1469,1469,results/B_mask_20_30_reliability_inference/line_debug/0367_center.png,/root/autodl-tmp/Inpainting/BundleFusion/B_imgs_gt/office0/02938.jpg,/root/autodl-tmp/Inpainting/masks/irregular_mask/mask_rates_20_30/0010923.png,0367_center.png,02938.jpg,0010923.png,0367_center,02938,0010923,"[256, 256]","[256, 256]","[256, 256]",False,False,0.256439208984375,16806,7.278134342822556,6.5607055111344605,0.01701446622610092,0.014065246097743511,7.555865247698129,0.02078930102288723,0.7228537797927856,0.3870849609375,7.968777415660854,0.016881318762898445,False,0,0,1469,pred[1469] <-> gt[1469] <-> mask[1469]
1470,1470,1470,results/B_mask_20_30_reliability_inference/line_debug/0367_reliability.png,/root/autodl-tmp/Inpainting/BundleFusion/B_imgs_gt/office0/02940.jpg,/root/autodl-tmp/Inpainting/masks/irregular_mask/mask_rates_20_30/0010925.png,0367_reliability.png,02940.jpg,0010925.png,0367_reliability,02940,0010925,"[256, 256]","[256, 256]","[256, 256]",False,False,0.2671966552734375,17511,7.553442738074788,7.672008698754893,0.026842141523957253,0.02644752524793148,7.511002855869238,0.030050713568925858,0.7080106735229492,0.3123626708984375,7.326984008250301,0.024401148781180382,True,0,0,1470,pred[1470] <-> gt[1470] <-> mask[1470]
1471,1471,1471,results/B_mask_20_30_reliability_inference/line_debug/0367_soft.png,/root/autodl-tmp/Inpainting/BundleFusion/B_imgs_gt/office0/02942.jpg,/root/autodl-tmp/Inpainting/masks/irregular_mask/mask_rates_20_30/0010926.png,0367_soft.png,02942.jpg,0010926.png,0367_soft,02942,0010926,"[256, 256]","[256, 256]","[256, 256]",False,False,0.2878265380859375,18863,7.643260817587069,9.301375335750286,0.03067413903772831,0.03387399762868881,7.1191543842623695,0.027844345197081566,0.7075040936470032,0.2901458740234375,7.60394693136784,0.03216560557484627,True,0,0,1471,pred[1471] <-> gt[1471] <-> mask[1471]
1472,1472,1472,results/B_mask_20_30_reliability_inference/frames/0368.png,/root/autodl-tmp/Inpainting/BundleFusion/B_imgs_gt/office0/02944.jpg,/root/autodl-tmp/Inpainting/masks/irregular_mask/mask_rates_20_30/0010937.png,0368.png,02944.jpg,0010937.png,0368,02944,0010937,"[256, 256]","[256, 256]","[256, 256]",False,False,0.2459564208984375,16119,11.082030255955395,11.499804598232277,0.2243238240480423,0.2021271139383316,10.954014311441988,0.22471138834953308,0.6305249333381653,0.3231201171875,10.16617157796822,0.21961610019207,True,0,0,1472,pred[1472] <-> gt[1472] <-> mask[1472]
1473,1473,1473,results/B_mask_20_30_reliability_inference/line_debug/0368_center.png,/root/autodl-tmp/Inpainting/BundleFusion/B_imgs_gt/office0/02946.jpg,/root/autodl-tmp/Inpainting/masks/irregular_mask/mask_rates_20_30/0010940.png,0368_center.png,02946.jpg,0010940.png,0368_center,02946,0010940,"[256, 256]","[256, 256]","[256, 256]",False,False,0.2283477783203125,14965,7.641968674632485,8.005836892186403,0.02182847447693348,0.021986564621329308,7.539889480257709,0.023468583822250366,0.7054036259651184,0.2688446044921875,6.298327746807489,0.020800987258553505,True,0,0,1473,pred[1473] <-> gt[1473] <-> mask[1473]
1474,1474,1474,results/B_mask_20_30_reliability_inference/line_debug/0368_reliability.png,/root/autodl-tmp/Inpainting/BundleFusion/B_imgs_gt/office0/02948.jpg,/root/autodl-tmp/Inpainting/masks/irregular_mask/mask_rates_20_30/0010950.png,0368_reliability.png,02948.jpg,0010950.png,0368_reliability,02948,0010950,"[256, 256]","[256, 256]","[256, 256]",False,False,0.2942657470703125,19285,8.040864541597564,8.109966078696674,0.04000035300850868,0.04382508993148804,8.012373550319795,0.03491237759590149,0.684746265411377,0.274688720703125,8.574337845042377,0.03840496763586998,True,0,0,1474,pred[1474] <-> gt[1474] <-> mask[1474]
1475,1475,1475,results/B_mask_20_30_reliability_inference/line_debug/0368_soft.png,/root/autodl-tmp/Inpainting/BundleFusion/B_imgs_gt/office0/02950.jpg,/root/autodl-tmp/Inpainting/masks/irregular_mask/mask_rates_20_30/0010970.png,0368_soft.png,02950.jpg,0010970.png,0368_soft,02950,0010970,"[256, 256]","[256, 256]","[256, 256]",False,False,0.2787017822265625,18265,8.017764096173801,7.177240229507801,0.04094007983803749,0.045636218041181564,8.391739452044636,0.038050759583711624,0.6839050650596619,0.3040618896484375,8.125570724567716,0.041350286453962326,False,0,0,1475,pred[1475] <-> gt[1475] <-> mask[1475]
1476,1476,1476,results/B_mask_20_30_reliability_inference/frames/0369.png,/root/autodl-tmp/Inpainting/BundleFusion/B_imgs_gt/office0/02952.jpg,/root/autodl-tmp/Inpainting/masks/irregular_mask/mask_rates_20_30/0010978.png,0369.png,02952.jpg,0010978.png,0369,02952,0010978,"[256, 256]","[256, 256]","[256, 256]",False,False,0.2243804931640625,14705,10.603769651099693,10.019839859939516,0.20816545188426971,0.18140055239200592,10.788450656966614,0.21054816246032715,0.6211274862289429,0.3373260498046875,10.482544001337235,0.1898021250963211,False,0,0,1476,pred[1476] <-> gt[1476] <-> mask[1476]
1477,1477,1477,results/B_mask_20_30_reliability_inference/line_debug/0369_center.png,/root/autodl-tmp/Inpainting/BundleFusion/B_imgs_gt/office0/02954.jpg,/root/autodl-tmp/Inpainting/masks/irregular_mask/mask_rates_20_30/0011002.png,0369_center.png,02954.jpg,0011002.png,0369_center,02954,0011002,"[256, 256]","[256, 256]","[256, 256]",False,False,0.266510009765625,17466,7.753760921150224,6.575687321810133,0.023323513567447662,0.021485893055796623,8.275626697956444,0.02446940913796425,0.7187321782112122,0.1816864013671875,8.321114809600566,0.02925705350935459,False,0,0,1477,pred[1477] <-> gt[1477] <-> mask[1477]
1478,1478,1478,results/B_mask_20_30_reliability_inference/line_debug/0369_reliability.png,/root/autodl-tmp/Inpainting/BundleFusion/B_imgs_gt/office0/02956.jpg,/root/autodl-tmp/Inpainting/masks/irregular_mask/mask_rates_20_30/0011006.png,0369_reliability.png,02956.jpg,0011006.png,0369_reliability,02956,0011006,"[256, 256]","[256, 256]","[256, 256]",False,False,0.2370758056640625,15537,7.9032446768291305,6.733046368109127,0.03387746959924698,0.017436442896723747,8.342020708267983,0.03626243770122528,0.7071552872657776,0.21380615234375,6.951398294664703,0.030403070151805878,False,0,0,1478,pred[1478] <-> gt[1478] <-> mask[1478]
1479,1479,1479,results/B_mask_20_30_reliability_inference/line_debug/0369_soft.png,/root/autodl-tmp/Inpainting/BundleFusion/B_imgs_gt/office0/02958.jpg,/root/autodl-tmp/Inpainting/masks/irregular_mask/mask_rates_20_30/0011042.png,0369_soft.png,02958.jpg,0011042.png,0369_soft,02958,0011042,"[256, 256]","[256, 256]","[256, 256]",False,False,0.2440185546875,15992,7.903940281816192,9.129049466538106,0.033177588135004044,0.03130090609192848,7.572362516799457,0.033971238881349564,0.7086100578308105,0.2158355712890625,7.968481079448463,0.026179738342761993,True,0,0,1479,pred[1479] <-> gt[1479] <-> mask[1479]
1480,1480,1480,results/B_mask_20_30_reliability_inference/frames/0370.png,/root/autodl-tmp/Inpainting/BundleFusion/B_imgs_gt/office0/02960.jpg,/root/autodl-tmp/Inpainting/masks/irregular_mask/mask_rates_20_30/0011045.png,0370.png,02960.jpg,0011045.png,0370,02960,0011045,"[256, 256]","[256, 256]","[256, 256]",False,False,0.21905517578125,14356,10.141827416375655,7.398849226804672,0.17723946273326874,0.14889633655548096,11.373935903021962,0.19786199927330017,0.6490349769592285,0.2539215087890625,8.912397231144926,0.156030535697937,False,0,0,1480,pred[1480] <-> gt[1480] <-> mask[1480]
1481,1481,1481,results/B_mask_20_30_reliability_inference/line_debug/0370_center.png,/root/autodl-tmp/Inpainting/BundleFusion/B_imgs_gt/office0/02962.jpg,/root/autodl-tmp/Inpainting/masks/irregular_mask/mask_rates_20_30/0011055.png,0370_center.png,02962.jpg,0011055.png,0370_center,02962,0011055,"[256, 256]","[256, 256]","[256, 256]",False,False,0.27410888671875,17964,7.833484682412873,5.894350955223031,0.026373332366347313,0.02310347557067871,8.871179399376688,0.03458119183778763,0.7047148942947388,0.3187713623046875,7.311432840924783,0.026373332366347313,False,0,0,1481,pred[1481] <-> gt[1481] <-> mask[1481]
1482,1482,1482,results/B_mask_20_30_reliability_inference/line_debug/0370_reliability.png,/root/autodl-tmp/Inpainting/BundleFusion/B_imgs_gt/office0/02964.jpg,/root/autodl-tmp/Inpainting/masks/irregular_mask/mask_rates_20_30/0011064.png,0370_reliability.png,02964.jpg,0011064.png,0370_reliability,02964,0011064,"[256, 256]","[256, 256]","[256, 256]",False,False,0.2729339599609375,17887,8.070018364599413,9.788387585280384,0.04074740782380104,0.05123123526573181,7.567509653661334,0.022844038903713226,0.6998798847198486,0.35931396484375,7.564819284383154,0.04090351238846779,True,0,0,1482,pred[1482] <-> gt[1482] <-> mask[1482]
1483,1483,1483,results/B_mask_20_30_reliability_inference/line_debug/0370_soft.png,/root/autodl-tmp/Inpainting/BundleFusion/B_imgs_gt/office0/02966.jpg,/root/autodl-tmp/Inpainting/masks/irregular_mask/mask_rates_20_30/0011070.png,0370_soft.png,02966.jpg,0011070.png,0370_soft,02966,0011070,"[256, 256]","[256, 256]","[256, 256]",False,False,0.214111328125,14032,8.095709526758032,7.008268794652059,0.044117335230112076,0.04322049021720886,8.44613259408381,0.048355769366025925,0.6991933584213257,0.265045166015625,7.450218864739463,0.04417082294821739,False,0,0,1483,pred[1483] <-> gt[1483] <-> mask[1483]
1484,1484,1484,results/B_mask_20_30_reliability_inference/frames/0371.png,/root/autodl-tmp/Inpainting/BundleFusion/B_imgs_gt/office0/02968.jpg,/root/autodl-tmp/Inpainting/masks/irregular_mask/mask_rates_20_30/0011081.png,0371.png,02968.jpg,0011081.png,0371,02968,0011081,"[256, 256]","[256, 256]","[256, 256]",False,False,0.2837371826171875,18595,9.30353566601797,6.932037141935333,0.16221477091312408,0.1551985889673233,10.777308723860568,0.19286152720451355,0.6901868581771851,0.2984771728515625,9.892128486583243,0.16165703535079956,False,0,0,1484,pred[1484] <-> gt[1484] <-> mask[1484]
1485,1485,1485,results/B_mask_20_30_reliability_inference/line_debug/0371_center.png,/root/autodl-tmp/Inpainting/BundleFusion/B_imgs_gt/office0/02970.jpg,/root/autodl-tmp/Inpainting/masks/irregular_mask/mask_rates_20_30/0011086.png,0371_center.png,02970.jpg,0011086.png,0371_center,02970,0011086,"[256, 256]","[256, 256]","[256, 256]",False,False,0.2205352783203125,14453,7.809350354857504,9.197615849372571,0.021716415882110596,0.01949438638985157,7.485535819623935,0.02146313153207302,0.7178604602813721,0.3595733642578125,8.746957714554883,0.021111294627189636,True,0,0,1485,pred[1485] <-> gt[1485] <-> mask[1485]
1486,1486,1486,results/B_mask_20_30_reliability_inference/line_debug/0371_reliability.png,/root/autodl-tmp/Inpainting/BundleFusion/B_imgs_gt/office0/02972.jpg,/root/autodl-tmp/Inpainting/masks/irregular_mask/mask_rates_20_30/0011087.png,0371_reliability.png,02972.jpg,0011087.png,0371_reliability,02972,0011087,"[256, 256]","[256, 256]","[256, 256]",False,False,0.2566375732421875,16819,8.074597429589481,6.988246077787029,0.03376300632953644,0.029109850525856018,8.523107049636888,0.03552422672510147,0.7031066417694092,0.2886505126953125,7.509288072673885,0.032430946826934814,False,0,0,1486,pred[1486] <-> gt[1486] <-> mask[1486]
1487,1487,1487,results/B_mask_20_30_reliability_inference/line_debug/0371_soft.png,/root/autodl-tmp/Inpainting/BundleFusion/B_imgs_gt/office0/02974.jpg,/root/autodl-tmp/Inpainting/masks/irregular_mask/mask_rates_20_30/0011100.png,0371_soft.png,02974.jpg,0011100.png,0371_soft,02974,0011100,"[256, 256]","[256, 256]","[256, 256]",False,False,0.2908935546875,19064,8.184460770991778,6.103215616938524,0.036802664399147034,0.035161081701517105,9.4466960647836,0.048370324075222015,0.7019074559211731,0.301177978515625,7.205866773966392,0.03620082512497902,False,0,0,1487,pred[1487] <-> gt[1487] <-> mask[1487]
1488,1488,1488,results/B_mask_20_30_reliability_inference/frames/0372.png,/root/autodl-tmp/Inpainting/BundleFusion/B_imgs_gt/office0/02976.jpg,/root/autodl-tmp/Inpainting/masks/irregular_mask/mask_rates_20_30/0011102.png,0372.png,02976.jpg,0011102.png,0372,02976,0011102,"[256, 256]","[256, 256]","[256, 256]",False,False,0.20599365234375,13500,9.094787799311804,7.0577260167998,0.15901689231395721,0.09960203617811203,9.827588670021871,0.18515212833881378,0.7073042392730713,0.1585845947265625,9.83685675570079,0.11816558241844177,False,0,0,1488,pred[1488] <-> gt[1488] <-> mask[1488]
1489,1489,1489,results/B_mask_20_30_reliability_inference/line_debug/0372_center.png,/root/autodl-tmp/Inpainting/BundleFusion/B_imgs_gt/office0/02978.jpg,/root/autodl-tmp/Inpainting/masks/irregular_mask/mask_rates_20_30/0011112.png,0372_center.png,02978.jpg,0011112.png,0372_center,02978,0011112,"[256, 256]","[256, 256]","[256, 256]",False,False,0.278076171875,18224,8.255866510352991,8.482582794512204,0.026321368291974068,0.02491653896868229,8.171601933551422,0.030355840921401978,0.7322437763214111,0.293182373046875,8.782408574437323,0.03019890934228897,True,0,0,1489,pred[1489] <-> gt[1489] <-> mask[1489]
1490,1490,1490,results/B_mask_20_30_reliability_inference/line_debug/0372_reliability.png,/root/autodl-tmp/Inpainting/BundleFusion/B_imgs_gt/office0/02980.jpg,/root/autodl-tmp/Inpainting/masks/irregular_mask/mask_rates_20_30/0011131.png,0372_reliability.png,02980.jpg,0011131.png,0372_reliability,02980,0011131,"[256, 256]","[256, 256]","[256, 256]",False,False,0.2322998046875,15224,8.418569757263656,6.224175273603201,0.03682482987642288,0.03356153145432472,9.381907598009215,0.03999961540102959,0.7225549817085266,0.262115478515625,8.363059248529197,0.034190695732831955,False,0,0,1490,pred[1490] <-> gt[1490] <-> mask[1490]
1491,1491,1491,results/B_mask_20_30_reliability_inference/line_debug/0372_soft.png,/root/autodl-tmp/Inpainting/BundleFusion/B_imgs_gt/office0/02982.jpg,/root/autodl-tmp/Inpainting/masks/irregular_mask/mask_rates_20_30/0011137.png,0372_soft.png,02982.jpg,0011137.png,0372_soft,02982,0011137,"[256, 256]","[256, 256]","[256, 256]",False,False,0.2026519775390625,13281,8.406775391493603,8.44193995219922,0.03743016719818115,0.03625324368476868,8.397882855182823,0.04098023474216461,0.7236112356185913,0.2598419189453125,7.602579212639863,0.0351630374789238,True,0,0,1491,pred[1491] <-> gt[1491] <-> mask[1491]
1492,1492,1492,results/B_mask_20_30_reliability_inference/frames/0373.png,/root/autodl-tmp/Inpainting/BundleFusion/B_imgs_gt/office0/02984.jpg,/root/autodl-tmp/Inpainting/masks/irregular_mask/mask_rates_20_30/0011138.png,0373.png,02984.jpg,0011138.png,0373,02984,0011138,"[256, 256]","[256, 256]","[256, 256]",False,False,0.26470947265625,17348,9.444344403741795,8.506663351965866,0.18222765624523163,0.16351981461048126,9.838484782421165,0.1976352035999298,0.7035613059997559,0.3655242919921875,8.424699555741125,0.17195917665958405,False,0,0,1492,pred[1492] <-> gt[1492] <-> mask[1492]
1493,1493,1493,results/B_mask_20_30_reliability_inference/line_debug/0373_center.png,/root/autodl-tmp/Inpainting/BundleFusion/B_imgs_gt/office0/02986.jpg,/root/autodl-tmp/Inpainting/masks/irregular_mask/mask_rates_20_30/0011140.png,0373_center.png,02986.jpg,0011140.png,0373_center,02986,0011140,"[256, 256]","[256, 256]","[256, 256]",False,False,0.2305908203125,15112,9.030073383290528,9.6034579916693,0.03129267320036888,0.030985796824097633,8.872002868806119,0.03185703605413437,0.715747594833374,0.342254638671875,9.926781860451332,0.03129267320036888,True,0,0,1493,pred[1493] <-> gt[1493] <-> mask[1493]
1494,1494,1494,results/B_mask_20_30_reliability_inference/line_debug/0373_reliability.png,/root/autodl-tmp/Inpainting/BundleFusion/B_imgs_gt/office0/02988.jpg,/root/autodl-tmp/Inpainting/masks/irregular_mask/mask_rates_20_30/0011169.png,0373_reliability.png,02988.jpg,0011169.png,0373_reliability,02988,0011169,"[256, 256]","[256, 256]","[256, 256]",False,False,0.2646484375,17344,9.96750790682591,7.797214810022379,0.04693228006362915,0.04884341359138489,11.121308121216058,0.04518585279583931,0.6498992443084717,0.2976226806640625,9.009398455265377,0.04901856184005737,False,0,0,1494,pred[1494] <-> gt[1494] <-> mask[1494]
1495,1495,1495,results/B_mask_20_30_reliability_inference/line_debug/0373_soft.png,/root/autodl-tmp/Inpainting/BundleFusion/B_imgs_gt/office0/02990.jpg,/root/autodl-tmp/Inpainting/masks/irregular_mask/mask_rates_20_30/0011181.png,0373_soft.png,02990.jpg,0011181.png,0373_soft,02990,0011181,"[256, 256]","[256, 256]","[256, 256]",False,False,0.2305908203125,15112,10.124714997281243,16.526142095292066,0.04402220621705055,0.03807685151696205,9.221908087775505,0.03642949461936951,0.6525567770004272,0.25128173828125,12.451771263523288,0.034331176429986954,True,0,0,1495,pred[1495] <-> gt[1495] <-> mask[1495]
1496,1496,1496,results/B_mask_20_30_reliability_inference/frames/0374.png,/root/autodl-tmp/Inpainting/BundleFusion/B_imgs_gt/office0/02992.jpg,/root/autodl-tmp/Inpainting/masks/irregular_mask/mask_rates_20_30/0011182.png,0374.png,02992.jpg,0011182.png,0374,02992,0011182,"[256, 256]","[256, 256]","[256, 256]",False,False,0.245330810546875,16078,11.315506651294632,11.55149239519137,0.2613050043582916,0.20430926978588104,11.241472871760127,0.29617199301719666,0.6196120977401733,0.2716522216796875,10.042397102602354,0.2454957515001297,True,0,0,1496,pred[1496] <-> gt[1496] <-> mask[1496]
1497,1497,1497,results/B_mask_20_30_reliability_inference/line_debug/0374_center.png,/root/autodl-tmp/Inpainting/BundleFusion/B_imgs_gt/office0/02994.jpg,/root/autodl-tmp/Inpainting/masks/irregular_mask/mask_rates_20_30/0011192.png,0374_center.png,02994.jpg,0011192.png,0374_center,02994,0011192,"[256, 256]","[256, 256]","[256, 256]",False,False,0.23443603515625,15364,9.94410810926439,10.583221259497664,0.03503317013382912,0.027007823809981346,9.765823893592293,0.03522048145532608,0.6696141958236694,0.3550872802734375,10.124291588386614,0.0324464850127697,True,0,0,1497,pred[1497] <-> gt[1497] <-> mask[1497]
1498,1498,1498,results/B_mask_20_30_reliability_inference/line_debug/0374_reliability.png,/root/autodl-tmp/Inpainting/BundleFusion/B_imgs_gt/office0/02996.jpg,/root/autodl-tmp/Inpainting/masks/irregular_mask/mask_rates_20_30/0011193.png,0374_reliability.png,02996.jpg,0011193.png,0374_reliability,02996,0011193,"[256, 256]","[256, 256]","[256, 256]",False,False,0.2072601318359375,13583,10.224391860844824,7.196385279913712,0.04123009368777275,0.03894782066345215,11.553160536337225,0.04995102807879448,0.6656092405319214,0.2276611328125,8.411931984022425,0.04552512243390083,False,0,0,1498,pred[1498] <-> gt[1498] <-> mask[1498]
1499,1499,1499,results/B_mask_20_30_reliability_inference/line_debug/0374_soft.png,/root/autodl-tmp/Inpainting/BundleFusion/B_imgs_gt/office0/02998.jpg,/root/autodl-tmp/Inpainting/masks/irregular_mask/mask_rates_20_30/0011196.png,0374_soft.png,02998.jpg,0011196.png,0374_soft,02998,0011196,"[256, 256]","[256, 256]","[256, 256]",False,False,0.2562713623046875,16795,10.200957023570256,8.915957922545866,0.03894710913300514,0.033009182661771774,10.749431423363836,0.03678707405924797,0.6636887788772583,0.222869873046875,9.531866143623585,0.04161003977060318,False,0,0,1499,pred[1499] <-> gt[1499] <-> mask[1499]
1500,1500,1500,results/B_mask_20_30_reliability_inference/frames/0375.png,/root/autodl-tmp/Inpainting/BundleFusion/B_imgs_gt/office0/03000.jpg,/root/autodl-tmp/Inpainting/masks/irregular_mask/mask_rates_20_30/0011203.png,0375.png,03000.jpg,0011203.png,0375,03000,0011203,"[256, 256]","[256, 256]","[256, 256]",False,False,0.201263427734375,13190,11.391257672298716,9.258527706539441,0.2502342760562897,0.20246106386184692,12.14729309330205,0.2676561176776886,0.6185113191604614,0.227203369140625,9.359077328343993,0.21913492679595947,False,0,0,1500,pred[1500] <-> gt[1500] <-> mask[1500]
1501,1501,1501,results/B_mask_20_30_reliability_inference/line_debug/0375_center.png,/root/autodl-tmp/Inpainting/BundleFusion/B_imgs_gt/office0/03002.jpg,/root/autodl-tmp/Inpainting/masks/irregular_mask/mask_rates_20_30/0011206.png,0375_center.png,03002.jpg,0011206.png,0375_center,03002,0011206,"[256, 256]","[256, 256]","[256, 256]",False,False,0.2027587890625,13288,9.99737670030099,6.639125957906621,0.03265310451388359,0.035885464400053024,11.52631003954327,0.039507634937763214,0.6840717196464539,0.2998504638671875,8.683086060701996,0.035167302936315536,False,0,0,1501,pred[1501] <-> gt[1501] <-> mask[1501]
1502,1502,1502,results/B_mask_20_30_reliability_inference/line_debug/0375_reliability.png,/root/autodl-tmp/Inpainting/BundleFusion/B_imgs_gt/office0/03004.jpg,/root/autodl-tmp/Inpainting/masks/irregular_mask/mask_rates_20_30/0011207.png,0375_reliability.png,03004.jpg,0011207.png,0375_reliability,03004,0011207,"[256, 256]","[256, 256]","[256, 256]",False,False,0.297698974609375,19510,9.935687851432393,8.249959566514612,0.04434121772646904,0.044059474021196365,10.910397450785275,0.052663497626781464,0.6667959094047546,0.4312896728515625,9.852888342519746,0.04434121772646904,False,0,0,1502,pred[1502] <-> gt[1502] <-> mask[1502]
1503,1503,1503,results/B_mask_20_30_reliability_inference/line_debug/0375_soft.png,/root/autodl-tmp/Inpainting/BundleFusion/B_imgs_gt/office0/03006.jpg,/root/autodl-tmp/Inpainting/masks/irregular_mask/mask_rates_20_30/0011208.png,0375_soft.png,03006.jpg,0011208.png,0375_soft,03006,0011208,"[256, 256]","[256, 256]","[256, 256]",False,False,0.287078857421875,18814,9.667122702844098,7.737802388646316,0.04031028226017952,0.034130264073610306,10.77535097073378,0.04251342639327049,0.670465886592865,0.271575927734375,8.922334137852761,0.039221715182065964,False,0,0,1503,pred[1503] <-> gt[1503] <-> mask[1503]
1504,1504,1504,results/B_mask_20_30_reliability_inference/frames/0376.png,/root/autodl-tmp/Inpainting/BundleFusion/B_imgs_gt/office0/03008.jpg,/root/autodl-tmp/Inpainting/masks/irregular_mask/mask_rates_20_30/0011218.png,0376.png,03008.jpg,0011218.png,0376,03008,0011218,"[256, 256]","[256, 256]","[256, 256]",False,False,0.2368927001953125,15525,11.31022936937381,9.207287922733183,0.2820344567298889,0.23740313947200775,12.243489226447222,0.33536991477012634,0.6213304400444031,0.2681121826171875,9.042475179010353,0.2683132588863373,False,0,0,1504,pred[1504] <-> gt[1504] <-> mask[1504]
1505,1505,1505,results/B_mask_20_30_reliability_inference/line_debug/0376_center.png,/root/autodl-tmp/Inpainting/BundleFusion/B_imgs_gt/office0/03010.jpg,/root/autodl-tmp/Inpainting/masks/irregular_mask/mask_rates_20_30/0011232.png,0376_center.png,03010.jpg,0011232.png,0376_center,03010,0011232,"[256, 256]","[256, 256]","[256, 256]",False,False,0.2960205078125,19400,8.75987489397779,8.627848753482185,0.01967601291835308,0.01967601291835308,8.816612421717583,0.023373154923319817,0.6871823668479919,0.3119964599609375,8.293759828888827,0.01967601291835308,False,0,0,1505,pred[1505] <-> gt[1505] <-> mask[1505]
1506,1506,1506,results/B_mask_20_30_reliability_inference/line_debug/0376_reliability.png,/root/autodl-tmp/Inpainting/BundleFusion/B_imgs_gt/office0/03012.jpg,/root/autodl-tmp/Inpainting/masks/irregular_mask/mask_rates_20_30/0011236.png,0376_reliability.png,03012.jpg,0011236.png,0376_reliability,03012,0011236,"[256, 256]","[256, 256]","[256, 256]",False,False,0.2906646728515625,19049,8.857393950676544,8.222198461062568,0.022080278024077415,0.014356683008372784,9.147129180275456,0.025944694876670837,0.6820088624954224,0.2629547119140625,7.276207470390429,0.022518305107951164,False,0,0,1506,pred[1506] <-> gt[1506] <-> mask[1506]
1507,1507,1507,results/B_mask_20_30_reliability_inference/line_debug/0376_soft.png,/root/autodl-tmp/Inpainting/BundleFusion/B_imgs_gt/office0/03014.jpg,/root/autodl-tmp/Inpainting/masks/irregular_mask/mask_rates_20_30/0011251.png,0376_soft.png,03014.jpg,0011251.png,0376_soft,03014,0011251,"[256, 256]","[256, 256]","[256, 256]",False,False,0.2496795654296875,16363,8.931530829748644,8.087678581338233,0.018352262675762177,0.018060246482491493,9.253087333906771,0.018515044823288918,0.7048933506011963,0.309539794921875,8.269168419056893,0.018390415236353874,False,0,0,1507,pred[1507] <-> gt[1507] <-> mask[1507]
1508,1508,1508,results/B_mask_20_30_reliability_inference/frames/0377.png,/root/autodl-tmp/Inpainting/BundleFusion/B_imgs_gt/office0/03016.jpg,/root/autodl-tmp/Inpainting/masks/irregular_mask/mask_rates_20_30/0011277.png,0377.png,03016.jpg,0011277.png,0377,03016,0011277,"[256, 256]","[256, 256]","[256, 256]",False,False,0.2204132080078125,14445,11.761424793072258,9.670367322055434,0.33377504348754883,0.24252791702747345,12.596156927303433,0.36469703912734985,0.6606748700141907,0.2520294189453125,10.244204781336686,0.26861444115638733,False,0,0,1508,pred[1508] <-> gt[1508] <-> mask[1508]
1509,1509,1509,results/B_mask_20_30_reliability_inference/line_debug/0377_center.png,/root/autodl-tmp/Inpainting/BundleFusion/B_imgs_gt/office0/03018.jpg,/root/autodl-tmp/Inpainting/masks/irregular_mask/mask_rates_20_30/0011287.png,0377_center.png,03018.jpg,0011287.png,0377_center,03018,0011287,"[256, 256]","[256, 256]","[256, 256]",False,False,0.2731170654296875,17899,9.091962509593447,10.53162001719709,0.008733867667615414,0.006830714177340269,8.65435644014415,0.0072942026890814304,0.8058205842971802,0.3465576171875,8.579846858509836,0.007079973816871643,True,0,0,1509,pred[1509] <-> gt[1509] <-> mask[1509]
1510,1510,1510,results/B_mask_20_30_reliability_inference/line_debug/0377_reliability.png,/root/autodl-tmp/Inpainting/BundleFusion/B_imgs_gt/office0/03020.jpg,/root/autodl-tmp/Inpainting/masks/irregular_mask/mask_rates_20_30/0011290.png,0377_reliability.png,03020.jpg,0011290.png,0377_reliability,03020,0011290,"[256, 256]","[256, 256]","[256, 256]",False,False,0.2471923828125,16200,8.610737492348756,15.015430849030995,0.011165790259838104,0.012049089185893536,7.630468760559466,0.008690407499670982,0.7628412246704102,0.2461090087890625,10.440552877445775,0.01141029316931963,True,0,0,1510,pred[1510] <-> gt[1510] <-> mask[1510]
1511,1511,1511,results/B_mask_20_30_reliability_inference/line_debug/0377_soft.png,/root/autodl-tmp/Inpainting/BundleFusion/B_imgs_gt/office0/03022.jpg,/root/autodl-tmp/Inpainting/masks/irregular_mask/mask_rates_20_30/0011302.png,0377_soft.png,03022.jpg,0011302.png,0377_soft,03022,0011302,"[256, 256]","[256, 256]","[256, 256]",False,False,0.24835205078125,16276,8.251919650637104,10.989582998723986,0.009649130515754223,0.009738531894981861,7.627974861682062,0.008707206696271896,0.7571942210197449,0.4054107666015625,8.523938034687276,0.009649130515754223,True,0,0,1511,pred[1511] <-> gt[1511] <-> mask[1511]
1512,1512,1512,results/B_mask_20_30_reliability_inference/frames/0378.png,/root/autodl-tmp/Inpainting/BundleFusion/B_imgs_gt/office0/03024.jpg,/root/autodl-tmp/Inpainting/masks/irregular_mask/mask_rates_20_30/0011310.png,0378.png,03024.jpg,0011310.png,0378,03024,0011310,"[256, 256]","[256, 256]","[256, 256]",False,False,0.2788238525390625,18273,10.29701674866219,13.313376486711153,0.2685111463069916,0.30502673983573914,9.52849637359343,0.279582142829895,0.6870549321174622,0.288177490234375,12.291312588858736,0.2796214818954468,True,0,0,1512,pred[1512] <-> gt[1512] <-> mask[1512]
1513,1513,1513,results/B_mask_20_30_reliability_inference/line_debug/0378_center.png,/root/autodl-tmp/Inpainting/BundleFusion/B_imgs_gt/office0/03026.jpg,/root/autodl-tmp/Inpainting/masks/irregular_mask/mask_rates_20_30/0011317.png,0378_center.png,03026.jpg,0011317.png,0378_center,03026,0011317,"[256, 256]","[256, 256]","[256, 256]",False,False,0.2637939453125,17288,7.924197422736725,6.88816829607908,0.004575258120894432,0.0030697546899318695,8.365083577794334,0.005346974823623896,0.7965992093086243,0.2723541259765625,8.897579557730197,0.004649251699447632,False,0,0,1513,pred[1513] <-> gt[1513] <-> mask[1513]
1514,1514,1514,results/B_mask_20_30_reliability_inference/line_debug/0378_reliability.png,/root/autodl-tmp/Inpainting/BundleFusion/B_imgs_gt/office0/03028.jpg,/root/autodl-tmp/Inpainting/masks/irregular_mask/mask_rates_20_30/0011339.png,0378_reliability.png,03028.jpg,0011339.png,0378_reliability,03028,0011339,"[256, 256]","[256, 256]","[256, 256]",False,False,0.2407989501953125,15781,7.7486492813116135,7.2546529590100945,0.006142965983599424,0.00587415462359786,7.9178438038261225,0.006879668217152357,0.7879490256309509,0.282073974609375,7.531169175758805,0.005270201247185469,False,0,0,1514,pred[1514] <-> gt[1514] <-> mask[1514]
1515,1515,1515,results/B_mask_20_30_reliability_inference/line_debug/0378_soft.png,/root/autodl-tmp/Inpainting/BundleFusion/B_imgs_gt/office0/03030.jpg,/root/autodl-tmp/Inpainting/masks/irregular_mask/mask_rates_20_30/0011355.png,0378_soft.png,03030.jpg,0011355.png,0378_soft,03030,0011355,"[256, 256]","[256, 256]","[256, 256]",False,False,0.2777099609375,18200,7.562574050649603,7.275985920202357,0.005119882989674807,0.0059220814146101475,7.677999592401356,0.004277396947145462,0.8081347942352295,0.303375244140625,7.43085926188312,0.00546163460239768,False,0,0,1515,pred[1515] <-> gt[1515] <-> mask[1515]
1516,1516,1516,results/B_mask_20_30_reliability_inference/frames/0379.png,/root/autodl-tmp/Inpainting/BundleFusion/B_imgs_gt/office0/03032.jpg,/root/autodl-tmp/Inpainting/masks/irregular_mask/mask_rates_20_30/0011362.png,0379.png,03032.jpg,0011362.png,0379,03032,0011362,"[256, 256]","[256, 256]","[256, 256]",False,False,0.2315216064453125,15173,9.62412084879911,9.890127496313156,0.22727714478969574,0.22727714478969574,9.547073335740409,0.23790165781974792,0.6837469339370728,0.4008941650390625,10.76475496732765,0.22727714478969574,True,0,0,1516,pred[1516] <-> gt[1516] <-> mask[1516]
1517,1517,1517,results/B_mask_20_30_reliability_inference/line_debug/0379_center.png,/root/autodl-tmp/Inpainting/BundleFusion/B_imgs_gt/office0/03034.jpg,/root/autodl-tmp/Inpainting/masks/irregular_mask/mask_rates_20_30/0011376.png,0379_center.png,03034.jpg,0011376.png,0379_center,03034,0011376,"[256, 256]","[256, 256]","[256, 256]",False,False,0.2626495361328125,17213,6.794949227841941,6.254508896974087,0.0024562396574765444,0.002678981749340892,7.004944091273574,0.002375527285039425,0.8093284964561462,0.296630859375,6.36828264962918,0.0025110214482992887,False,0,0,1517,pred[1517] <-> gt[1517] <-> mask[1517]
1518,1518,1518,results/B_mask_20_30_reliability_inference/line_debug/0379_reliability.png,/root/autodl-tmp/Inpainting/BundleFusion/B_imgs_gt/office0/03036.jpg,/root/autodl-tmp/Inpainting/masks/irregular_mask/mask_rates_20_30/0011377.png,0379_reliability.png,03036.jpg,0011377.png,0379_reliability,03036,0011377,"[256, 256]","[256, 256]","[256, 256]",False,False,0.240875244140625,15786,6.7933228940398225,8.366947114367422,0.007672954350709915,0.00973547250032425,6.393447647161549,0.004791870713233948,0.8143846392631531,0.2462310791015625,6.811389377238668,0.008618289604783058,True,0,0,1518,pred[1518] <-> gt[1518] <-> mask[1518]
1519,1519,1519,results/B_mask_20_30_reliability_inference/line_debug/0379_soft.png,/root/autodl-tmp/Inpainting/BundleFusion/B_imgs_gt/office0/03038.jpg,/root/autodl-tmp/Inpainting/masks/irregular_mask/mask_rates_20_30/0011385.png,0379_soft.png,03038.jpg,0011385.png,0379_soft,03038,0011385,"[256, 256]","[256, 256]","[256, 256]",False,False,0.2113494873046875,13851,7.340341583675829,6.086374467077793,0.009559539146721363,0.006612093653529882,7.748526957168053,0.012232420966029167,0.8030414581298828,0.3023223876953125,6.164360276420798,0.008400866761803627,False,0,0,1519,pred[1519] <-> gt[1519] <-> mask[1519]
1520,1520,1520,results/B_mask_20_30_reliability_inference/frames/0380.png,/root/autodl-tmp/Inpainting/BundleFusion/B_imgs_gt/office0/03040.jpg,/root/autodl-tmp/Inpainting/masks/irregular_mask/mask_rates_20_30/0011391.png,0380.png,03040.jpg,0011391.png,0380,03040,0011391,"[256, 256]","[256, 256]","[256, 256]",False,False,0.2167510986328125,14205,9.379721461942651,10.493995782013377,0.18919259309768677,0.20558039844036102,9.11592185203008,0.17532619833946228,0.7013483047485352,0.2942047119140625,8.523687432650139,0.19183780252933502,True,0,0,1520,pred[1520] <-> gt[1520] <-> mask[1520]
1521,1521,1521,results/B_mask_20_30_reliability_inference/line_debug/0380_center.png,/root/autodl-tmp/Inpainting/BundleFusion/B_imgs_gt/office0/03042.jpg,/root/autodl-tmp/Inpainting/masks/irregular_mask/mask_rates_20_30/0011409.png,0380_center.png,03042.jpg,0011409.png,0380_center,03042,0011409,"[256, 256]","[256, 256]","[256, 256]",False,False,0.2036895751953125,13349,7.530691467562047,8.941986784351888,0.00595436105504632,0.006679194513708353,7.232924615193599,0.004944402724504471,0.845413863658905,0.3383941650390625,8.27812563446988,0.00595436105504632,True,0,0,1521,pred[1521] <-> gt[1521] <-> mask[1521]
1522,1522,1522,results/B_mask_20_30_reliability_inference/line_debug/0380_reliability.png,/root/autodl-tmp/Inpainting/BundleFusion/B_imgs_gt/office0/03044.jpg,/root/autodl-tmp/Inpainting/masks/irregular_mask/mask_rates_20_30/0011410.png,0380_reliability.png,03044.jpg,0011410.png,0380_reliability,03044,0011410,"[256, 256]","[256, 256]","[256, 256]",False,False,0.27923583984375,18300,8.052428730678098,9.478954981291658,0.013853455893695354,0.013585296459496021,7.605200989895405,0.011323201470077038,0.8409931063652039,0.348907470703125,7.44947240379841,0.013586629182100296,True,0,0,1522,pred[1522] <-> gt[1522] <-> mask[1522]
1523,1523,1523,results/B_mask_20_30_reliability_inference/line_debug/0380_soft.png,/root/autodl-tmp/Inpainting/BundleFusion/B_imgs_gt/office0/03046.jpg,/root/autodl-tmp/Inpainting/masks/irregular_mask/mask_rates_20_30/0011417.png,0380_soft.png,03046.jpg,0011417.png,0380_soft,03046,0011417,"[256, 256]","[256, 256]","[256, 256]",False,False,0.2245330810546875,14715,8.938654294287758,10.64148843502657,0.015452795661985874,0.024004152044653893,8.54881300471082,0.012286216020584106,0.8499222993850708,0.2664794921875,8.944562744011199,0.021203970536589622,True,0,0,1523,pred[1523] <-> gt[1523] <-> mask[1523]
1524,1524,1524,results/B_mask_20_30_reliability_inference/frames/0381.png,/root/autodl-tmp/Inpainting/BundleFusion/B_imgs_gt/office0/03048.jpg,/root/autodl-tmp/Inpainting/masks/irregular_mask/mask_rates_20_30/0011427.png,0381.png,03048.jpg,0011427.png,0381,03048,0011427,"[256, 256]","[256, 256]","[256, 256]",False,False,0.2205352783203125,14453,13.068202687111954,15.24298031752746,0.3266463279724121,0.3311104476451874,12.609281446154588,0.3196678161621094,0.6759942173957825,0.3671112060546875,14.866803700661768,0.3334597051143646,True,0,0,1524,pred[1524] <-> gt[1524] <-> mask[1524]
1525,1525,1525,results/B_mask_20_30_reliability_inference/line_debug/0381_center.png,/root/autodl-tmp/Inpainting/BundleFusion/B_imgs_gt/office0/03050.jpg,/root/autodl-tmp/Inpainting/masks/irregular_mask/mask_rates_20_30/0011430.png,0381_center.png,03050.jpg,0011430.png,0381_center,03050,0011430,"[256, 256]","[256, 256]","[256, 256]",False,False,0.2227783203125,14600,11.35481258098434,12.774074172169279,0.010805332101881504,0.015050381422042847,11.020956860720695,0.009482708759605885,0.8427029848098755,0.3032684326171875,13.181834805932962,0.01238097995519638,True,0,0,1525,pred[1525] <-> gt[1525] <-> mask[1525]
1526,1526,1526,results/B_mask_20_30_reliability_inference/line_debug/0381_reliability.png,/root/autodl-tmp/Inpainting/BundleFusion/B_imgs_gt/office0/03052.jpg,/root/autodl-tmp/Inpainting/masks/irregular_mask/mask_rates_20_30/0011441.png,0381_reliability.png,03052.jpg,0011441.png,0381_reliability,03052,0011441,"[256, 256]","[256, 256]","[256, 256]",False,False,0.292144775390625,19146,11.914053107722733,14.135683744150754,0.016244903206825256,0.017993038520216942,11.249800957263336,0.01514157373458147,0.8378506898880005,0.3257293701171875,12.903219184744001,0.016625046730041504,True,0,0,1526,pred[1526] <-> gt[1526] <-> mask[1526]
1527,1527,1527,results/B_mask_20_30_reliability_inference/line_debug/0381_soft.png,/root/autodl-tmp/Inpainting/BundleFusion/B_imgs_gt/office0/03054.jpg,/root/autodl-tmp/Inpainting/masks/irregular_mask/mask_rates_20_30/0011443.png,0381_soft.png,03054.jpg,0011443.png,0381_soft,03054,0011443,"[256, 256]","[256, 256]","[256, 256]",False,False,0.20257568359375,13276,12.255063325956597,13.71754832432851,0.015499052591621876,0.02073017507791519,11.950553382110385,0.013574425131082535,0.8326097130775452,0.272552490234375,13.508158667835842,0.017689846456050873,True,0,0,1527,pred[1527] <-> gt[1527] <-> mask[1527]
1528,1528,1528,results/B_mask_20_30_reliability_inference/frames/0382.png,/root/autodl-tmp/Inpainting/BundleFusion/B_imgs_gt/office0/03056.jpg,/root/autodl-tmp/Inpainting/masks/irregular_mask/mask_rates_20_30/0011446.png,0382.png,03056.jpg,0011446.png,0382,03056,0011446,"[256, 256]","[256, 256]","[256, 256]",False,False,0.2988433837890625,19585,15.394305042788133,15.814909634087378,0.33652427792549133,0.3810691833496094,15.226720130630458,0.3048825263977051,0.7369372844696045,0.3279266357421875,16.151402257627204,0.34996500611305237,True,0,0,1528,pred[1528] <-> gt[1528] <-> mask[1528]
1529,1529,1529,results/B_mask_20_30_reliability_inference/line_debug/0382_center.png,/root/autodl-tmp/Inpainting/BundleFusion/B_imgs_gt/office0/03058.jpg,/root/autodl-tmp/Inpainting/masks/irregular_mask/mask_rates_20_30/0011451.png,0382_center.png,03058.jpg,0011451.png,0382_center,03058,0011451,"[256, 256]","[256, 256]","[256, 256]",False,False,0.2695770263671875,17667,12.411487587743089,12.462696270891808,0.012593060731887817,0.012618322856724262,12.392739699823338,0.014269689098000526,0.8045791387557983,0.345916748046875,13.20973738065782,0.012593060731887817,True,0,0,1529,pred[1529] <-> gt[1529] <-> mask[1529]
1530,1530,1530,results/B_mask_20_30_reliability_inference/line_debug/0382_reliability.png,/root/autodl-tmp/Inpainting/BundleFusion/B_imgs_gt/office0/03060.jpg,/root/autodl-tmp/Inpainting/masks/irregular_mask/mask_rates_20_30/0011455.png,0382_reliability.png,03060.jpg,0011455.png,0382_reliability,03060,0011455,"[256, 256]","[256, 256]","[256, 256]",False,False,0.2031402587890625,13313,12.5468595903069,11.411641123266138,0.01955016888678074,0.019314182922244072,12.890874484105181,0.02134105935692787,0.8155348300933838,0.3930511474609375,12.481785221508137,0.01955016888678074,False,0,0,1530,pred[1530] <-> gt[1530] <-> mask[1530]
1531,1531,1531,results/B_mask_20_30_reliability_inference/line_debug/0382_soft.png,/root/autodl-tmp/Inpainting/BundleFusion/B_imgs_gt/office0/03062.jpg,/root/autodl-tmp/Inpainting/masks/irregular_mask/mask_rates_20_30/0011462.png,0382_soft.png,03062.jpg,0011462.png,0382_soft,03062,0011462,"[256, 256]","[256, 256]","[256, 256]",False,False,0.24322509765625,15940,12.580348621067106,14.032095199437162,0.020101582631468773,0.015660220757126808,12.200814900513826,0.02308712527155876,0.8083792924880981,0.304840087890625,13.396320691669368,0.017659474164247513,True,0,0,1531,pred[1531] <-> gt[1531] <-> mask[1531]
1532,1532,1532,results/B_mask_20_30_reliability_inference/frames/0383.png,/root/autodl-tmp/Inpainting/BundleFusion/B_imgs_gt/office0/03064.jpg,/root/autodl-tmp/Inpainting/masks/irregular_mask/mask_rates_20_30/0011471.png,0383.png,03064.jpg,0011471.png,0383,03064,0011471,"[256, 256]","[256, 256]","[256, 256]",False,False,0.2413177490234375,15815,15.064089040768478,16.85211600566174,0.34533730149269104,0.3632619380950928,14.62126052272433,0.3327983319759369,0.7600975632667542,0.3188323974609375,15.167530219100996,0.3626200258731842,True,0,0,1532,pred[1532] <-> gt[1532] <-> mask[1532]
1533,1533,1533,results/B_mask_20_30_reliability_inference/line_debug/0383_center.png,/root/autodl-tmp/Inpainting/BundleFusion/B_imgs_gt/office0/03066.jpg,/root/autodl-tmp/Inpainting/masks/irregular_mask/mask_rates_20_30/0011474.png,0383_center.png,03066.jpg,0011474.png,0383_center,03066,0011474,"[256, 256]","[256, 256]","[256, 256]",False,False,0.265655517578125,17410,12.377151904504352,12.809205719791938,0.014706197194755077,0.011426362209022045,12.230866848309091,0.016184480860829353,0.8180620074272156,0.248016357421875,13.460468633237458,0.010721015743911266,True,0,0,1533,pred[1533] <-> gt[1533] <-> mask[1533]
1534,1534,1534,results/B_mask_20_30_reliability_inference/line_debug/0383_reliability.png,/root/autodl-tmp/Inpainting/BundleFusion/B_imgs_gt/office0/03068.jpg,/root/autodl-tmp/Inpainting/masks/irregular_mask/mask_rates_20_30/0011476.png,0383_reliability.png,03068.jpg,0011476.png,0383_reliability,03068,0011476,"[256, 256]","[256, 256]","[256, 256]",False,False,0.289886474609375,18998,11.692434988393517,10.264833917593313,0.017380153760313988,0.01805882900953293,12.443831721400485,0.01884516142308712,0.7899336814880371,0.3395538330078125,12.55939318340863,0.016970813274383545,False,0,0,1534,pred[1534] <-> gt[1534] <-> mask[1534]
1535,1535,1535,results/B_mask_20_30_reliability_inference/line_debug/0383_soft.png,/root/autodl-tmp/Inpainting/BundleFusion/B_imgs_gt/office0/03070.jpg,/root/autodl-tmp/Inpainting/masks/irregular_mask/mask_rates_20_30/0011484.png,0383_soft.png,03070.jpg,0011484.png,0383_soft,03070,0011484,"[256, 256]","[256, 256]","[256, 256]",False,False,0.21826171875,14304,11.326514335162427,10.037991821656828,0.015054471790790558,0.018313735723495483,11.766927734940612,0.013580079190433025,0.8065129518508911,0.19586181640625,11.458261937176704,0.018225209787487984,False,0,0,1535,pred[1535] <-> gt[1535] <-> mask[1535]
1536,1536,1536,results/B_mask_20_30_reliability_inference/frames/0384.png,/root/autodl-tmp/Inpainting/BundleFusion/B_imgs_gt/office0/03072.jpg,/root/autodl-tmp/Inpainting/masks/irregular_mask/mask_rates_20_30/0011490.png,0384.png,03072.jpg,0011490.png,0384,03072,0011490,"[256, 256]","[256, 256]","[256, 256]",False,False,0.2029876708984375,13303,14.318345346219939,13.932986391062876,0.36404237151145935,0.4251367747783661,14.422208906140778,0.35010406374931335,0.7884734869003296,0.2821807861328125,14.224765388057277,0.3912546634674072,False,0,0,1536,pred[1536] <-> gt[1536] <-> mask[1536]
1537,1537,1537,results/B_mask_20_30_reliability_inference/line_debug/0384_center.png,/root/autodl-tmp/Inpainting/BundleFusion/B_imgs_gt/office0/03074.jpg,/root/autodl-tmp/Inpainting/masks/irregular_mask/mask_rates_20_30/0011503.png,0384_center.png,03074.jpg,0011503.png,0384_center,03074,0011503,"[256, 256]","[256, 256]","[256, 256]",False,False,0.2653045654296875,17387,10.899126101717266,9.699087721178518,0.00786540936678648,0.007766289170831442,11.429346883064797,0.007887016981840134,0.8391276001930237,0.4112396240234375,11.877153466752874,0.00786540936678648,False,0,0,1537,pred[1537] <-> gt[1537] <-> mask[1537]
1538,1538,1538,results/B_mask_20_30_reliability_inference/line_debug/0384_reliability.png,/root/autodl-tmp/Inpainting/BundleFusion/B_imgs_gt/office0/03076.jpg,/root/autodl-tmp/Inpainting/masks/irregular_mask/mask_rates_20_30/0011511.png,0384_reliability.png,03076.jpg,0011511.png,0384_reliability,03076,0011511,"[256, 256]","[256, 256]","[256, 256]",False,False,0.272125244140625,17834,10.693176894181686,9.048794639310806,0.01131945475935936,0.010558302514255047,11.51331514820371,0.012657515704631805,0.8052371740341187,0.360992431640625,11.771375770635624,0.010754634626209736,False,0,0,1538,pred[1538] <-> gt[1538] <-> mask[1538]
1539,1539,1539,results/B_mask_20_30_reliability_inference/line_debug/0384_soft.png,/root/autodl-tmp/Inpainting/BundleFusion/B_imgs_gt/office0/03078.jpg,/root/autodl-tmp/Inpainting/masks/irregular_mask/mask_rates_20_30/0011524.png,0384_soft.png,03078.jpg,0011524.png,0384_soft,03078,0011524,"[256, 256]","[256, 256]","[256, 256]",False,False,0.268402099609375,17590,10.525457271298473,12.037410221503341,0.012238253839313984,0.012736410833895206,10.080608412951362,0.008046535775065422,0.8067365288734436,0.29681396484375,11.054660279797183,0.012238253839313984,True,0,0,1539,pred[1539] <-> gt[1539] <-> mask[1539]
